file	id	claim	value	unit	year	metric	country	source	url	tier	date	frag	conf	notes
A1_obesity_trend.md	A1-001	Распространённость ожирения в Гаити в 2006 г. составляла 14.7%	14.7	%	2006	age-std, 18+, both sexes, BMI>=30	Haiti	WHO GHO via OWID (S1)	https://github.com/dominicroye/obesity	T1	2026-09-04	`Haiti,HTI,2006,14.7`	HIGH	git mirror; S2 среднее M/W 15.06 (diff 0.36)
A1_obesity_trend.md	A1-002	Распространённость ожирения в Гаити в 2016 г. составляла 22.7%	22.7	%	2016	то же	Haiti	S1	тот же	T1	2026-09-04	`Haiti,HTI,2016,22.7`	HIGH	S2: 23.35
A1_obesity_trend.md	A1-003	Гаити - 1-е место по росту: +8.0 п.п. (+54.4%, 0.80 п.п./год)	8.0	п.п.	2006-2016	разность A1-002 и A1-001	Haiti	расчёт скрипта	data/a1_top8_abs.csv	T1 (производное)	2026-09-04	`1 Haiti HTI 14.7 22.7 8.0 54.4 0.80` (лог)	HIGH	S2 изменение +8.29, ранг 1
A1_obesity_trend.md	A1-004	Ожирение в Доминиканской Республике в 2006 г. - 20.0%	20.0	%	2006	age-std, 18+, both	Dominican Republic	S1	github.com/dominicroye/obesity	T1	2026-09-04	`Dominican Republic,DOM,2006,20`	HIGH	S2: 20.75
A1_obesity_trend.md	A1-005	Ожирение в Доминиканской Республике в 2016 г. - 27.6%	27.6	%	2016	то же	Dominican Republic	S1	тот же	T1	2026-09-04	`Dominican Republic,DOM,2016,27.6`	HIGH	S2: 28.59
A1_obesity_trend.md	A1-006	Доминиканская Республика - 2-е место: +7.6 п.п. (+38.0%)	7.6	п.п.	2006-2016	разность	Dominican Republic	расчёт	data/a1_top8_abs.csv	T1	2026-09-04	`2 Dominican Republic DOM 20.0 27.6 7.6 38.0 0.76`	HIGH	S2 +7.84, ранг 2
A1_obesity_trend.md	A1-007	Ожирение в Коста-Рике в 2006 г. - 18.6%	18.6	%	2006	age-std, 18+, both	Costa Rica	S1	тот же	T1	2026-09-04	`Costa Rica,CRI,2006,18.6`	HIGH	S2: 19.40
A1_obesity_trend.md	A1-008	Ожирение в Коста-Рике в 2016 г. - 25.7%	25.7	%	2016	то же	Costa Rica	S1	тот же	T1	2026-09-04	`Costa Rica,CRI,2016,25.7`	HIGH	S2: 26.68
A1_obesity_trend.md	A1-009	Коста-Рика - 3-е место: +7.1 п.п. (+38.2%)	7.1	п.п.	2006-2016	разность	Costa Rica	расчёт	data/a1_top8_abs.csv	T1	2026-09-04	`3 Costa Rica CRI 18.6 25.7 7.1 38.2 0.71`	HIGH	S2 +7.28, ранг 3
A1_obesity_trend.md	A1-010	Ожирение в ОАЭ в 2006 г. - 25.0%	25.0	%	2006	age-std, 18+, both	United Arab Emirates	S1	тот же	T1	2026-09-04	`United Arab Emirates,ARE,2006,25`	MEDIUM	S2 среднее M/W 29.38: разница 4.38 п.п. > допуска (гипотеза: популяционное взвешивание полов)
A1_obesity_trend.md	A1-011	Ожирение в ОАЭ в 2016 г. - 31.7%	31.7	%	2016	то же	United Arab Emirates	S1	тот же	T1	2026-09-04	`United Arab Emirates,ARE,2016,31.7`	MEDIUM	S2: 35.45 (diff 3.75)
A1_obesity_trend.md	A1-012	ОАЭ - 4-е место: +6.7 п.п. (+26.8%)	6.7	п.п.	2006-2016	разность	United Arab Emirates	расчёт	data/a1_top8_abs.csv	T1	2026-09-04	`4 United Arab Emirates ARE 25.0 31.7 6.7 26.8 0.67`	MEDIUM	по S2 изменение +6.07 (ранг 14): позиция чувствительна
A1_obesity_trend.md	A1-013	Ожирение в Алжире в 2006 г. - 20.8%	20.8	%	2006	age-std, 18+, both	Algeria	S1	тот же	T1	2026-09-04	`Algeria,DZA,2006,20.8`	HIGH	S2: 21.62
A1_obesity_trend.md	A1-014	Ожирение в Алжире в 2016 г. - 27.4%	27.4	%	2016	то же	Algeria	S1	тот же	T1	2026-09-04	`Algeria,DZA,2016,27.4`	HIGH	S2: 28.44
A1_obesity_trend.md	A1-015	Алжир - 5-е место: +6.6 п.п. (+31.7%)	6.6	п.п.	2006-2016	разность	Algeria	расчёт	data/a1_top8_abs.csv	T1	2026-09-04	`5 Algeria DZA 20.8 27.4 6.6 31.7 0.66`	HIGH	S2 +6.83, ранг 4
A1_obesity_trend.md	A1-016	Ожирение в Омане в 2006 г. - 20.5%	20.5	%	2006	age-std, 18+, both	Oman	S1	тот же	T1	2026-09-04	`Oman,OMN,2006,20.5`	MEDIUM	S2: 22.71 (diff 2.21 > допуска)
A1_obesity_trend.md	A1-017	Ожирение в Омане в 2016 г. - 27.0%	27.0	%	2016	то же	Oman	S1	тот же	T1	2026-09-04	`Oman,OMN,2016,27`	MEDIUM	S2: 29.37 (diff 2.37)
A1_obesity_trend.md	A1-018	Оман делит 6-е место: +6.5 п.п. (+31.7%)	6.5	п.п.	2006-2016	разность	Oman	расчёт	data/a1_top8_abs.csv	T1	2026-09-04	`6 Oman OMN 20.5 27.0 6.5 31.7 0.65`	MEDIUM	S2 +6.66, ранг 8
A1_obesity_trend.md	A1-019	Ожирение в Сирии в 2006 г. - 21.3%	21.3	%	2006	age-std, 18+, both	Syria	S1	тот же	T1	2026-09-04	`Syria,SYR,2006,21.3`	MEDIUM	S2: 22.32; нацобследований после 2003 нет
A1_obesity_trend.md	A1-020	Ожирение в Сирии в 2016 г. - 27.8%	27.8	%	2016	то же	Syria	S1	тот же	T1	2026-09-04	`Syria,SYR,2016,27.8`	MEDIUM	S2: 28.87; модельная оценка в условиях конфликта
A1_obesity_trend.md	A1-021	Сирия делит 6-е место: +6.5 п.п. (+30.5%)	6.5	п.п.	2006-2016	разность	Syria	расчёт	data/a1_top8_abs.csv	T1	2026-09-04	`6 Syria SYR 21.3 27.8 6.5 30.5 0.65`	MEDIUM	S2 +6.55, ранг 9
A1_obesity_trend.md	A1-022	Ожирение в Египте в 2006 г. - 25.5%	25.5	%	2006	age-std, 18+, both	Egypt	S1	тот же	T1	2026-09-04	`Egypt,EGY,2006,25.5`	HIGH	S2: 26.30
A1_obesity_trend.md	A1-023	Ожирение в Египте в 2016 г. - 32.0%	32.0	%	2016	то же	Egypt	S1	тот же	T1	2026-09-04	`Egypt,EGY,2016,32`	HIGH	S2: 32.99
A1_obesity_trend.md	A1-024	Египет делит 6-е место: +6.5 п.п. (+25.5%)	6.5	п.п.	2006-2016	разность	Egypt	расчёт	data/a1_top8_abs.csv	T1	2026-09-04	`6 Egypt EGY 25.5 32.0 6.5 25.5 0.65`	HIGH	S2 +6.69, ранг 6
A1_obesity_trend.md	A1-025	Ожирение в США в 2006 г. - 29.7%	29.7	%	2006	age-std, 18+, both	United States	S1	тот же	T1	2026-09-04	`United States,USA,2006,29.7`	HIGH	S2: 30.62
A1_obesity_trend.md	A1-026	Ожирение в США в 2016 г. - 36.2%	36.2	%	2016	то же	United States	S1	тот же	T1	2026-09-04	`United States,USA,2016,36.2`	HIGH	S2: 37.32
A1_obesity_trend.md	A1-027	США делят 6-е место: +6.5 п.п. (+21.9%)	6.5	п.п.	2006-2016	разность	United States	расчёт	data/a1_top8_abs.csv	T1	2026-09-04	`6 United States USA 29.7 36.2 6.5 21.9 0.65`	HIGH	S2 +6.70, ранг 5
A1_obesity_trend.md	A1-028	Турция и Саудовская Аравия делят 10-е место с +6.4 п.п. (25.7 -> 32.1; 29.0 -> 35.4)	6.4	п.п.	2006-2016	разность	Turkey; Saudi Arabia	S1 / расчёт	data/a1_ranking_filtered.csv	T1	2026-09-04	`Turkey,TUR,2006,25.7` `Turkey,TUR,2016,32.1` `Saudi Arabia,SAU,2006,29` `Saudi Arabia,SAU,2016,35.4`	HIGH (Turkey) / MEDIUM (Saudi Arabia: diff 2.4 п.п. с S2)	"кто близко"
A1_obesity_trend.md	A1-029	Тувалу: 43.9% (2006) -> 51.6% (2016), +7.7 п.п., 2-е место без фильтра населения	43.9; 51.6; 7.7	%; п.п.	2006; 2016	age-std, 18+, both	Tuvalu	S1 / расчёт	data/a1_small_states.csv	T1	2026-09-04	`Tuvalu,TUV,2006,43.9` / `Tuvalu,TUV,2016,51.6`	MEDIUM	diff с S2 1.51/1.56 п.п. (граница допуска); S2 изменение +7.75
A1_obesity_trend.md	A1-030	Микронезия: 38.6% (2006) -> 45.8% (2016), +7.2 п.п., 4-е место без фильтра	38.6; 45.8; 7.2	%; п.п.	2006; 2016	age-std, 18+, both	Micronesia (Federated States of)	S1 / расчёт	data/a1_small_states.csv	T1	2026-09-04	`Micronesia (country),FSM,2006,38.6` / `Micronesia (country),FSM,2016,45.8`	MEDIUM	diff с S2 2016: 1.53; S2 изменение +7.02
A1_obesity_trend.md	A1-031	Ниуэ (не член ООН) выросло с 42.1% до 50.0% (+7.9 п.п.) и исключено из рейтинга	7.9	п.п.	2006-2016	age-std, 18+, both	Niue	S1 / расчёт	data/a1_excluded.csv	T1	2026-09-04	`Niue,NIU,2006,42.1` / `Niue,NIU,2016,50`	HIGH	не член ООН по S5 ("2 non-member states (the Cook Islands and Niue)")
A1_obesity_trend.md	A1-032	Острова Кука (не член ООН): 49.9% -> 55.9% (+6.0 п.п.), исключены	6.0	п.п.	2006-2016	то же	Cook Islands	S1 / расчёт	data/a1_excluded.csv	T1	2026-09-04	`Cook Islands,COK,2006,49.9` / `Cook Islands,COK,2016,55.9`	MEDIUM	diff с S2 1.57/1.51
A1_obesity_trend.md	A1-033	"Sudan (former)" (без ISO-кода): 4.3% -> 8.6% (+4.3 п.п.), исключён как историческая сущность	4.3	п.п.	2006-2016	то же	Sudan (former)	S1	data/a1_excluded.csv	T1	2026-09-04	`Sudan (former),,2006,4.3` / `Sudan (former),,2016,8.6`	HIGH	S2 "Sudan" SDN среднее M/W 5.82 -> 8.44
A1_obesity_trend.md	A1-034	Токелау (территория, только в S2): среднее Men/Women 38.21% -> 46.79% (+8.58 п.п.)	8.58	п.п.	2006-2016	age-std, 18+, среднее Men/Women (НЕ both sexes WHO)	Tokelau	NCD-RisC 2017 (S2)	data/a1_ncdrisc_only_entities.csv	T1	2026-09-04	лог: `TKL Tokelau 38.21 46.79 8.58 False`	MEDIUM	git mirror; простое среднее полов
A1_obesity_trend.md	A1-035	Население Гаити в 2023 г. - 11 637 398	11637398	человек	2023	Population, total	Haiti	World Bank (S3)	https://github.com/datasets/population	T1	2026-09-04	`Haiti,HTI,2023,11637398`	HIGH	git mirror
A1_obesity_trend.md	A1-036	Население Доминиканской Республики в 2023 г. - 11 331 265	11331265	человек	2023	Population, total	Dominican Republic	S3	тот же	T1	2026-09-04	`Dominican Republic,DOM,2023,11331265`	HIGH	
A1_obesity_trend.md	A1-037	Население Коста-Рики в 2023 г. - 5 105 525 (проходит порог 5 млн)	5105525	человек	2023	Population, total	Costa Rica	S3	тот же	T1	2026-09-04	`Costa Rica,CRI,2023,5105525`	HIGH	
A1_obesity_trend.md	A1-038	Население ОАЭ в 2023 г. - 10 483 751	10483751	человек	2023	Population, total	United Arab Emirates	S3	тот же	T1	2026-09-04	`United Arab Emirates,ARE,2023,10483751`	HIGH	
A1_obesity_trend.md	A1-039	Население Алжира в 2023 г. - 46 164 219	46164219	человек	2023	Population, total	Algeria	S3	тот же	T1	2026-09-04	`Algeria,DZA,2023,46164219`	HIGH	
A1_obesity_trend.md	A1-040	Население Омана в 2023 г. - 5 049 269 (проходит порог 5 млн)	5049269	человек	2023	Population, total	Oman	S3	тот же	T1	2026-09-04	`Oman,OMN,2023,5049269`	HIGH	
A1_obesity_trend.md	A1-041	Население Сирии в 2023 г. - 23 594 623	23594623	человек	2023	Population, total	Syria	S3	тот же	T1	2026-09-04	`Syrian Arab Republic,SYR,2023,23594623`	HIGH	
A1_obesity_trend.md	A1-042	Население Египта в 2023 г. - 114 535 772	114535772	человек	2023	Population, total	Egypt	S3	тот же	T1	2026-09-04	`"Egypt, Arab Rep.",EGY,2023,114535772`	HIGH	
A1_obesity_trend.md	A1-043	Население США в 2023 г. - 336 806 231	336806231	человек	2023	Population, total	United States	S3	тот же	T1	2026-09-04	`United States,USA,2023,336806231`	HIGH	
A1_obesity_trend.md	A1-044	Население Тувалу 9 816 и Микронезии 112 630 в 2023 г. (< 5 млн)	9816; 112630	человек	2023	Population, total	Tuvalu; Micronesia	S3	тот же	T1	2026-09-04	`Tuvalu,TUV,2023,9816` / `"Micronesia, Fed. Sts.",FSM,2023,112630`	HIGH	
A1_obesity_trend.md	A1-045	Файл S1 согласуется с NCD-RisC 2017: медиана расхождения 0.61 п.п., максимум 4.38 п.п., 22 из 380 пар (12 стран) выше 1.5 п.п.	0.61; 4.38; 22/380	п.п.; пары	2006 и 2016	both sexes (S1) минус среднее Men/Women (S2)	190 стран	расчёт скрипта	data/a1_integrity_summary.csv	T1 (производное)	2026-09-04	`median_abs_diff_pp_2006_2016: 0.6065` / `max_abs_diff_pp_2006_2016: 4.3831` / `n_over_tol_2006_2016: 22`	HIGH	
A1_obesity_trend.md	A1-046	ООН имеет 193 государства-члена (список сохранён в data/un_member_states.csv)	193	государств	на 2026-09-04	таблица "Current members"	-	Wikipedia, Member states of the United Nations	https://en.wikipedia.org/wiki/Member_states_of_the_United_Nations	T3	2026-09-04	"## Current members \	Member state \	Date of admission \
A1_obesity_trend.md	A1-047	ПРОГНОЗ: Atlas 2025 оценивает долю взрослых с ожирением в Гаити в 2025 г. в 12%	12	%	2025 (база NCD-RisC до 2022; горизонт до 2030)	"Adults living with obesity in 2025", тип не помечен	Haiti	World Obesity Atlas 2025 (WOF), стр. 141	https://s3-eu-west-1.amazonaws.com/wof-files/World_Obesity_Atlas_2025_rev1.pdf	T2	2026-09-04	"Adults living with obesity in 2025 / 12%" (стр. 141)	LOW	curl S3; противоречит WHO 2016 (22.7) и карточке GOO 2022 (M 21.9/W 25.2)
A1_obesity_trend.md	A1-048	ПРОГНОЗ: Atlas 2023 - 51% взрослых Гаити с ожирением к 2035 г., ежегодный прирост 2020-2035 3.9%	51; 3.9	%; %/год	2035; 2020-2035	"ADULTS WITH OBESITY 2035"; "ANNUAL INCREASE IN ADULT OBESITY 2020–2035" (CAGR)	Haiti	World Obesity Atlas 2023, стр. 110	https://s3-eu-west-1.amazonaws.com/wof-files/World_Obesity_Atlas_2023_Report.pdf	T2	2026-09-04	"ADULTS WITH OBESITY 2035 / 51% / VERY HIGH"; "IN ADULT OBESITY 2020–2035 / 3.9%"	LOW	curl S3; RTI projections
A1_obesity_trend.md	A1-049	ПРОГНОЗ: Atlas 2022 - 34.0% взрослых Гаити с ожирением к 2030 г. (Men 28.22, Women 39.37)	34.0	%	2030 (база 2010)	"ADULTS WITH OBESITY BY 2030"	Haiti	World Obesity Atlas 2022, стр. 157	https://s3-eu-west-1.amazonaws.com/wof-files/World_Obesity_Atlas_2022.pdf	T2	2026-09-04	"ADULTS WITH OBESITY BY 2030 / 34.0%"	LOW	curl S3
A1_obesity_trend.md	A1-050	ПРОГНОЗ: Доминиканская Республика - Atlas 2025: 32% (2025); Atlas 2023: 51% (2035), прирост 2.9%/год; Atlas 2022: 39.2% (2030)	32; 51; 39.2	%	2025; 2035; 2030	как выше	Dominican Republic	Atlas 2025 стр. 116; Atlas 2023 стр. 86; Atlas 2022 стр. 132	как выше	T2	2026-09-04	"Adults living with obesity in 2025 / 32%"; "OBESITY 2035 / 51%"; "OBESITY BY 2030 / 39.2%"	MEDIUM	curl S3
A1_obesity_trend.md	A1-051	ПРОГНОЗ: Коста-Рика - Atlas 2025: 34% (2025); Atlas 2023: 50% (2035), 3.1%/год; Atlas 2022: 36.6% (2030)	34; 50; 36.6	%	2025; 2035; 2030	как выше	Costa Rica	Atlas 2025 стр. 106; Atlas 2023 стр. 77; Atlas 2022 стр. 122	как выше	T2	2026-09-04	"Adults living with obesity in 2025 / 34%"; "OBESITY 2035 / 50%"; "OBESITY BY 2030 / 36.6%"	MEDIUM	curl S3
A1_obesity_trend.md	A1-052	ПРОГНОЗ: ОАЭ - Atlas 2025: 35% (2025); Atlas 2023: 45% (2035), 1.9%/год; Atlas 2022: 40.6% (2030)	35; 45; 40.6	%	2025; 2035; 2030	как выше	United Arab Emirates	Atlas 2025 стр. 252; Atlas 2023 стр. 214; Atlas 2022 стр. 268	как выше	T2	2026-09-04	"Adults living with obesity in 2025 / 35%"; "OBESITY 2035 / 45%"; "OBESITY BY 2030 / 40.6%"	MEDIUM	curl S3
A1_obesity_trend.md	A1-053	ПРОГНОЗ: Алжир - Atlas 2025: 26% (2025); Atlas 2023: 49% (2035), 2.7%/год; Atlas 2022: 37.4% (2030)	26; 49; 37.4	%	2025; 2035; 2030	как выше	Algeria	Atlas 2025 стр. 66; Atlas 2023 стр. 40; Atlas 2022 стр. 81	как выше	T2	2026-09-04	"Adults living with obesity in 2025 / 26%"; "OBESITY 2035 / 49%"; "OBESITY BY 2030 / 37.4%"	MEDIUM	curl S3
A1_obesity_trend.md	A1-054	ПРОГНОЗ: Оман - Atlas 2025: 36% (2025); Atlas 2023: 52% (2035), 3.0%/год; Atlas 2022: 35.2% (2030)	36; 52; 35.2	%	2025; 2035; 2030	как выше	Oman	Atlas 2025 стр. 196; Atlas 2023 стр. 163; Atlas 2022 стр. 213	как выше	T2	2026-09-04	"Adults living with obesity in 2025 / 36%"; "OBESITY 2035 / 52%"; "OBESITY BY 2030 / 35.2%"	MEDIUM	curl S3
A1_obesity_trend.md	A1-055	ПРОГНОЗ: Сирия - Atlas 2025: 36% (2025); Atlas 2022: 37.4% (2030); в Atlas 2023 отсутствует	36; 37.4	%	2025; 2030	как выше	Syria	Atlas 2025 стр. 236; Atlas 2022 стр. 252	как выше	T2	2026-09-04	"Adults living with obesity in 2025 / 36%"; "OBESITY BY 2030 / 37.4%"	MEDIUM	curl S3
A1_obesity_trend.md	A1-056	ПРОГНОЗ: Египет - Atlas 2025: 48% (2025); Atlas 2023: 49% (2035), 2.0%/год; Atlas 2022: 41.6% (2030)	48; 49; 41.6	%	2025; 2035; 2030	как выше	Egypt	Atlas 2025 стр. 118; Atlas 2023 стр. 88; Atlas 2022 стр. 134	как выше	T2	2026-09-04	"Adults living with obesity in 2025 / 48%"; "OBESITY 2035 / 49%"; "OBESITY BY 2030 / 41.6%"	MEDIUM	curl S3
A1_obesity_trend.md	A1-057	ПРОГНОЗ: США - Atlas 2025: 44% (2025); Atlas 2023: 58% (2035), 2.1%/год; Atlas 2022: 46.9% (2030; Men 46.58, Women 47.13)	44; 58; 46.9	%	2025; 2035; 2030	как выше	United States	Atlas 2025 стр. 254; Atlas 2023 стр. 216; Atlas 2022 стр. 270	как выше	T2	2026-09-04	"Adults living with obesity in 2025 / 44%"; "OBESITY 2035 / 58%"; "OBESITY BY 2030 / 46.9%"	MEDIUM	curl S3
A1_obesity_trend.md	A1-058	ПРОГНОЗ: Тувалу - Atlas 2025: 67% (2025); Atlas 2022: 64.1% (2030); Микронезия - Atlas 2025: 50%; Atlas 2022: 57.2%	67; 64.1; 50; 57.2	%	2025; 2030	как выше	Tuvalu; Micronesia	Atlas 2025 стр. 249 / 125; Atlas 2022 стр. 265 / 194	как выше	T2	2026-09-04	"Adults living with obesity in 2025 / 67%"; "OBESITY BY 2030 / 64.1%"; "Adults living with obesity in 2025 / 50%"; "OBESITY BY 2030 / 57.2%"	MEDIUM	curl S3
A1_obesity_trend.md	A1-059	Atlas 2025 строит прогнозы по age-standardised ряду NCD-RisC 2010-2022 функцией Excel FORECAST	-	-	Atlas 2025	методология	-	World Obesity Atlas 2025, Annex 1, стр. 264	как выше	T2	2026-09-04	"based on the Excel FORECAST function using the data for each country's age-standardised prevalence data for 2010 to 2022, projected forwards to 2030"	HIGH	curl S3
A1_obesity_trend.md	A1-060	Нацобследование Гаити 2016-2017 (35-64 года): ожирение 10.10% (M 2.90, F 17.20)	10.10	%	2016-2017	crude, BMI>=30, 35-64, National	Haiti	Global Obesity Observatory, таблица Prevalence of adult overweight & obesity	https://data.worldobesity.org/tables/prevalence-of-adult-overweight-obesity-2/	T2 (воспроизводит нацобследование)	2026-09-04	"Haiti \	Lower-middle income \	2016-2017 \
A1_obesity_trend.md	A1-061	В городской когорте Порт-о-Пренса 17.1% участников имели ожирение	17.1	%	публ. 2022	BMI>=30, взрослые, Port-au-Prince	Haiti	Dade E. et al., "High prevalence of obesity among women in urban Haiti", Front Public Health (PMC9581236)	https://pmc.ncbi.nlm.nih.gov/articles/PMC9581236/	T1	2026-09-04	"Median BMI was 24.0 kg/m2 (IQR: 20.9-28.1) and 508 (17.1%) participants were obese"	MEDIUM	firecrawl_research (абстракт; полный текст недоступен)
A1_obesity_trend.md	A1-062	NCD-RisC 2024 (данные 2022, 20+): ожирение в Гаити Men 21.9%, Women 25.2%	21.9; 25.2	%	2022	BMI>=30, 20+, по полам (NCD-RisC Lancet 2024)	Haiti	GOO Report card - adults: Haiti	https://data.worldobesity.org/country/haiti-90/report-card-adults-HR.pdf	T2 (воспроизводит T1 NCD-RisC)	2026-09-04	"Adults, 2022. 21.9. 25.2. Men. Women ... Survey type: Measured. Age: 20+. References: NCD Risk Factor Collaboration (NCD-RisC)"	MEDIUM	firecrawl_search (pdf); справка "версия 2022", не для рейтинга
A1_obesity_trend.md	A1-063	Нацобследование Доминиканской Республики 2013 (15-49): ожирение 16.60% (M 13.00, F 20.80)	16.60	%	2013	crude, 15-49, National	Dominican Republic	GOO таблица	https://data.worldobesity.org/tables/prevalence-of-adult-overweight-obesity-2/	T2	2026-09-04	"Dominican Republic \	Upper-middle income \	2013 \
A1_obesity_trend.md	A1-064	Нацобследование Коста-Рики 2008-2009 (20-64): ожирение 25.10% (M 18.90, F 31.30)	25.10	%	2008-2009	crude, 20-64, National	Costa Rica	GOO таблица	тот же	T2	2026-09-04	"Costa Rica \	High income \	2008-2009 \
A1_obesity_trend.md	A1-065	ELANS: распространённость ожирения выше всего в Коста-Рике и Венесуэле (29%)	29	%	ELANS 2014-2015 (публ. 2021)	BMI>=30, городское население 15-65	Costa Rica	"Anthropometric Profile of Latin American Population: Results From the ELANS Study" (PMC8606788)	https://pmc.ncbi.nlm.nih.gov/articles/PMC8606788/	T1	2026-09-04	"The prevalence of obesity was higher in Costa Rica and Venezuela (29%) and lower in Colombia (16%)"	MEDIUM	firecrawl_research (абстракт)
A1_obesity_trend.md	A1-066	NCD-RisC 2024 (2022, 20+): ожирение в Коста-Рике Men 28%, Women 40.8%	28; 40.8	%	2022	BMI>=30, 20+, по полам	Costa Rica	GOO Report card - adults: Costa Rica	https://data.worldobesity.org/country/costa-rica-49/report-card-adults.pdf	T2	2026-09-04	"Adults, 2022. 28. 40.8. Men. Women ... Age: 20+. References: NCD Risk Factor Collaboration"	MEDIUM	firecrawl_search (pdf); справка
A1_obesity_trend.md	A1-067	Нацобследование ОАЭ 2017-2018 (18-69): ожирение 27.80% (M 25.10, F 30.60)	27.80	%	2017-2018	crude, 18-69, National	United Arab Emirates	GOO таблица	https://data.worldobesity.org/tables/prevalence-of-adult-overweight-obesity-2/	T2	2026-09-04	"United Arab Emirates \	High income \	2017-2018 \
A1_obesity_trend.md	A1-068	Обследование Дубая: общая распространённость ожирения 17.8%	17.8	%	публ. 2023	BMI>=30, взрослые, Дубай	United Arab Emirates	"Prevalence and associated risk factors of overweight and obesity among adult population in Dubai" (PMC9884894)	https://pmc.ncbi.nlm.nih.gov/articles/PMC9884894/	T1	2026-09-04	"The overall prevalence of obesity, which was defined as body mass index (BMI) ≥30 kg/m2, was 17.8%"	MEDIUM	firecrawl_research (абстракт)
A1_obesity_trend.md	A1-069	STEPS Алжир 2016-2017 (18-69): ожирение 21.80% (M 14.10, F 30.10)	21.80	%	2016-2017	crude, 18-69, National	Algeria	GOO таблица	тот же	T2	2026-09-04	"Algeria \	Upper-middle income \	2016-2017 \
A1_obesity_trend.md	A1-070	STEPS Оман 2025 (18+): ожирение 27.30% (M 22.30, F 37.30)	27.30	%	2025	crude, 18+, National, Omani + non-Omani	Oman	GOO таблица и страница Oman	https://data.worldobesity.org/country/oman-165/	T2	2026-09-04	"Oman \	High income \	2025 \
A1_obesity_trend.md	A1-071	Нацобследование Сирии 2003 (20-65): ожирение 18.90% (M 15.50, F 22.50)	18.90	%	2003	crude, 20-65, National	Syria	GOO таблица	https://data.worldobesity.org/tables/prevalence-of-adult-overweight-obesity-2/	T2	2026-09-04	"Syrian Arab Republic \	Low income \	2003 \
A1_obesity_trend.md	A1-072	STEPS Египет 2016-2017 (15-69): ожирение 35.70% (M 24.80, F 48.80)	35.70	%	2016-2017	crude, 15-69, National	Egypt	GOO таблица	тот же	T2	2026-09-04	"Egypt \	Lower-middle income \	2016-2017 \
A1_obesity_trend.md	A1-073	Национальный скрининг Египта (~50 млн взрослых): 39.84% с ожирением (women 49.51%, men 29.53%)	39.84	%	публ. 2026 (скрининг 2018-2019)	BMI>=30, взрослые, нацскрининг	Egypt	El-Kassas M., Esmat G., Arab J Gastroenterol (pmid:41839719)	https://pubmed.ncbi.nlm.nih.gov/41839719/	T1	2026-09-04	"national screening recorded anthropometrics for around 50 million adults, with 39.84% meeting obesity criteria (women 49.51%, men 29.53%)"	MEDIUM	firecrawl_research (абстракт); год скрининга в абстракте не указан
A1_obesity_trend.md	A1-074	NHANES: age-adjusted ожирение среди взрослых США 20+ - 34.3% в 2005-2006 и 39.6% в 2015-2016	34.3; 39.6	%	2005-2006; 2015-2016	BMI>=30, 20+, age-adjusted к населению США 2000 г.	United States	CDC/NCHS Health E-Stats, Table 1	https://www.cdc.gov/nchs/data/hestat/obesity-adult-17-18/obesity-adult.htm	T1	2026-09-04	"2005–2006 \	4,356 \	32.6 (0.8) \
A1_obesity_trend.md	A1-075	NHANES 2017-2018: age-adjusted ожирение среди взрослых США 42.4% (crude 42.5%)	42.4	%	2017-2018	BMI>=30, 20+, age-adjusted	United States	CDC/NCHS Data Brief 360	https://www.cdc.gov/nchs/products/databriefs/db360.htm	T1	2026-09-04	"The age-adjusted prevalence of obesity among U.S. adults was 42.4% in 2017–2018"	HIGH	firecrawl_search
A1_obesity_trend.md	A1-076	NHANES Aug 2021-Aug 2023: ожирение среди взрослых США 40.3%	40.3	%	2021-2023	BMI>=30, 20+	United States	CDC/NCHS Data Brief 508	https://www.cdc.gov/nchs/products/databriefs/db508.htm	T1	2026-09-04	"During August 2021–August 2023, the prevalence of obesity in adults was 40.3%"	HIGH	firecrawl_search; GOO таблица воспроизводит: "United States \
A1_obesity_trend.md	A1-077	NCD-RisC 2024 (2022, 20+): ожирение в США Men 43%, Women 45.9%	43; 45.9	%	2022	BMI>=30, 20+, по полам	United States	GOO Report card - adults: United States	https://data.worldobesity.org/country/united-states-227/report-card-adults-DA.pdf	T2	2026-09-04	"Adults, 2022. 43. 45.9. Men. Women ... Age: 20+. References: NCD Risk Factor"	MEDIUM	firecrawl_search (pdf); справка
A1_obesity_trend.md	A1-078	STEPS Тувалу 2015 (18-69): ожирение 62.20% (M 70.70, F 55.20)	62.20	%	2015	crude, 18-69, National	Tuvalu	GOO таблица	https://data.worldobesity.org/tables/prevalence-of-adult-overweight-obesity-2/	T2	2026-09-04	"Tuvalu \	Upper-middle income \	2015 \
A1_obesity_trend.md	A1-079	COMBAT (Тувалу): доля взрослых с ожирением 69.5% в 2020 и 73.2% в 2022	69.5; 73.2	%	2020; 2022	BMI>=30, взрослые, нац. выборка	Tuvalu	"Temporal trends of food consumption patterns in Tuvalu..." (pmid:38810531)	https://pubmed.ncbi.nlm.nih.gov/38810531/	T1	2026-09-04	"The study revealed a high obesity proportion among adults (69.5% in 2020, 73.2% in 2022)"	MEDIUM	firecrawl_research (абстракт)
A1_obesity_trend.md	A1-080	Региональное обследование Микронезии 2014 (18-69): ожирение 37.10% (M 27.50, F 49.60)	37.10	%	2014	crude, 18-69, Regional	Micronesia	GOO таблица	тот же	T2	2026-09-04	"Federated States of Micronesia \	Upper-middle income \	2014 \
A1_obesity_trend.md	A1-081	На Косрае (ФШМ) 59% взрослых 20+ имеют ожирение	59	%	публ. 2006	BMI>30, 20+, Kosrae	Micronesia	"Overweight in the Pacific: links between foreign dependence, global food trade, and obesity in the FSM" (PMC1533815)	https://pmc.ncbi.nlm.nih.gov/articles/PMC1533815/	T1	2026-09-04	"88% of adults aged 20 or older are overweight (BMI > 25), 59% are obese (BMI > 30)"	MEDIUM	firecrawl_research (абстракт)
A2_diabetes_trend.md	A2-001	Распространённость диабета (men) в Egypt в 2004 г. составляла 12.0% (95% UI 8.8-15.8).	12.02	%	2004	age-standardised diabetes prevalence, adults 18+, Men	Egypt	NCD-RisC, Worldwide trends in diabetes since 1980 (Lancet 2016), country file	https://github.com/banerjeemdx/Data-Visualisation-with-Tableau---NCD_RisC-dataset-on-BMI-Body-Mass-index-Diabetes-and-Blood-Pre (зеркало; оригинал ncdrisc.org, заблокирован)	T1 (зеркало GitHub, целостность проверена)	2026-09-04	"Egypt","EGY","Men",2004,0.120157,0.087610,0.158317	MEDIUM	файл в сессии (git mirror);
A2_diabetes_trend.md	A2-002	Распространённость диабета (men) в Egypt в 2014 г. составляла 16.0% (95% UI 10.0-23.6).	15.99	%	2014	age-standardised diabetes prevalence, adults 18+, Men	Egypt	NCD-RisC, Worldwide trends in diabetes since 1980 (Lancet 2016), country file	https://github.com/banerjeemdx/Data-Visualisation-with-Tableau---NCD_RisC-dataset-on-BMI-Body-Mass-index-Diabetes-and-Blood-Pre (зеркало; оригинал ncdrisc.org, заблокирован)	T1 (зеркало GitHub, целостность проверена)	2026-09-04	"Egypt","EGY","Men",2014,0.159915,0.099621,0.236476	HIGH	файл в сессии (git mirror); уровень 2014 сверен в разд. 8
A2_diabetes_trend.md	A2-003	Распространённость диабета (women) в Egypt в 2004 г. составляла 14.8% (95% UI 11.2-19.0).	14.85	%	2004	age-standardised diabetes prevalence, adults 18+, Women	Egypt	NCD-RisC, Worldwide trends in diabetes since 1980 (Lancet 2016), country file	https://github.com/banerjeemdx/Data-Visualisation-with-Tableau---NCD_RisC-dataset-on-BMI-Body-Mass-index-Diabetes-and-Blood-Pre (зеркало; оригинал ncdrisc.org, заблокирован)	T1 (зеркало GitHub, целостность проверена)	2026-09-04	"Egypt","EGY","Women",2004,0.148489,0.111797,0.189928	MEDIUM	файл в сессии (git mirror);
A2_diabetes_trend.md	A2-004	Распространённость диабета (women) в Egypt в 2014 г. составляла 19.8% (95% UI 12.9-28.2).	19.82	%	2014	age-standardised diabetes prevalence, adults 18+, Women	Egypt	NCD-RisC, Worldwide trends in diabetes since 1980 (Lancet 2016), country file	https://github.com/banerjeemdx/Data-Visualisation-with-Tableau---NCD_RisC-dataset-on-BMI-Body-Mass-index-Diabetes-and-Blood-Pre (зеркало; оригинал ncdrisc.org, заблокирован)	T1 (зеркало GitHub, целостность проверена)	2026-09-04	"Egypt","EGY","Women",2014,0.198158,0.128688,0.282343	HIGH	файл в сессии (git mirror); уровень 2014 сверен в разд. 8
A2_diabetes_trend.md	A2-005	Распространённость диабета (оба пола) в Egypt в 2004 г. = 13.43% (среднее Men/Women).	13.43	%	2004	age-standardised diabetes prevalence, adults 18+, both sexes = mean(Men, Women)	Egypt	NCD-RisC, Worldwide trends in diabetes since 1980 (Lancet 2016), country file	https://github.com/banerjeemdx/Data-Visualisation-with-Tableau---NCD_RisC-dataset-on-BMI-Body-Mass-index-Diabetes-and-Blood-Pre (зеркало; оригинал ncdrisc.org, заблокирован)	T1 (расчёт)	2026-09-04	расчёт: (12.016 + 14.849)/2	MEDIUM	a2_diabetes_trend.py; допущение простого среднего
A2_diabetes_trend.md	A2-006	Распространённость диабета (оба пола) в Egypt в 2014 г. = 17.90% (среднее Men/Women).	17.90	%	2014	age-standardised diabetes prevalence, adults 18+, both sexes = mean(Men, Women)	Egypt	NCD-RisC, Worldwide trends in diabetes since 1980 (Lancet 2016), country file	https://github.com/banerjeemdx/Data-Visualisation-with-Tableau---NCD_RisC-dataset-on-BMI-Body-Mass-index-Diabetes-and-Blood-Pre (зеркало; оригинал ncdrisc.org, заблокирован)	T1 (расчёт)	2026-09-04	расчёт: (15.992 + 19.816)/2	HIGH	a2_diabetes_trend.py; допущение простого среднего
A2_diabetes_trend.md	A2-007	Egypt: место 1 основного рейтинга — прирост распространённости диабета 2004→2014 составил +4.47 п.п.	4.47	п.п.	2004-2014	age-standardised diabetes prevalence, adults 18+, both sexes; абсолютное изменение	Egypt	NCD-RisC, Worldwide trends in diabetes since 1980 (Lancet 2016), country file	https://github.com/banerjeemdx/Data-Visualisation-with-Tableau---NCD_RisC-dataset-on-BMI-Body-Mass-index-Diabetes-and-Blood-Pre (зеркало; оригинал ncdrisc.org, заблокирован)	T1 (расчёт)	2026-09-04	расчёт: 17.904 − 13.432	MEDIUM	тренд независимо не подтверждён (разд. 8); ранг среди 123 стран фильтра
A2_diabetes_trend.md	A2-008	Egypt: относительный рост распространённости диабета 2004→2014 = +33.3%.	33.3	%	2004-2014	age-standardised diabetes prevalence, adults 18+, both sexes; относительное изменение	Egypt	NCD-RisC, Worldwide trends in diabetes since 1980 (Lancet 2016), country file	https://github.com/banerjeemdx/Data-Visualisation-with-Tableau---NCD_RisC-dataset-on-BMI-Body-Mass-index-Diabetes-and-Blood-Pre (зеркало; оригинал ncdrisc.org, заблокирован)	T1 (расчёт)	2026-09-04	расчёт: 4.471 / 13.432 × 100	MEDIUM	ранг по отн. росту 14
A2_diabetes_trend.md	A2-009	Egypt: среднегодовой прирост 2004→2014 = 0.45 п.п./год.	0.45	п.п./год	2004-2014	age-standardised diabetes prevalence, adults 18+, both sexes	Egypt	NCD-RisC, Worldwide trends in diabetes since 1980 (Lancet 2016), country file	https://github.com/banerjeemdx/Data-Visualisation-with-Tableau---NCD_RisC-dataset-on-BMI-Body-Mass-index-Diabetes-and-Blood-Pre (зеркало; оригинал ncdrisc.org, заблокирован)	T1 (расчёт)	2026-09-04	расчёт: 4.471 / 10	MEDIUM	
A2_diabetes_trend.md	A2-010	Население Egypt в 2023 г. = 114,535,772 чел.	114535772	чел.	2023	World Bank total population	Egypt	World Bank population (datahub mirror github.com/datasets/population)	https://github.com/datasets/population	T1 (зеркало)	2026-09-04	Egypt,EGY,2023,114535772	MEDIUM	файл в сессии (git mirror)
A2_diabetes_trend.md	A2-011	Распространённость диабета (men) в Iraq в 2004 г. составляла 12.8% (95% UI 9.4-16.8).	12.78	%	2004	age-standardised diabetes prevalence, adults 18+, Men	Iraq	NCD-RisC, Worldwide trends in diabetes since 1980 (Lancet 2016), country file	https://github.com/banerjeemdx/Data-Visualisation-with-Tableau---NCD_RisC-dataset-on-BMI-Body-Mass-index-Diabetes-and-Blood-Pre (зеркало; оригинал ncdrisc.org, заблокирован)	T1 (зеркало GitHub, целостность проверена)	2026-09-04	"Iraq","IRQ","Men",2004,0.127827,0.093750,0.168496	MEDIUM	файл в сессии (git mirror);
A2_diabetes_trend.md	A2-012	Распространённость диабета (men) в Iraq в 2014 г. составляла 17.2% (95% UI 10.7-25.3).	17.23	%	2014	age-standardised diabetes prevalence, adults 18+, Men	Iraq	NCD-RisC, Worldwide trends in diabetes since 1980 (Lancet 2016), country file	https://github.com/banerjeemdx/Data-Visualisation-with-Tableau---NCD_RisC-dataset-on-BMI-Body-Mass-index-Diabetes-and-Blood-Pre (зеркало; оригинал ncdrisc.org, заблокирован)	T1 (зеркало GitHub, целостность проверена)	2026-09-04	"Iraq","IRQ","Men",2014,0.172300,0.106853,0.253385	MEDIUM	файл в сессии (git mirror); уровень 2014 сверен в разд. 8
A2_diabetes_trend.md	A2-013	Распространённость диабета (women) в Iraq в 2004 г. составляла 13.5% (95% UI 10.2-17.6).	13.50	%	2004	age-standardised diabetes prevalence, adults 18+, Women	Iraq	NCD-RisC, Worldwide trends in diabetes since 1980 (Lancet 2016), country file	https://github.com/banerjeemdx/Data-Visualisation-with-Tableau---NCD_RisC-dataset-on-BMI-Body-Mass-index-Diabetes-and-Blood-Pre (зеркало; оригинал ncdrisc.org, заблокирован)	T1 (зеркало GitHub, целостность проверена)	2026-09-04	"Iraq","IRQ","Women",2004,0.135040,0.101740,0.175556	MEDIUM	файл в сессии (git mirror);
A2_diabetes_trend.md	A2-014	Распространённость диабета (women) в Iraq в 2014 г. составляла 17.5% (95% UI 11.1-25.4).	17.49	%	2014	age-standardised diabetes prevalence, adults 18+, Women	Iraq	NCD-RisC, Worldwide trends in diabetes since 1980 (Lancet 2016), country file	https://github.com/banerjeemdx/Data-Visualisation-with-Tableau---NCD_RisC-dataset-on-BMI-Body-Mass-index-Diabetes-and-Blood-Pre (зеркало; оригинал ncdrisc.org, заблокирован)	T1 (зеркало GitHub, целостность проверена)	2026-09-04	"Iraq","IRQ","Women",2014,0.174914,0.111008,0.254115	MEDIUM	файл в сессии (git mirror); уровень 2014 сверен в разд. 8
A2_diabetes_trend.md	A2-015	Распространённость диабета (оба пола) в Iraq в 2004 г. = 13.14% (среднее Men/Women).	13.14	%	2004	age-standardised diabetes prevalence, adults 18+, both sexes = mean(Men, Women)	Iraq	NCD-RisC, Worldwide trends in diabetes since 1980 (Lancet 2016), country file	https://github.com/banerjeemdx/Data-Visualisation-with-Tableau---NCD_RisC-dataset-on-BMI-Body-Mass-index-Diabetes-and-Blood-Pre (зеркало; оригинал ncdrisc.org, заблокирован)	T1 (расчёт)	2026-09-04	расчёт: (12.783 + 13.504)/2	MEDIUM	a2_diabetes_trend.py; допущение простого среднего
A2_diabetes_trend.md	A2-016	Распространённость диабета (оба пола) в Iraq в 2014 г. = 17.36% (среднее Men/Women).	17.36	%	2014	age-standardised diabetes prevalence, adults 18+, both sexes = mean(Men, Women)	Iraq	NCD-RisC, Worldwide trends in diabetes since 1980 (Lancet 2016), country file	https://github.com/banerjeemdx/Data-Visualisation-with-Tableau---NCD_RisC-dataset-on-BMI-Body-Mass-index-Diabetes-and-Blood-Pre (зеркало; оригинал ncdrisc.org, заблокирован)	T1 (расчёт)	2026-09-04	расчёт: (17.230 + 17.491)/2	MEDIUM	a2_diabetes_trend.py; допущение простого среднего
A2_diabetes_trend.md	A2-017	Iraq: место 2 основного рейтинга — прирост распространённости диабета 2004→2014 составил +4.22 п.п.	4.22	п.п.	2004-2014	age-standardised diabetes prevalence, adults 18+, both sexes; абсолютное изменение	Iraq	NCD-RisC, Worldwide trends in diabetes since 1980 (Lancet 2016), country file	https://github.com/banerjeemdx/Data-Visualisation-with-Tableau---NCD_RisC-dataset-on-BMI-Body-Mass-index-Diabetes-and-Blood-Pre (зеркало; оригинал ncdrisc.org, заблокирован)	T1 (расчёт)	2026-09-04	расчёт: 17.361 − 13.143	MEDIUM	тренд независимо не подтверждён (разд. 8); ранг среди 123 стран фильтра
A2_diabetes_trend.md	A2-018	Iraq: относительный рост распространённости диабета 2004→2014 = +32.1%.	32.1	%	2004-2014	age-standardised diabetes prevalence, adults 18+, both sexes; относительное изменение	Iraq	NCD-RisC, Worldwide trends in diabetes since 1980 (Lancet 2016), country file	https://github.com/banerjeemdx/Data-Visualisation-with-Tableau---NCD_RisC-dataset-on-BMI-Body-Mass-index-Diabetes-and-Blood-Pre (зеркало; оригинал ncdrisc.org, заблокирован)	T1 (расчёт)	2026-09-04	расчёт: 4.217 / 13.143 × 100	MEDIUM	ранг по отн. росту 18
A2_diabetes_trend.md	A2-019	Iraq: среднегодовой прирост 2004→2014 = 0.42 п.п./год.	0.42	п.п./год	2004-2014	age-standardised diabetes prevalence, adults 18+, both sexes	Iraq	NCD-RisC, Worldwide trends in diabetes since 1980 (Lancet 2016), country file	https://github.com/banerjeemdx/Data-Visualisation-with-Tableau---NCD_RisC-dataset-on-BMI-Body-Mass-index-Diabetes-and-Blood-Pre (зеркало; оригинал ncdrisc.org, заблокирован)	T1 (расчёт)	2026-09-04	расчёт: 4.217 / 10	MEDIUM	
A2_diabetes_trend.md	A2-020	Население Iraq в 2023 г. = 45,074,049 чел.	45074049	чел.	2023	World Bank total population	Iraq	World Bank population (datahub mirror github.com/datasets/population)	https://github.com/datasets/population	T1 (зеркало)	2026-09-04	Iraq,IRQ,2023,45074049	MEDIUM	файл в сессии (git mirror)
A2_diabetes_trend.md	A2-021	Распространённость диабета (men) в Turkmenistan в 2004 г. составляла 8.6% (95% UI 5.3-12.5).	8.56	%	2004	age-standardised diabetes prevalence, adults 18+, Men	Turkmenistan	NCD-RisC, Worldwide trends in diabetes since 1980 (Lancet 2016), country file	https://github.com/banerjeemdx/Data-Visualisation-with-Tableau---NCD_RisC-dataset-on-BMI-Body-Mass-index-Diabetes-and-Blood-Pre (зеркало; оригинал ncdrisc.org, заблокирован)	T1 (зеркало GitHub, целостность проверена)	2026-09-04	"Turkmenistan","TKM","Men",2004,0.085591,0.052809,0.124760	MEDIUM	файл в сессии (git mirror);
A2_diabetes_trend.md	A2-022	Распространённость диабета (men) в Turkmenistan в 2014 г. составляла 12.4% (95% UI 6.9-19.6).	12.35	%	2014	age-standardised diabetes prevalence, adults 18+, Men	Turkmenistan	NCD-RisC, Worldwide trends in diabetes since 1980 (Lancet 2016), country file	https://github.com/banerjeemdx/Data-Visualisation-with-Tableau---NCD_RisC-dataset-on-BMI-Body-Mass-index-Diabetes-and-Blood-Pre (зеркало; оригинал ncdrisc.org, заблокирован)	T1 (зеркало GitHub, целостность проверена)	2026-09-04	"Turkmenistan","TKM","Men",2014,0.123523,0.069173,0.196316	LOW	файл в сессии (git mirror); уровень 2014 сверен в разд. 8
A2_diabetes_trend.md	A2-023	Распространённость диабета (women) в Turkmenistan в 2004 г. составляла 8.1% (95% UI 5.0-12.0).	8.05	%	2004	age-standardised diabetes prevalence, adults 18+, Women	Turkmenistan	NCD-RisC, Worldwide trends in diabetes since 1980 (Lancet 2016), country file	https://github.com/banerjeemdx/Data-Visualisation-with-Tableau---NCD_RisC-dataset-on-BMI-Body-Mass-index-Diabetes-and-Blood-Pre (зеркало; оригинал ncdrisc.org, заблокирован)	T1 (зеркало GitHub, целостность проверена)	2026-09-04	"Turkmenistan","TKM","Women",2004,0.080519,0.050331,0.119742	MEDIUM	файл в сессии (git mirror);
A2_diabetes_trend.md	A2-024	Распространённость диабета (women) в Turkmenistan в 2014 г. составляла 12.0% (95% UI 6.9-18.8).	11.98	%	2014	age-standardised diabetes prevalence, adults 18+, Women	Turkmenistan	NCD-RisC, Worldwide trends in diabetes since 1980 (Lancet 2016), country file	https://github.com/banerjeemdx/Data-Visualisation-with-Tableau---NCD_RisC-dataset-on-BMI-Body-Mass-index-Diabetes-and-Blood-Pre (зеркало; оригинал ncdrisc.org, заблокирован)	T1 (зеркало GitHub, целостность проверена)	2026-09-04	"Turkmenistan","TKM","Women",2014,0.119819,0.069253,0.187770	LOW	файл в сессии (git mirror); уровень 2014 сверен в разд. 8
A2_diabetes_trend.md	A2-025	Распространённость диабета (оба пола) в Turkmenistan в 2004 г. = 8.31% (среднее Men/Women).	8.31	%	2004	age-standardised diabetes prevalence, adults 18+, both sexes = mean(Men, Women)	Turkmenistan	NCD-RisC, Worldwide trends in diabetes since 1980 (Lancet 2016), country file	https://github.com/banerjeemdx/Data-Visualisation-with-Tableau---NCD_RisC-dataset-on-BMI-Body-Mass-index-Diabetes-and-Blood-Pre (зеркало; оригинал ncdrisc.org, заблокирован)	T1 (расчёт)	2026-09-04	расчёт: (8.559 + 8.052)/2	MEDIUM	a2_diabetes_trend.py; допущение простого среднего
A2_diabetes_trend.md	A2-026	Распространённость диабета (оба пола) в Turkmenistan в 2014 г. = 12.17% (среднее Men/Women).	12.17	%	2014	age-standardised diabetes prevalence, adults 18+, both sexes = mean(Men, Women)	Turkmenistan	NCD-RisC, Worldwide trends in diabetes since 1980 (Lancet 2016), country file	https://github.com/banerjeemdx/Data-Visualisation-with-Tableau---NCD_RisC-dataset-on-BMI-Body-Mass-index-Diabetes-and-Blood-Pre (зеркало; оригинал ncdrisc.org, заблокирован)	T1 (расчёт)	2026-09-04	расчёт: (12.352 + 11.982)/2	LOW	a2_diabetes_trend.py; допущение простого среднего
A2_diabetes_trend.md	A2-027	Turkmenistan: место 3 основного рейтинга — прирост распространённости диабета 2004→2014 составил +3.86 п.п.	3.86	п.п.	2004-2014	age-standardised diabetes prevalence, adults 18+, both sexes; абсолютное изменение	Turkmenistan	NCD-RisC, Worldwide trends in diabetes since 1980 (Lancet 2016), country file	https://github.com/banerjeemdx/Data-Visualisation-with-Tableau---NCD_RisC-dataset-on-BMI-Body-Mass-index-Diabetes-and-Blood-Pre (зеркало; оригинал ncdrisc.org, заблокирован)	T1 (расчёт)	2026-09-04	расчёт: 12.167 − 8.306	MEDIUM	тренд независимо не подтверждён (разд. 8); ранг среди 123 стран фильтра
A2_diabetes_trend.md	A2-028	Turkmenistan: относительный рост распространённости диабета 2004→2014 = +46.5%.	46.5	%	2004-2014	age-standardised diabetes prevalence, adults 18+, both sexes; относительное изменение	Turkmenistan	NCD-RisC, Worldwide trends in diabetes since 1980 (Lancet 2016), country file	https://github.com/banerjeemdx/Data-Visualisation-with-Tableau---NCD_RisC-dataset-on-BMI-Body-Mass-index-Diabetes-and-Blood-Pre (зеркало; оригинал ncdrisc.org, заблокирован)	T1 (расчёт)	2026-09-04	расчёт: 3.862 / 8.306 × 100	MEDIUM	ранг по отн. росту 1
A2_diabetes_trend.md	A2-029	Turkmenistan: среднегодовой прирост 2004→2014 = 0.39 п.п./год.	0.39	п.п./год	2004-2014	age-standardised diabetes prevalence, adults 18+, both sexes	Turkmenistan	NCD-RisC, Worldwide trends in diabetes since 1980 (Lancet 2016), country file	https://github.com/banerjeemdx/Data-Visualisation-with-Tableau---NCD_RisC-dataset-on-BMI-Body-Mass-index-Diabetes-and-Blood-Pre (зеркало; оригинал ncdrisc.org, заблокирован)	T1 (расчёт)	2026-09-04	расчёт: 3.862 / 10	MEDIUM	
A2_diabetes_trend.md	A2-030	Население Turkmenistan в 2023 г. = 7,364,438 чел.	7364438	чел.	2023	World Bank total population	Turkmenistan	World Bank population (datahub mirror github.com/datasets/population)	https://github.com/datasets/population	T1 (зеркало)	2026-09-04	Turkmenistan,TKM,2023,7364438	MEDIUM	файл в сессии (git mirror)
A2_diabetes_trend.md	A2-031	Распространённость диабета (men) в Lebanon в 2004 г. составляла 10.0% (95% UI 6.5-14.5).	10.01	%	2004	age-standardised diabetes prevalence, adults 18+, Men	Lebanon	NCD-RisC, Worldwide trends in diabetes since 1980 (Lancet 2016), country file	https://github.com/banerjeemdx/Data-Visualisation-with-Tableau---NCD_RisC-dataset-on-BMI-Body-Mass-index-Diabetes-and-Blood-Pre (зеркало; оригинал ncdrisc.org, заблокирован)	T1 (зеркало GitHub, целостность проверена)	2026-09-04	"Lebanon","LBN","Men",2004,0.100103,0.065412,0.144887	MEDIUM	файл в сессии (git mirror);
A2_diabetes_trend.md	A2-032	Распространённость диабета (men) в Lebanon в 2014 г. составляла 14.5% (95% UI 8.7-21.8).	14.47	%	2014	age-standardised diabetes prevalence, adults 18+, Men	Lebanon	NCD-RisC, Worldwide trends in diabetes since 1980 (Lancet 2016), country file	https://github.com/banerjeemdx/Data-Visualisation-with-Tableau---NCD_RisC-dataset-on-BMI-Body-Mass-index-Diabetes-and-Blood-Pre (зеркало; оригинал ncdrisc.org, заблокирован)	T1 (зеркало GitHub, целостность проверена)	2026-09-04	"Lebanon","LBN","Men",2014,0.144659,0.086658,0.217656	MEDIUM	файл в сессии (git mirror); уровень 2014 сверен в разд. 8
A2_diabetes_trend.md	A2-033	Распространённость диабета (women) в Lebanon в 2004 г. составляла 9.2% (95% UI 5.9-13.3).	9.17	%	2004	age-standardised diabetes prevalence, adults 18+, Women	Lebanon	NCD-RisC, Worldwide trends in diabetes since 1980 (Lancet 2016), country file	https://github.com/banerjeemdx/Data-Visualisation-with-Tableau---NCD_RisC-dataset-on-BMI-Body-Mass-index-Diabetes-and-Blood-Pre (зеркало; оригинал ncdrisc.org, заблокирован)	T1 (зеркало GitHub, целостность проверена)	2026-09-04	"Lebanon","LBN","Women",2004,0.091702,0.059122,0.132503	MEDIUM	файл в сессии (git mirror);
A2_diabetes_trend.md	A2-034	Распространённость диабета (women) в Lebanon в 2014 г. составляла 12.2% (95% UI 7.4-18.5).	12.24	%	2014	age-standardised diabetes prevalence, adults 18+, Women	Lebanon	NCD-RisC, Worldwide trends in diabetes since 1980 (Lancet 2016), country file	https://github.com/banerjeemdx/Data-Visualisation-with-Tableau---NCD_RisC-dataset-on-BMI-Body-Mass-index-Diabetes-and-Blood-Pre (зеркало; оригинал ncdrisc.org, заблокирован)	T1 (зеркало GitHub, целостность проверена)	2026-09-04	"Lebanon","LBN","Women",2014,0.122357,0.073501,0.184959	MEDIUM	файл в сессии (git mirror); уровень 2014 сверен в разд. 8
A2_diabetes_trend.md	A2-035	Распространённость диабета (оба пола) в Lebanon в 2004 г. = 9.59% (среднее Men/Women).	9.59	%	2004	age-standardised diabetes prevalence, adults 18+, both sexes = mean(Men, Women)	Lebanon	NCD-RisC, Worldwide trends in diabetes since 1980 (Lancet 2016), country file	https://github.com/banerjeemdx/Data-Visualisation-with-Tableau---NCD_RisC-dataset-on-BMI-Body-Mass-index-Diabetes-and-Blood-Pre (зеркало; оригинал ncdrisc.org, заблокирован)	T1 (расчёт)	2026-09-04	расчёт: (10.010 + 9.170)/2	MEDIUM	a2_diabetes_trend.py; допущение простого среднего
A2_diabetes_trend.md	A2-036	Распространённость диабета (оба пола) в Lebanon в 2014 г. = 13.35% (среднее Men/Women).	13.35	%	2014	age-standardised diabetes prevalence, adults 18+, both sexes = mean(Men, Women)	Lebanon	NCD-RisC, Worldwide trends in diabetes since 1980 (Lancet 2016), country file	https://github.com/banerjeemdx/Data-Visualisation-with-Tableau---NCD_RisC-dataset-on-BMI-Body-Mass-index-Diabetes-and-Blood-Pre (зеркало; оригинал ncdrisc.org, заблокирован)	T1 (расчёт)	2026-09-04	расчёт: (14.466 + 12.236)/2	MEDIUM	a2_diabetes_trend.py; допущение простого среднего
A2_diabetes_trend.md	A2-037	Lebanon: место 4 основного рейтинга — прирост распространённости диабета 2004→2014 составил +3.76 п.п.	3.76	п.п.	2004-2014	age-standardised diabetes prevalence, adults 18+, both sexes; абсолютное изменение	Lebanon	NCD-RisC, Worldwide trends in diabetes since 1980 (Lancet 2016), country file	https://github.com/banerjeemdx/Data-Visualisation-with-Tableau---NCD_RisC-dataset-on-BMI-Body-Mass-index-Diabetes-and-Blood-Pre (зеркало; оригинал ncdrisc.org, заблокирован)	T1 (расчёт)	2026-09-04	расчёт: 13.351 − 9.590	MEDIUM	тренд независимо не подтверждён (разд. 8); ранг среди 123 стран фильтра
A2_diabetes_trend.md	A2-038	Lebanon: относительный рост распространённости диабета 2004→2014 = +39.2%.	39.2	%	2004-2014	age-standardised diabetes prevalence, adults 18+, both sexes; относительное изменение	Lebanon	NCD-RisC, Worldwide trends in diabetes since 1980 (Lancet 2016), country file	https://github.com/banerjeemdx/Data-Visualisation-with-Tableau---NCD_RisC-dataset-on-BMI-Body-Mass-index-Diabetes-and-Blood-Pre (зеркало; оригинал ncdrisc.org, заблокирован)	T1 (расчёт)	2026-09-04	расчёт: 3.761 / 9.590 × 100	MEDIUM	ранг по отн. росту 5
A2_diabetes_trend.md	A2-039	Lebanon: среднегодовой прирост 2004→2014 = 0.38 п.п./год.	0.38	п.п./год	2004-2014	age-standardised diabetes prevalence, adults 18+, both sexes	Lebanon	NCD-RisC, Worldwide trends in diabetes since 1980 (Lancet 2016), country file	https://github.com/banerjeemdx/Data-Visualisation-with-Tableau---NCD_RisC-dataset-on-BMI-Body-Mass-index-Diabetes-and-Blood-Pre (зеркало; оригинал ncdrisc.org, заблокирован)	T1 (расчёт)	2026-09-04	расчёт: 3.761 / 10	MEDIUM	
A2_diabetes_trend.md	A2-040	Население Lebanon в 2023 г. = 5,773,493 чел.	5773493	чел.	2023	World Bank total population	Lebanon	World Bank population (datahub mirror github.com/datasets/population)	https://github.com/datasets/population	T1 (зеркало)	2026-09-04	Lebanon,LBN,2023,5773493	MEDIUM	файл в сессии (git mirror)
A2_diabetes_trend.md	A2-041	Распространённость диабета (men) в Papua New Guinea в 2004 г. составляла 11.9% (95% UI 7.6-17.1).	11.85	%	2004	age-standardised diabetes prevalence, adults 18+, Men	Papua New Guinea	NCD-RisC, Worldwide trends in diabetes since 1980 (Lancet 2016), country file	https://github.com/banerjeemdx/Data-Visualisation-with-Tableau---NCD_RisC-dataset-on-BMI-Body-Mass-index-Diabetes-and-Blood-Pre (зеркало; оригинал ncdrisc.org, заблокирован)	T1 (зеркало GitHub, целостность проверена)	2026-09-04	"Papua New Guinea","PNG","Men",2004,0.118544,0.076213,0.170503	MEDIUM	файл в сессии (git mirror);
A2_diabetes_trend.md	A2-042	Распространённость диабета (men) в Papua New Guinea в 2014 г. составляла 15.4% (95% UI 7.4-25.9).	15.36	%	2014	age-standardised diabetes prevalence, adults 18+, Men	Papua New Guinea	NCD-RisC, Worldwide trends in diabetes since 1980 (Lancet 2016), country file	https://github.com/banerjeemdx/Data-Visualisation-with-Tableau---NCD_RisC-dataset-on-BMI-Body-Mass-index-Diabetes-and-Blood-Pre (зеркало; оригинал ncdrisc.org, заблокирован)	T1 (зеркало GitHub, целостность проверена)	2026-09-04	"Papua New Guinea","PNG","Men",2014,0.153570,0.074396,0.258939	MEDIUM	файл в сессии (git mirror); уровень 2014 сверен в разд. 8
A2_diabetes_trend.md	A2-043	Распространённость диабета (women) в Papua New Guinea в 2004 г. составляла 10.9% (95% UI 7.0-15.9).	10.91	%	2004	age-standardised diabetes prevalence, adults 18+, Women	Papua New Guinea	NCD-RisC, Worldwide trends in diabetes since 1980 (Lancet 2016), country file	https://github.com/banerjeemdx/Data-Visualisation-with-Tableau---NCD_RisC-dataset-on-BMI-Body-Mass-index-Diabetes-and-Blood-Pre (зеркало; оригинал ncdrisc.org, заблокирован)	T1 (зеркало GitHub, целостность проверена)	2026-09-04	"Papua New Guinea","PNG","Women",2004,0.109131,0.069820,0.158915	MEDIUM	файл в сессии (git mirror);
A2_diabetes_trend.md	A2-044	Распространённость диабета (women) в Papua New Guinea в 2014 г. составляла 14.3% (95% UI 7.1-24.3).	14.32	%	2014	age-standardised diabetes prevalence, adults 18+, Women	Papua New Guinea	NCD-RisC, Worldwide trends in diabetes since 1980 (Lancet 2016), country file	https://github.com/banerjeemdx/Data-Visualisation-with-Tableau---NCD_RisC-dataset-on-BMI-Body-Mass-index-Diabetes-and-Blood-Pre (зеркало; оригинал ncdrisc.org, заблокирован)	T1 (зеркало GitHub, целостность проверена)	2026-09-04	"Papua New Guinea","PNG","Women",2014,0.143211,0.071128,0.243107	MEDIUM	файл в сессии (git mirror); уровень 2014 сверен в разд. 8
A2_diabetes_trend.md	A2-045	Распространённость диабета (оба пола) в Papua New Guinea в 2004 г. = 11.38% (среднее Men/Women).	11.38	%	2004	age-standardised diabetes prevalence, adults 18+, both sexes = mean(Men, Women)	Papua New Guinea	NCD-RisC, Worldwide trends in diabetes since 1980 (Lancet 2016), country file	https://github.com/banerjeemdx/Data-Visualisation-with-Tableau---NCD_RisC-dataset-on-BMI-Body-Mass-index-Diabetes-and-Blood-Pre (зеркало; оригинал ncdrisc.org, заблокирован)	T1 (расчёт)	2026-09-04	расчёт: (11.854 + 10.913)/2	MEDIUM	a2_diabetes_trend.py; допущение простого среднего
A2_diabetes_trend.md	A2-046	Распространённость диабета (оба пола) в Papua New Guinea в 2014 г. = 14.84% (среднее Men/Women).	14.84	%	2014	age-standardised diabetes prevalence, adults 18+, both sexes = mean(Men, Women)	Papua New Guinea	NCD-RisC, Worldwide trends in diabetes since 1980 (Lancet 2016), country file	https://github.com/banerjeemdx/Data-Visualisation-with-Tableau---NCD_RisC-dataset-on-BMI-Body-Mass-index-Diabetes-and-Blood-Pre (зеркало; оригинал ncdrisc.org, заблокирован)	T1 (расчёт)	2026-09-04	расчёт: (15.357 + 14.321)/2	MEDIUM	a2_diabetes_trend.py; допущение простого среднего
A2_diabetes_trend.md	A2-047	Papua New Guinea: место 5 основного рейтинга — прирост распространённости диабета 2004→2014 составил +3.46 п.п.	3.46	п.п.	2004-2014	age-standardised diabetes prevalence, adults 18+, both sexes; абсолютное изменение	Papua New Guinea	NCD-RisC, Worldwide trends in diabetes since 1980 (Lancet 2016), country file	https://github.com/banerjeemdx/Data-Visualisation-with-Tableau---NCD_RisC-dataset-on-BMI-Body-Mass-index-Diabetes-and-Blood-Pre (зеркало; оригинал ncdrisc.org, заблокирован)	T1 (расчёт)	2026-09-04	расчёт: 14.839 − 11.384	MEDIUM	тренд независимо не подтверждён (разд. 8); ранг среди 123 стран фильтра
A2_diabetes_trend.md	A2-048	Papua New Guinea: относительный рост распространённости диабета 2004→2014 = +30.4%.	30.4	%	2004-2014	age-standardised diabetes prevalence, adults 18+, both sexes; относительное изменение	Papua New Guinea	NCD-RisC, Worldwide trends in diabetes since 1980 (Lancet 2016), country file	https://github.com/banerjeemdx/Data-Visualisation-with-Tableau---NCD_RisC-dataset-on-BMI-Body-Mass-index-Diabetes-and-Blood-Pre (зеркало; оригинал ncdrisc.org, заблокирован)	T1 (расчёт)	2026-09-04	расчёт: 3.455 / 11.384 × 100	MEDIUM	ранг по отн. росту 21
A2_diabetes_trend.md	A2-049	Papua New Guinea: среднегодовой прирост 2004→2014 = 0.35 п.п./год.	0.35	п.п./год	2004-2014	age-standardised diabetes prevalence, adults 18+, both sexes	Papua New Guinea	NCD-RisC, Worldwide trends in diabetes since 1980 (Lancet 2016), country file	https://github.com/banerjeemdx/Data-Visualisation-with-Tableau---NCD_RisC-dataset-on-BMI-Body-Mass-index-Diabetes-and-Blood-Pre (зеркало; оригинал ncdrisc.org, заблокирован)	T1 (расчёт)	2026-09-04	расчёт: 3.455 / 10	MEDIUM	
A2_diabetes_trend.md	A2-050	Население Papua New Guinea в 2023 г. = 10,389,635 чел.	10389635	чел.	2023	World Bank total population	Papua New Guinea	World Bank population (datahub mirror github.com/datasets/population)	https://github.com/datasets/population	T1 (зеркало)	2026-09-04	Papua New Guinea,PNG,2023,10389635	MEDIUM	файл в сессии (git mirror)
A2_diabetes_trend.md	A2-051	Распространённость диабета (men) в Morocco в 2004 г. составляла 10.3% (95% UI 7.3-13.9).	10.32	%	2004	age-standardised diabetes prevalence, adults 18+, Men	Morocco	NCD-RisC, Worldwide trends in diabetes since 1980 (Lancet 2016), country file	https://github.com/banerjeemdx/Data-Visualisation-with-Tableau---NCD_RisC-dataset-on-BMI-Body-Mass-index-Diabetes-and-Blood-Pre (зеркало; оригинал ncdrisc.org, заблокирован)	T1 (зеркало GitHub, целостность проверена)	2026-09-04	"Morocco","MAR","Men",2004,0.103215,0.073402,0.139296	MEDIUM	файл в сессии (git mirror);
A2_diabetes_trend.md	A2-052	Распространённость диабета (men) в Morocco в 2014 г. составляла 14.0% (95% UI 8.4-21.5).	14.04	%	2014	age-standardised diabetes prevalence, adults 18+, Men	Morocco	NCD-RisC, Worldwide trends in diabetes since 1980 (Lancet 2016), country file	https://github.com/banerjeemdx/Data-Visualisation-with-Tableau---NCD_RisC-dataset-on-BMI-Body-Mass-index-Diabetes-and-Blood-Pre (зеркало; оригинал ncdrisc.org, заблокирован)	T1 (зеркало GitHub, целостность проверена)	2026-09-04	"Morocco","MAR","Men",2014,0.140417,0.083888,0.214632	HIGH	файл в сессии (git mirror); уровень 2014 сверен в разд. 8
A2_diabetes_trend.md	A2-053	Распространённость диабета (women) в Morocco в 2004 г. составляла 10.3% (95% UI 7.4-13.9).	10.27	%	2004	age-standardised diabetes prevalence, adults 18+, Women	Morocco	NCD-RisC, Worldwide trends in diabetes since 1980 (Lancet 2016), country file	https://github.com/banerjeemdx/Data-Visualisation-with-Tableau---NCD_RisC-dataset-on-BMI-Body-Mass-index-Diabetes-and-Blood-Pre (зеркало; оригинал ncdrisc.org, заблокирован)	T1 (зеркало GitHub, целостность проверена)	2026-09-04	"Morocco","MAR","Women",2004,0.102744,0.073881,0.138543	MEDIUM	файл в сессии (git mirror);
A2_diabetes_trend.md	A2-054	Распространённость диабета (women) в Morocco в 2014 г. составляла 13.4% (95% UI 8.1-20.5).	13.40	%	2014	age-standardised diabetes prevalence, adults 18+, Women	Morocco	NCD-RisC, Worldwide trends in diabetes since 1980 (Lancet 2016), country file	https://github.com/banerjeemdx/Data-Visualisation-with-Tableau---NCD_RisC-dataset-on-BMI-Body-Mass-index-Diabetes-and-Blood-Pre (зеркало; оригинал ncdrisc.org, заблокирован)	T1 (зеркало GitHub, целостность проверена)	2026-09-04	"Morocco","MAR","Women",2014,0.133969,0.080999,0.205184	HIGH	файл в сессии (git mirror); уровень 2014 сверен в разд. 8
A2_diabetes_trend.md	A2-055	Распространённость диабета (оба пола) в Morocco в 2004 г. = 10.30% (среднее Men/Women).	10.30	%	2004	age-standardised diabetes prevalence, adults 18+, both sexes = mean(Men, Women)	Morocco	NCD-RisC, Worldwide trends in diabetes since 1980 (Lancet 2016), country file	https://github.com/banerjeemdx/Data-Visualisation-with-Tableau---NCD_RisC-dataset-on-BMI-Body-Mass-index-Diabetes-and-Blood-Pre (зеркало; оригинал ncdrisc.org, заблокирован)	T1 (расчёт)	2026-09-04	расчёт: (10.321 + 10.274)/2	MEDIUM	a2_diabetes_trend.py; допущение простого среднего
A2_diabetes_trend.md	A2-056	Распространённость диабета (оба пола) в Morocco в 2014 г. = 13.72% (среднее Men/Women).	13.72	%	2014	age-standardised diabetes prevalence, adults 18+, both sexes = mean(Men, Women)	Morocco	NCD-RisC, Worldwide trends in diabetes since 1980 (Lancet 2016), country file	https://github.com/banerjeemdx/Data-Visualisation-with-Tableau---NCD_RisC-dataset-on-BMI-Body-Mass-index-Diabetes-and-Blood-Pre (зеркало; оригинал ncdrisc.org, заблокирован)	T1 (расчёт)	2026-09-04	расчёт: (14.042 + 13.397)/2	HIGH	a2_diabetes_trend.py; допущение простого среднего
A2_diabetes_trend.md	A2-057	Morocco: место 6 основного рейтинга — прирост распространённости диабета 2004→2014 составил +3.42 п.п.	3.42	п.п.	2004-2014	age-standardised diabetes prevalence, adults 18+, both sexes; абсолютное изменение	Morocco	NCD-RisC, Worldwide trends in diabetes since 1980 (Lancet 2016), country file	https://github.com/banerjeemdx/Data-Visualisation-with-Tableau---NCD_RisC-dataset-on-BMI-Body-Mass-index-Diabetes-and-Blood-Pre (зеркало; оригинал ncdrisc.org, заблокирован)	T1 (расчёт)	2026-09-04	расчёт: 13.719 − 10.298	MEDIUM	тренд независимо не подтверждён (разд. 8); ранг среди 123 стран фильтра
A2_diabetes_trend.md	A2-058	Morocco: относительный рост распространённости диабета 2004→2014 = +33.2%.	33.2	%	2004-2014	age-standardised diabetes prevalence, adults 18+, both sexes; относительное изменение	Morocco	NCD-RisC, Worldwide trends in diabetes since 1980 (Lancet 2016), country file	https://github.com/banerjeemdx/Data-Visualisation-with-Tableau---NCD_RisC-dataset-on-BMI-Body-Mass-index-Diabetes-and-Blood-Pre (зеркало; оригинал ncdrisc.org, заблокирован)	T1 (расчёт)	2026-09-04	расчёт: 3.421 / 10.298 × 100	MEDIUM	ранг по отн. росту 15
A2_diabetes_trend.md	A2-059	Morocco: среднегодовой прирост 2004→2014 = 0.34 п.п./год.	0.34	п.п./год	2004-2014	age-standardised diabetes prevalence, adults 18+, both sexes	Morocco	NCD-RisC, Worldwide trends in diabetes since 1980 (Lancet 2016), country file	https://github.com/banerjeemdx/Data-Visualisation-with-Tableau---NCD_RisC-dataset-on-BMI-Body-Mass-index-Diabetes-and-Blood-Pre (зеркало; оригинал ncdrisc.org, заблокирован)	T1 (расчёт)	2026-09-04	расчёт: 3.421 / 10	MEDIUM	
A2_diabetes_trend.md	A2-060	Население Morocco в 2023 г. = 37,712,505 чел.	37712505	чел.	2023	World Bank total population	Morocco	World Bank population (datahub mirror github.com/datasets/population)	https://github.com/datasets/population	T1 (зеркало)	2026-09-04	Morocco,MAR,2023,37712505	MEDIUM	файл в сессии (git mirror)
A2_diabetes_trend.md	A2-061	Распространённость диабета (men) в Yemen в 2004 г. составляла 8.8% (95% UI 5.5-12.9).	8.78	%	2004	age-standardised diabetes prevalence, adults 18+, Men	Yemen	NCD-RisC, Worldwide trends in diabetes since 1980 (Lancet 2016), country file	https://github.com/banerjeemdx/Data-Visualisation-with-Tableau---NCD_RisC-dataset-on-BMI-Body-Mass-index-Diabetes-and-Blood-Pre (зеркало; оригинал ncdrisc.org, заблокирован)	T1 (зеркало GitHub, целостность проверена)	2026-09-04	"Yemen","YEM","Men",2004,0.087826,0.055176,0.128947	MEDIUM	файл в сессии (git mirror);
A2_diabetes_trend.md	A2-062	Распространённость диабета (men) в Yemen в 2014 г. составляла 12.6% (95% UI 6.7-20.6).	12.59	%	2014	age-standardised diabetes prevalence, adults 18+, Men	Yemen	NCD-RisC, Worldwide trends in diabetes since 1980 (Lancet 2016), country file	https://github.com/banerjeemdx/Data-Visualisation-with-Tableau---NCD_RisC-dataset-on-BMI-Body-Mass-index-Diabetes-and-Blood-Pre (зеркало; оригинал ncdrisc.org, заблокирован)	T1 (зеркало GitHub, целостность проверена)	2026-09-04	"Yemen","YEM","Men",2014,0.125920,0.066533,0.205520	LOW	файл в сессии (git mirror); уровень 2014 сверен в разд. 8
A2_diabetes_trend.md	A2-063	Распространённость диабета (women) в Yemen в 2004 г. составляла 7.2% (95% UI 4.4-10.8).	7.18	%	2004	age-standardised diabetes prevalence, adults 18+, Women	Yemen	NCD-RisC, Worldwide trends in diabetes since 1980 (Lancet 2016), country file	https://github.com/banerjeemdx/Data-Visualisation-with-Tableau---NCD_RisC-dataset-on-BMI-Body-Mass-index-Diabetes-and-Blood-Pre (зеркало; оригинал ncdrisc.org, заблокирован)	T1 (зеркало GitHub, целостность проверена)	2026-09-04	"Yemen","YEM","Women",2004,0.071823,0.043927,0.107565	MEDIUM	файл в сессии (git mirror);
A2_diabetes_trend.md	A2-064	Распространённость диабета (women) в Yemen в 2014 г. составляла 10.1% (95% UI 5.3-17.0).	10.14	%	2014	age-standardised diabetes prevalence, adults 18+, Women	Yemen	NCD-RisC, Worldwide trends in diabetes since 1980 (Lancet 2016), country file	https://github.com/banerjeemdx/Data-Visualisation-with-Tableau---NCD_RisC-dataset-on-BMI-Body-Mass-index-Diabetes-and-Blood-Pre (зеркало; оригинал ncdrisc.org, заблокирован)	T1 (зеркало GitHub, целостность проверена)	2026-09-04	"Yemen","YEM","Women",2014,0.101445,0.053459,0.170046	LOW	файл в сессии (git mirror); уровень 2014 сверен в разд. 8
A2_diabetes_trend.md	A2-065	Распространённость диабета (оба пола) в Yemen в 2004 г. = 7.98% (среднее Men/Women).	7.98	%	2004	age-standardised diabetes prevalence, adults 18+, both sexes = mean(Men, Women)	Yemen	NCD-RisC, Worldwide trends in diabetes since 1980 (Lancet 2016), country file	https://github.com/banerjeemdx/Data-Visualisation-with-Tableau---NCD_RisC-dataset-on-BMI-Body-Mass-index-Diabetes-and-Blood-Pre (зеркало; оригинал ncdrisc.org, заблокирован)	T1 (расчёт)	2026-09-04	расчёт: (8.783 + 7.182)/2	MEDIUM	a2_diabetes_trend.py; допущение простого среднего
A2_diabetes_trend.md	A2-066	Распространённость диабета (оба пола) в Yemen в 2014 г. = 11.37% (среднее Men/Women).	11.37	%	2014	age-standardised diabetes prevalence, adults 18+, both sexes = mean(Men, Women)	Yemen	NCD-RisC, Worldwide trends in diabetes since 1980 (Lancet 2016), country file	https://github.com/banerjeemdx/Data-Visualisation-with-Tableau---NCD_RisC-dataset-on-BMI-Body-Mass-index-Diabetes-and-Blood-Pre (зеркало; оригинал ncdrisc.org, заблокирован)	T1 (расчёт)	2026-09-04	расчёт: (12.592 + 10.144)/2	LOW	a2_diabetes_trend.py; допущение простого среднего
A2_diabetes_trend.md	A2-067	Yemen: место 7 основного рейтинга — прирост распространённости диабета 2004→2014 составил +3.39 п.п.	3.39	п.п.	2004-2014	age-standardised diabetes prevalence, adults 18+, both sexes; абсолютное изменение	Yemen	NCD-RisC, Worldwide trends in diabetes since 1980 (Lancet 2016), country file	https://github.com/banerjeemdx/Data-Visualisation-with-Tableau---NCD_RisC-dataset-on-BMI-Body-Mass-index-Diabetes-and-Blood-Pre (зеркало; оригинал ncdrisc.org, заблокирован)	T1 (расчёт)	2026-09-04	расчёт: 11.368 − 7.982	MEDIUM	тренд независимо не подтверждён (разд. 8); ранг среди 123 стран фильтра
A2_diabetes_trend.md	A2-068	Yemen: относительный рост распространённости диабета 2004→2014 = +42.4%.	42.4	%	2004-2014	age-standardised diabetes prevalence, adults 18+, both sexes; относительное изменение	Yemen	NCD-RisC, Worldwide trends in diabetes since 1980 (Lancet 2016), country file	https://github.com/banerjeemdx/Data-Visualisation-with-Tableau---NCD_RisC-dataset-on-BMI-Body-Mass-index-Diabetes-and-Blood-Pre (зеркало; оригинал ncdrisc.org, заблокирован)	T1 (расчёт)	2026-09-04	расчёт: 3.386 / 7.982 × 100	MEDIUM	ранг по отн. росту 3
A2_diabetes_trend.md	A2-069	Yemen: среднегодовой прирост 2004→2014 = 0.34 п.п./год.	0.34	п.п./год	2004-2014	age-standardised diabetes prevalence, adults 18+, both sexes	Yemen	NCD-RisC, Worldwide trends in diabetes since 1980 (Lancet 2016), country file	https://github.com/banerjeemdx/Data-Visualisation-with-Tableau---NCD_RisC-dataset-on-BMI-Body-Mass-index-Diabetes-and-Blood-Pre (зеркало; оригинал ncdrisc.org, заблокирован)	T1 (расчёт)	2026-09-04	расчёт: 3.386 / 10	MEDIUM	
A2_diabetes_trend.md	A2-070	Население Yemen в 2023 г. = 39,390,799 чел.	39390799	чел.	2023	World Bank total population	Yemen	World Bank population (datahub mirror github.com/datasets/population)	https://github.com/datasets/population	T1 (зеркало)	2026-09-04	Yemen,YEM,2023,39390799	MEDIUM	файл в сессии (git mirror)
A2_diabetes_trend.md	A2-071	Распространённость диабета (men) в Azerbaijan в 2004 г. составляла 8.3% (95% UI 4.9-12.3).	8.28	%	2004	age-standardised diabetes prevalence, adults 18+, Men	Azerbaijan	NCD-RisC, Worldwide trends in diabetes since 1980 (Lancet 2016), country file	https://github.com/banerjeemdx/Data-Visualisation-with-Tableau---NCD_RisC-dataset-on-BMI-Body-Mass-index-Diabetes-and-Blood-Pre (зеркало; оригинал ncdrisc.org, заблокирован)	T1 (зеркало GitHub, целостность проверена)	2026-09-04	"Azerbaijan","AZE","Men",2004,0.082809,0.049493,0.123261	MEDIUM	файл в сессии (git mirror);
A2_diabetes_trend.md	A2-072	Распространённость диабета (men) в Azerbaijan в 2014 г. составляла 11.6% (95% UI 6.2-18.6).	11.57	%	2014	age-standardised diabetes prevalence, adults 18+, Men	Azerbaijan	NCD-RisC, Worldwide trends in diabetes since 1980 (Lancet 2016), country file	https://github.com/banerjeemdx/Data-Visualisation-with-Tableau---NCD_RisC-dataset-on-BMI-Body-Mass-index-Diabetes-and-Blood-Pre (зеркало; оригинал ncdrisc.org, заблокирован)	T1 (зеркало GitHub, целостность проверена)	2026-09-04	"Azerbaijan","AZE","Men",2014,0.115722,0.062166,0.186005	LOW	файл в сессии (git mirror); уровень 2014 сверен в разд. 8
A2_diabetes_trend.md	A2-073	Распространённость диабета (women) в Azerbaijan в 2004 г. составляла 9.6% (95% UI 6.1-13.8).	9.56	%	2004	age-standardised diabetes prevalence, adults 18+, Women	Azerbaijan	NCD-RisC, Worldwide trends in diabetes since 1980 (Lancet 2016), country file	https://github.com/banerjeemdx/Data-Visualisation-with-Tableau---NCD_RisC-dataset-on-BMI-Body-Mass-index-Diabetes-and-Blood-Pre (зеркало; оригинал ncdrisc.org, заблокирован)	T1 (зеркало GitHub, целостность проверена)	2026-09-04	"Azerbaijan","AZE","Women",2004,0.095643,0.060786,0.138418	MEDIUM	файл в сессии (git mirror);
A2_diabetes_trend.md	A2-074	Распространённость диабета (women) в Azerbaijan в 2014 г. составляла 13.0% (95% UI 7.2-20.3).	13.03	%	2014	age-standardised diabetes prevalence, adults 18+, Women	Azerbaijan	NCD-RisC, Worldwide trends in diabetes since 1980 (Lancet 2016), country file	https://github.com/banerjeemdx/Data-Visualisation-with-Tableau---NCD_RisC-dataset-on-BMI-Body-Mass-index-Diabetes-and-Blood-Pre (зеркало; оригинал ncdrisc.org, заблокирован)	T1 (зеркало GitHub, целостность проверена)	2026-09-04	"Azerbaijan","AZE","Women",2014,0.130271,0.072403,0.203009	LOW	файл в сессии (git mirror); уровень 2014 сверен в разд. 8
A2_diabetes_trend.md	A2-075	Распространённость диабета (оба пола) в Azerbaijan в 2004 г. = 8.92% (среднее Men/Women).	8.92	%	2004	age-standardised diabetes prevalence, adults 18+, both sexes = mean(Men, Women)	Azerbaijan	NCD-RisC, Worldwide trends in diabetes since 1980 (Lancet 2016), country file	https://github.com/banerjeemdx/Data-Visualisation-with-Tableau---NCD_RisC-dataset-on-BMI-Body-Mass-index-Diabetes-and-Blood-Pre (зеркало; оригинал ncdrisc.org, заблокирован)	T1 (расчёт)	2026-09-04	расчёт: (8.281 + 9.564)/2	MEDIUM	a2_diabetes_trend.py; допущение простого среднего
A2_diabetes_trend.md	A2-076	Распространённость диабета (оба пола) в Azerbaijan в 2014 г. = 12.30% (среднее Men/Women).	12.30	%	2014	age-standardised diabetes prevalence, adults 18+, both sexes = mean(Men, Women)	Azerbaijan	NCD-RisC, Worldwide trends in diabetes since 1980 (Lancet 2016), country file	https://github.com/banerjeemdx/Data-Visualisation-with-Tableau---NCD_RisC-dataset-on-BMI-Body-Mass-index-Diabetes-and-Blood-Pre (зеркало; оригинал ncdrisc.org, заблокирован)	T1 (расчёт)	2026-09-04	расчёт: (11.572 + 13.027)/2	LOW	a2_diabetes_trend.py; допущение простого среднего
A2_diabetes_trend.md	A2-077	Azerbaijan: место 8 основного рейтинга — прирост распространённости диабета 2004→2014 составил +3.38 п.п.	3.38	п.п.	2004-2014	age-standardised diabetes prevalence, adults 18+, both sexes; абсолютное изменение	Azerbaijan	NCD-RisC, Worldwide trends in diabetes since 1980 (Lancet 2016), country file	https://github.com/banerjeemdx/Data-Visualisation-with-Tableau---NCD_RisC-dataset-on-BMI-Body-Mass-index-Diabetes-and-Blood-Pre (зеркало; оригинал ncdrisc.org, заблокирован)	T1 (расчёт)	2026-09-04	расчёт: 12.300 − 8.923	MEDIUM	тренд независимо не подтверждён (разд. 8); ранг среди 123 стран фильтра
A2_diabetes_trend.md	A2-078	Azerbaijan: относительный рост распространённости диабета 2004→2014 = +37.8%.	37.8	%	2004-2014	age-standardised diabetes prevalence, adults 18+, both sexes; относительное изменение	Azerbaijan	NCD-RisC, Worldwide trends in diabetes since 1980 (Lancet 2016), country file	https://github.com/banerjeemdx/Data-Visualisation-with-Tableau---NCD_RisC-dataset-on-BMI-Body-Mass-index-Diabetes-and-Blood-Pre (зеркало; оригинал ncdrisc.org, заблокирован)	T1 (расчёт)	2026-09-04	расчёт: 3.377 / 8.923 × 100	MEDIUM	ранг по отн. росту 8
A2_diabetes_trend.md	A2-079	Azerbaijan: среднегодовой прирост 2004→2014 = 0.34 п.п./год.	0.34	п.п./год	2004-2014	age-standardised diabetes prevalence, adults 18+, both sexes	Azerbaijan	NCD-RisC, Worldwide trends in diabetes since 1980 (Lancet 2016), country file	https://github.com/banerjeemdx/Data-Visualisation-with-Tableau---NCD_RisC-dataset-on-BMI-Body-Mass-index-Diabetes-and-Blood-Pre (зеркало; оригинал ncdrisc.org, заблокирован)	T1 (расчёт)	2026-09-04	расчёт: 3.377 / 10	MEDIUM	
A2_diabetes_trend.md	A2-080	Население Azerbaijan в 2023 г. = 10,153,958 чел.	10153958	чел.	2023	World Bank total population	Azerbaijan	World Bank population (datahub mirror github.com/datasets/population)	https://github.com/datasets/population	T1 (зеркало)	2026-09-04	Azerbaijan,AZE,2023,10153958	MEDIUM	файл в сессии (git mirror)
A2_diabetes_trend.md	A2-081	Tajikistan: относительный рост 2004→2014 = +45.1% (с 6.95% до 10.09%; +3.14 п.п.).	45.1	%	2004-2014	age-standardised diabetes prevalence, adults 18+, both sexes	Tajikistan	NCD-RisC, Worldwide trends in diabetes since 1980 (Lancet 2016), country file	https://github.com/banerjeemdx/Data-Visualisation-with-Tableau---NCD_RisC-dataset-on-BMI-Body-Mass-index-Diabetes-and-Blood-Pre (зеркало; оригинал ncdrisc.org, заблокирован)	T1 (расчёт)	2026-09-04	"Tajikistan","TJK","Men",2014,0.102708,0.051125,0.174294 ; "Tajikistan","TJK","Women",2014,0.099071,0.050727,0.164377	MEDIUM	альтернативный рейтинг (разд. 3)
A2_diabetes_trend.md	A2-082	Uzbekistan: относительный рост 2004→2014 = +41.8% (с 7.47% до 10.59%; +3.12 п.п.).	41.8	%	2004-2014	age-standardised diabetes prevalence, adults 18+, both sexes	Uzbekistan	NCD-RisC, Worldwide trends in diabetes since 1980 (Lancet 2016), country file	https://github.com/banerjeemdx/Data-Visualisation-with-Tableau---NCD_RisC-dataset-on-BMI-Body-Mass-index-Diabetes-and-Blood-Pre (зеркало; оригинал ncdrisc.org, заблокирован)	T1 (расчёт)	2026-09-04	"Uzbekistan","UZB","Men",2014,0.104834,0.056352,0.169444 ; "Uzbekistan","UZB","Women",2014,0.107044,0.058769,0.168243	MEDIUM	альтернативный рейтинг (разд. 3)
A2_diabetes_trend.md	A2-083	Central African Republic: относительный рост 2004→2014 = +38.3% (с 5.63% до 7.79%; +2.16 п.п.).	38.3	%	2004-2014	age-standardised diabetes prevalence, adults 18+, both sexes	Central African Republic	NCD-RisC, Worldwide trends in diabetes since 1980 (Lancet 2016), country file	https://github.com/banerjeemdx/Data-Visualisation-with-Tableau---NCD_RisC-dataset-on-BMI-Body-Mass-index-Diabetes-and-Blood-Pre (зеркало; оригинал ncdrisc.org, заблокирован)	T1 (расчёт)	2026-09-04	"Central African Republic","CAF","Men",2014,0.079801,0.035192,0.154262 ; "Central African Republic","CAF","Women",2014,0.076084,0.035399,0.147978	MEDIUM	альтернативный рейтинг (разд. 3)
A2_diabetes_trend.md	A2-084	Uganda: относительный рост 2004→2014 = +37.9% (с 3.31% до 4.57%; +1.25 п.п.).	37.9	%	2004-2014	age-standardised diabetes prevalence, adults 18+, both sexes	Uganda	NCD-RisC, Worldwide trends in diabetes since 1980 (Lancet 2016), country file	https://github.com/banerjeemdx/Data-Visualisation-with-Tableau---NCD_RisC-dataset-on-BMI-Body-Mass-index-Diabetes-and-Blood-Pre (зеркало; оригинал ncdrisc.org, заблокирован)	T1 (расчёт)	2026-09-04	"Uganda","UGA","Men",2014,0.044018,0.020566,0.078421 ; "Uganda","UGA","Women",2014,0.047369,0.023421,0.082434	MEDIUM	альтернативный рейтинг (разд. 3)
A2_diabetes_trend.md	A2-085	Libya: место 9 основного рейтинга, прирост 2004→2014 = +3.28 п.п. (12.62% → 15.89%).	3.28	п.п.	2004-2014	age-standardised diabetes prevalence, adults 18+, both sexes	Libya	NCD-RisC, Worldwide trends in diabetes since 1980 (Lancet 2016), country file	https://github.com/banerjeemdx/Data-Visualisation-with-Tableau---NCD_RisC-dataset-on-BMI-Body-Mass-index-Diabetes-and-Blood-Pre (зеркало; оригинал ncdrisc.org, заблокирован)	T1 (расчёт)	2026-09-04	"Libya","LBY","Men",2014,0.151971,0.094798,0.225191 ; "Libya","LBY","Women",2014,0.165917,0.107432,0.238329	MEDIUM	кто близко (разд. 4)
A2_diabetes_trend.md	A2-086	Saudi Arabia: место 10 основного рейтинга, прирост 2004→2014 = +3.23 п.п. (14.09% → 17.31%).	3.23	п.п.	2004-2014	age-standardised diabetes prevalence, adults 18+, both sexes	Saudi Arabia	NCD-RisC, Worldwide trends in diabetes since 1980 (Lancet 2016), country file	https://github.com/banerjeemdx/Data-Visualisation-with-Tableau---NCD_RisC-dataset-on-BMI-Body-Mass-index-Diabetes-and-Blood-Pre (зеркало; оригинал ncdrisc.org, заблокирован)	T1 (расчёт)	2026-09-04	"Saudi Arabia","SAU","Men",2014,0.176140,0.114711,0.253945 ; "Saudi Arabia","SAU","Women",2014,0.170134,0.110979,0.244124	MEDIUM	кто близко (разд. 4)
A2_diabetes_trend.md	A2-087	Syrian Arab Republic: место 11 основного рейтинга, прирост 2004→2014 = +3.20 п.п. (11.43% → 14.63%).	3.20	п.п.	2004-2014	age-standardised diabetes prevalence, adults 18+, both sexes	Syrian Arab Republic	NCD-RisC, Worldwide trends in diabetes since 1980 (Lancet 2016), country file	https://github.com/banerjeemdx/Data-Visualisation-with-Tableau---NCD_RisC-dataset-on-BMI-Body-Mass-index-Diabetes-and-Blood-Pre (зеркало; оригинал ncdrisc.org, заблокирован)	T1 (расчёт)	2026-09-04	"Syrian Arab Republic","SYR","Men",2014,0.139684,0.085426,0.210272 ; "Syrian Arab Republic","SYR","Women",2014,0.152886,0.096232,0.224379	MEDIUM	кто близко (разд. 4)
A2_diabetes_trend.md	A2-088	Iran: место 12 основного рейтинга, прирост 2004→2014 = +3.15 п.п. (8.98% → 12.12%).	3.15	п.п.	2004-2014	age-standardised diabetes prevalence, adults 18+, both sexes	Iran	NCD-RisC, Worldwide trends in diabetes since 1980 (Lancet 2016), country file	https://github.com/banerjeemdx/Data-Visualisation-with-Tableau---NCD_RisC-dataset-on-BMI-Body-Mass-index-Diabetes-and-Blood-Pre (зеркало; оригинал ncdrisc.org, заблокирован)	T1 (расчёт)	2026-09-04	"Iran","IRN","Men",2014,0.113852,0.071674,0.171688 ; "Iran","IRN","Women",2014,0.128603,0.084471,0.187781	MEDIUM	кто близко (разд. 4)
A2_diabetes_trend.md	A2-089	Samoa (население 216,663) без фильтра заняла бы место 1 среди членов ООН: +5.35 п.п. (19.26% → 24.61%).	5.35	п.п.	2004-2014	age-standardised diabetes prevalence, adults 18+, both sexes	Samoa	NCD-RisC, Worldwide trends in diabetes since 1980 (Lancet 2016), country file	https://github.com/banerjeemdx/Data-Visualisation-with-Tableau---NCD_RisC-dataset-on-BMI-Body-Mass-index-Diabetes-and-Blood-Pre (зеркало; оригинал ncdrisc.org, заблокирован)	T1 (расчёт)	2026-09-04	"Samoa","WSM","Men",2014,0.226574,0.130834,0.339241 ; "Samoa","WSM","Women",2014,0.265711,0.161927,0.386405	MEDIUM	малые государства (разд. 5); население — World Bank 2023
A2_diabetes_trend.md	A2-090	Saint Lucia (население 179,285) без фильтра заняла бы место 2 среди членов ООН: +5.00 п.п. (9.44% → 14.44%).	5.00	п.п.	2004-2014	age-standardised diabetes prevalence, adults 18+, both sexes	Saint Lucia	NCD-RisC, Worldwide trends in diabetes since 1980 (Lancet 2016), country file	https://github.com/banerjeemdx/Data-Visualisation-with-Tableau---NCD_RisC-dataset-on-BMI-Body-Mass-index-Diabetes-and-Blood-Pre (зеркало; оригинал ncdrisc.org, заблокирован)	T1 (расчёт)	2026-09-04	"Saint Lucia","LCA","Men",2014,0.137422,0.061290,0.240910 ; "Saint Lucia","LCA","Women",2014,0.151406,0.071998,0.258826	MEDIUM	малые государства (разд. 5); население — World Bank 2023
A2_diabetes_trend.md	A2-091	Micronesia (Federated States of) (население 112,630) без фильтра заняла бы место 3 среди членов ООН: +4.67 п.п. (17.27% → 21.94%).	4.67	п.п.	2004-2014	age-standardised diabetes prevalence, adults 18+, both sexes	Micronesia (Federated States of)	NCD-RisC, Worldwide trends in diabetes since 1980 (Lancet 2016), country file	https://github.com/banerjeemdx/Data-Visualisation-with-Tableau---NCD_RisC-dataset-on-BMI-Body-Mass-index-Diabetes-and-Blood-Pre (зеркало; оригинал ncdrisc.org, заблокирован)	T1 (расчёт)	2026-09-04	"Micronesia (Federated States of)","FSM","Men",2014,0.205148,0.121851,0.306811 ; "Micronesia (Federated States of)","FSM","Women",2014,0.233739,0.145947,0.339741	MEDIUM	малые государства (разд. 5); население — World Bank 2023
A2_diabetes_trend.md	A2-092	Tonga (население 104,597) без фильтра заняла бы место 4 среди членов ООН: +4.57 п.п. (19.56% → 24.14%).	4.57	п.п.	2004-2014	age-standardised diabetes prevalence, adults 18+, both sexes	Tonga	NCD-RisC, Worldwide trends in diabetes since 1980 (Lancet 2016), country file	https://github.com/banerjeemdx/Data-Visualisation-with-Tableau---NCD_RisC-dataset-on-BMI-Body-Mass-index-Diabetes-and-Blood-Pre (зеркало; оригинал ncdrisc.org, заблокирован)	T1 (расчёт)	2026-09-04	"Tonga","TON","Men",2014,0.219110,0.128876,0.325921 ; "Tonga","TON","Women",2014,0.263599,0.164308,0.376199	MEDIUM	малые государства (разд. 5); население — World Bank 2023
A2_diabetes_trend.md	A2-093	Tokelau исключена из рейтинга (territory (NZ)); прирост 2004→2014 = +5.85 п.п., ранг 1 среди всех 200 записей.	5.85	п.п.	2004-2014	age-standardised diabetes prevalence, adults 18+, both sexes	Tokelau	NCD-RisC, Worldwide trends in diabetes since 1980 (Lancet 2016), country file	https://github.com/banerjeemdx/Data-Visualisation-with-Tableau---NCD_RisC-dataset-on-BMI-Body-Mass-index-Diabetes-and-Blood-Pre (зеркало; оригинал ncdrisc.org, заблокирован)	T1 (расчёт)	2026-09-04	"Tokelau","TKL","Men",2014,0.261986,0.150163,0.391972 ; "Tokelau","TKL","Women",2014,0.272856,0.162729,0.401574	MEDIUM	исключённые (разд. 6)
A2_diabetes_trend.md	A2-094	Niue исключена из рейтинга (associated state (NZ), not UN member); прирост 2004→2014 = +4.80 п.п., ранг 4 среди всех 200 записей.	4.80	п.п.	2004-2014	age-standardised diabetes prevalence, adults 18+, both sexes	Niue	NCD-RisC, Worldwide trends in diabetes since 1980 (Lancet 2016), country file	https://github.com/banerjeemdx/Data-Visualisation-with-Tableau---NCD_RisC-dataset-on-BMI-Body-Mass-index-Diabetes-and-Blood-Pre (зеркало; оригинал ncdrisc.org, заблокирован)	T1 (расчёт)	2026-09-04	"Niue","NIU","Men",2014,0.268444,0.167433,0.383168 ; "Niue","NIU","Women",2014,0.273344,0.176023,0.382648	MEDIUM	исключённые (разд. 6)
A2_diabetes_trend.md	A2-095	Occupied Palestinian Territory исключена из рейтинга (UN observer state, not member); прирост 2004→2014 = +4.28 п.п., ранг 8 среди всех 200 записей.	4.28	п.п.	2004-2014	age-standardised diabetes prevalence, adults 18+, both sexes	Occupied Palestinian Territory	NCD-RisC, Worldwide trends in diabetes since 1980 (Lancet 2016), country file	https://github.com/banerjeemdx/Data-Visualisation-with-Tableau---NCD_RisC-dataset-on-BMI-Body-Mass-index-Diabetes-and-Blood-Pre (зеркало; оригинал ncdrisc.org, заблокирован)	T1 (расчёт)	2026-09-04	"Occupied Palestinian Territory","PSE","Men",2014,0.165207,0.103141,0.242920 ; "Occupied Palestinian Territory","PSE","Women",2014,0.174637,0.114010,0.249428	MEDIUM	исключённые (разд. 6)
A2_diabetes_trend.md	A2-096	Глобальная age-standardised распространённость диабета (men) выросла с 4.3% (1980) до 9.0% (2014).	4.3 → 9.0	%	1980-2014	age-standardised diabetes prevalence, men 18+	World	NCD-RisC Lancet 2016 (PMC5081106), абстракт	https://pmc.ncbi.nlm.nih.gov/articles/PMC5081106/	T1	2026-09-04	Global age-standardised diabetes prevalence increased from 4.3% (95% credible interval 2.4-7.0) in 1980 to 9.0% (7.2-11.1) in 2014 in men, and from 5.0% (2.9-7.9) to 7.9% (6.4-9.7) in women	HIGH	firecrawl_research_search_papers; сверка с файлом: взвешенное 4.16 → 8.99
A2_diabetes_trend.md	A2-097	Глобальная age-standardised распространённость диабета (women) выросла с 5.0% (1980) до 7.9% (2014).	5.0 → 7.9	%	1980-2014	age-standardised diabetes prevalence, women 18+	World	NCD-RisC Lancet 2016 (PMC5081106), абстракт	https://pmc.ncbi.nlm.nih.gov/articles/PMC5081106/	T1	2026-09-04	Global age-standardised diabetes prevalence increased from 4.3% (95% credible interval 2.4-7.0) in 1980 to 9.0% (7.2-11.1) in 2014 in men, and from 5.0% (2.9-7.9) to 7.9% (6.4-9.7) in women	HIGH	firecrawl_research_search_papers; сверка с файлом: взвешенное 4.93 → 8.22
A2_diabetes_trend.md	A2-098	Число взрослых с диабетом в мире выросло со 108 млн (1980) до 422 млн (2014).	108 → 422	млн чел.	1980-2014	adults 18+ with diabetes	World	NCD-RisC Lancet 2016 (PMC5081106), абстракт	https://pmc.ncbi.nlm.nih.gov/articles/PMC5081106/	T1	2026-09-04	The number of adults with diabetes in the world increased from 108 million in 1980 to 422 million in 2014	HIGH	firecrawl_research_search_papers; также IDF 11th стр. 8: "the WHO/NCD-RisC estimate of 422 million"
A2_diabetes_trend.md	A2-099	В 2014 г. наивысшая национальная распространённость диабета была в American Samoa (>30%).	>30	%	2014	age-standardised diabetes prevalence 18+	American Samoa	NCD-RisC Lancet 2016 (PMC5081106), абстракт	https://pmc.ncbi.nlm.nih.gov/articles/PMC5081106/	T1	2026-09-04	Age-standardised adult diabetes prevalence in 2014 was lowest in northwestern Europe, and highest in Polynesia and Micronesia, at nearly 25%, followed by Melanesia and the Middle East and north Africa. In 2014, American Samoa had the highest national prevalence of diabetes (>30%	HIGH	файл: American Samoa 2014 men 30.8%, women 32.9%
A2_diabetes_trend.md	A2-100	IDF 11th: в Egypt в 2024 г. 13,214.5 тыс. взрослых 20-79 лет с диабетом.	13,214.5	тыс. чел.	2024	number of adults 20-79 with diabetes (IDF estimate)	Egypt	IDF Diabetes Atlas 11th edition (2025), country summary tables	https://international-diabetes-federation.s3.eu-west-1.amazonaws.com/media/uploads/sites/3/2025/10/IDF_Diabetes_Atlas_11th_Edition_2025_WEB.pdf	T1	2026-09-04	стр. 113 PDF: Egypt / 13,214.5 / 19.8 / 22.4 / 62.0	HIGH	curl S3 + текст PDF; парсер сверен с Table 3.4/3.5
A2_diabetes_trend.md	A2-101	IDF 11th: распространённость диабета 20-79 лет в Egypt в 2024 г. = 19.8% (crude), age-adjusted comparative 22.4%.	19.8 / 22.4	%	2024	diabetes prevalence 20-79, crude / age-adjusted comparative (IDF)	Egypt	IDF Diabetes Atlas 11th edition (2025), country summary tables	s3 bucket IDF (см. S5)	T1	2026-09-04	стр. 113 PDF: Egypt / 13,214.5 / 19.8 / 22.4	HIGH	НЕ сопоставимо с NCD-RisC (18+, WHO-стандарт)
A2_diabetes_trend.md	A2-102	IDF 10th: в Egypt в 2021 г. 10,930.7 тыс. взрослых 20-79 лет с диабетом.	10,930.7	тыс. чел. / %	2021	number of adults 20-79 with diabetes; prevalence (IDF 10th ed.)	Egypt	IDF Diabetes Atlas 10th edition (2021), Country summary tables, NCBI Bookshelf	https://www.ncbi.nlm.nih.gov/books/NBK582202/table/appendices.tu3/	T1	2026-09-04	Egypt 10,930.7 (6,986.8–12,001.2)	MEDIUM	firecrawl_search: ~200-символьный фрагмент таблицы; порядок колонок: число (95% CI), prevalence (95% CI), age-adj (95% CI), недиагностированные
A2_diabetes_trend.md	A2-103	Разница оценок IDF 11th (2024) − 10th (2021) для Egypt: +2,283.8 тыс. (+20.9%) — НЕ тренд, методология менялась.	+2,283.8	тыс. чел.	2021→2024	difference of two IDF editions, adults 20-79	Egypt	IDF 10th (NCBI) и 11th (PDF)	см. выше	T1 (расчёт)	2026-09-04	10,930.7 → 13,214.5	LOW	вторичная колонка с оговоркой (разд. 7)
A2_diabetes_trend.md	A2-104	IDF 11th: в Iraq в 2024 г. 2,669.4 тыс. взрослых 20-79 лет с диабетом.	2,669.4	тыс. чел.	2024	number of adults 20-79 with diabetes (IDF estimate)	Iraq	IDF Diabetes Atlas 11th edition (2025), country summary tables	https://international-diabetes-federation.s3.eu-west-1.amazonaws.com/media/uploads/sites/3/2025/10/IDF_Diabetes_Atlas_11th_Edition_2025_WEB.pdf	T1	2026-09-04	стр. 113 PDF: Iraq / 2,669.4 / 11.0 / 13.4 / 47.1	HIGH	curl S3 + текст PDF; парсер сверен с Table 3.4/3.5
A2_diabetes_trend.md	A2-105	IDF 11th: распространённость диабета 20-79 лет в Iraq в 2024 г. = 11.0% (crude), age-adjusted comparative 13.4%.	11.0 / 13.4	%	2024	diabetes prevalence 20-79, crude / age-adjusted comparative (IDF)	Iraq	IDF Diabetes Atlas 11th edition (2025), country summary tables	s3 bucket IDF (см. S5)	T1	2026-09-04	стр. 113 PDF: Iraq / 2,669.4 / 11.0 / 13.4	HIGH	НЕ сопоставимо с NCD-RisC (18+, WHO-стандарт)
A2_diabetes_trend.md	A2-106	IDF 10th: в Iraq в 2021 г. 2,011.4 тыс. взрослых 20-79 лет с диабетом, prevalence 9.4%.	2,011.4 / 9.4	тыс. чел. / %	2021	number of adults 20-79 with diabetes; prevalence (IDF 10th ed.)	Iraq	IDF Diabetes Atlas 10th edition (2021), Country summary tables, NCBI Bookshelf	https://www.ncbi.nlm.nih.gov/books/NBK582202/table/appendices.tu3/	T1	2026-09-04	Iraq 2,011.4 (1,487.0–2,550.2) 9.4 (7.0–11.9)	MEDIUM	firecrawl_search: ~200-символьный фрагмент таблицы; порядок колонок: число (95% CI), prevalence (95% CI), age-adj (95% CI), недиагностированные
A2_diabetes_trend.md	A2-107	Разница оценок IDF 11th (2024) − 10th (2021) для Iraq: +658.0 тыс. (+32.7%) — НЕ тренд, методология менялась.	+658.0	тыс. чел.	2021→2024	difference of two IDF editions, adults 20-79	Iraq	IDF 10th (NCBI) и 11th (PDF)	см. выше	T1 (расчёт)	2026-09-04	2,011.4 → 2,669.4	LOW	вторичная колонка с оговоркой (разд. 7)
A2_diabetes_trend.md	A2-108	IDF 11th: в Turkmenistan в 2024 г. 264.1 тыс. взрослых 20-79 лет с диабетом.	264.1	тыс. чел.	2024	number of adults 20-79 with diabetes (IDF estimate)	Turkmenistan	IDF Diabetes Atlas 11th edition (2025), country summary tables	https://international-diabetes-federation.s3.eu-west-1.amazonaws.com/media/uploads/sites/3/2025/10/IDF_Diabetes_Atlas_11th_Edition_2025_WEB.pdf	T1	2026-09-04	стр. 111 PDF: Turkmenistan / 264.1 / 6.6 / 7.1 / 39.5	HIGH	curl S3 + текст PDF; парсер сверен с Table 3.4/3.5
A2_diabetes_trend.md	A2-109	IDF 11th: распространённость диабета 20-79 лет в Turkmenistan в 2024 г. = 6.6% (crude), age-adjusted comparative 7.1%.	6.6 / 7.1	%	2024	diabetes prevalence 20-79, crude / age-adjusted comparative (IDF)	Turkmenistan	IDF Diabetes Atlas 11th edition (2025), country summary tables	s3 bucket IDF (см. S5)	T1	2026-09-04	стр. 111 PDF: Turkmenistan / 264.1 / 6.6 / 7.1	HIGH	НЕ сопоставимо с NCD-RisC (18+, WHO-стандарт)
A2_diabetes_trend.md	A2-110	IDF 10th: в Turkmenistan в 2021 г. 223.7 тыс. взрослых 20-79 лет с диабетом, prevalence 6.0%.	223.7 / 6.0	тыс. чел. / %	2021	number of adults 20-79 with diabetes; prevalence (IDF 10th ed.)	Turkmenistan	IDF Diabetes Atlas 10th edition (2021), Country summary tables, NCBI Bookshelf	https://www.ncbi.nlm.nih.gov/books/n/idfatlas10e/appendices.s1/	T1	2026-09-04	Turkmenistan 223.7 (177.4–276.4) 6.0 (4.8–7.5) 6.7 (5.3–8.3) 88.3 (70.0–109.1) 1,681.1	MEDIUM	firecrawl_search: ~200-символьный фрагмент таблицы; порядок колонок: число (95% CI), prevalence (95% CI), age-adj (95% CI), недиагностированные
A2_diabetes_trend.md	A2-111	Разница оценок IDF 11th (2024) − 10th (2021) для Turkmenistan: +40.4 тыс. (+18.1%) — НЕ тренд, методология менялась.	+40.4	тыс. чел.	2021→2024	difference of two IDF editions, adults 20-79	Turkmenistan	IDF 10th (NCBI) и 11th (PDF)	см. выше	T1 (расчёт)	2026-09-04	223.7 → 264.1	LOW	вторичная колонка с оговоркой (разд. 7)
A2_diabetes_trend.md	A2-112	IDF 11th: в Lebanon в 2024 г. 439.7 тыс. взрослых 20-79 лет с диабетом.	439.7	тыс. чел.	2024	number of adults 20-79 with diabetes (IDF estimate)	Lebanon	IDF Diabetes Atlas 11th edition (2025), country summary tables	https://international-diabetes-federation.s3.eu-west-1.amazonaws.com/media/uploads/sites/3/2025/10/IDF_Diabetes_Atlas_11th_Edition_2025_WEB.pdf	T1	2026-09-04	стр. 113 PDF: Lebanon / 439.7 / 13.6 / 12.3 / 26.1	HIGH	curl S3 + текст PDF; парсер сверен с Table 3.4/3.5
A2_diabetes_trend.md	A2-113	IDF 11th: распространённость диабета 20-79 лет в Lebanon в 2024 г. = 13.6% (crude), age-adjusted comparative 12.3%.	13.6 / 12.3	%	2024	diabetes prevalence 20-79, crude / age-adjusted comparative (IDF)	Lebanon	IDF Diabetes Atlas 11th edition (2025), country summary tables	s3 bucket IDF (см. S5)	T1	2026-09-04	стр. 113 PDF: Lebanon / 439.7 / 13.6 / 12.3	HIGH	НЕ сопоставимо с NCD-RisC (18+, WHO-стандарт)
A2_diabetes_trend.md	A2-114	IDF 10th: в Lebanon в 2021 г. 396.1 тыс. взрослых 20-79 лет с диабетом, prevalence 8.9%.	396.1 / 8.9	тыс. чел. / %	2021	number of adults 20-79 with diabetes; prevalence (IDF 10th ed.)	Lebanon	IDF Diabetes Atlas 10th edition (2021), Country summary tables, NCBI Bookshelf	https://www.ncbi.nlm.nih.gov/books/NBK582202/table/appendices.tu3/	T1	2026-09-04	Lebanon, 396.1 (375.1–781.5), 8.9 (8.4–17.6), 8.0 (7.6–15.4), 159.4 (151.0–314.5)	MEDIUM	firecrawl_search: ~200-символьный фрагмент таблицы; порядок колонок: число (95% CI), prevalence (95% CI), age-adj (95% CI), недиагностированные
A2_diabetes_trend.md	A2-115	Разница оценок IDF 11th (2024) − 10th (2021) для Lebanon: +43.6 тыс. (+11.0%) — НЕ тренд, методология менялась.	+43.6	тыс. чел.	2021→2024	difference of two IDF editions, adults 20-79	Lebanon	IDF 10th (NCBI) и 11th (PDF)	см. выше	T1 (расчёт)	2026-09-04	396.1 → 439.7	LOW	вторичная колонка с оговоркой (разд. 7)
A2_diabetes_trend.md	A2-116	IDF 11th: в Papua New Guinea в 2024 г. 838.0 тыс. взрослых 20-79 лет с диабетом.	838.0	тыс. чел.	2024	number of adults 20-79 with diabetes (IDF estimate)	Papua New Guinea	IDF Diabetes Atlas 11th edition (2025), country summary tables	https://international-diabetes-federation.s3.eu-west-1.amazonaws.com/media/uploads/sites/3/2025/10/IDF_Diabetes_Atlas_11th_Edition_2025_WEB.pdf	T1	2026-09-04	стр. 121 PDF: Papua New Guinea / 838.0 / 14.2 / 14.1 / 73.2	HIGH	curl S3 + текст PDF; парсер сверен с Table 3.4/3.5
A2_diabetes_trend.md	A2-117	IDF 11th: распространённость диабета 20-79 лет в Papua New Guinea в 2024 г. = 14.2% (crude), age-adjusted comparative 14.1%.	14.2 / 14.1	%	2024	diabetes prevalence 20-79, crude / age-adjusted comparative (IDF)	Papua New Guinea	IDF Diabetes Atlas 11th edition (2025), country summary tables	s3 bucket IDF (см. S5)	T1	2026-09-04	стр. 121 PDF: Papua New Guinea / 838.0 / 14.2 / 14.1	HIGH	НЕ сопоставимо с NCD-RisC (18+, WHO-стандарт)
A2_diabetes_trend.md	A2-118	IDF 10th: в Papua New Guinea в 2021 г. 724.0 тыс. взрослых 20-79 лет с диабетом.	724.0	тыс. чел. / %	2021	number of adults 20-79 with diabetes; prevalence (IDF 10th ed.)	Papua New Guinea	IDF Diabetes Atlas 10th edition (2021), Country summary tables, NCBI Bookshelf	https://www.ncbi.nlm.nih.gov/books/n/idfatlas10e/appendices.s1/	T1	2026-09-04	Papua New Guinea 724.0 (417.0–861.4) Solomon Islands 53.3 (38.2–58.6) 15.3 (11.0–16.8)	MEDIUM	firecrawl_search: ~200-символьный фрагмент таблицы; порядок колонок: число (95% CI), prevalence (95% CI), age-adj (95% CI), недиагностированные
A2_diabetes_trend.md	A2-119	Разница оценок IDF 11th (2024) − 10th (2021) для Papua New Guinea: +114.0 тыс. (+15.7%) — НЕ тренд, методология менялась.	+114.0	тыс. чел.	2021→2024	difference of two IDF editions, adults 20-79	Papua New Guinea	IDF 10th (NCBI) и 11th (PDF)	см. выше	T1 (расчёт)	2026-09-04	724.0 → 838.0	LOW	вторичная колонка с оговоркой (разд. 7)
A2_diabetes_trend.md	A2-120	IDF 11th: в Morocco в 2024 г. 2,881.0 тыс. взрослых 20-79 лет с диабетом.	2,881.0	тыс. чел.	2024	number of adults 20-79 with diabetes (IDF estimate)	Morocco	IDF Diabetes Atlas 11th edition (2025), country summary tables	https://international-diabetes-federation.s3.eu-west-1.amazonaws.com/media/uploads/sites/3/2025/10/IDF_Diabetes_Atlas_11th_Edition_2025_WEB.pdf	T1	2026-09-04	стр. 113 PDF: Morocco / 2,881.0 / 11.6 / 11.9 / 31.7	HIGH	curl S3 + текст PDF; парсер сверен с Table 3.4/3.5
A2_diabetes_trend.md	A2-121	IDF 11th: распространённость диабета 20-79 лет в Morocco в 2024 г. = 11.6% (crude), age-adjusted comparative 11.9%.	11.6 / 11.9	%	2024	diabetes prevalence 20-79, crude / age-adjusted comparative (IDF)	Morocco	IDF Diabetes Atlas 11th edition (2025), country summary tables	s3 bucket IDF (см. S5)	T1	2026-09-04	стр. 113 PDF: Morocco / 2,881.0 / 11.6 / 11.9	HIGH	НЕ сопоставимо с NCD-RisC (18+, WHO-стандарт)
A2_diabetes_trend.md	A2-122	IDF 10th: в Morocco в 2021 г. 2,327.7 тыс. взрослых 20-79 лет с диабетом.	2,327.7	тыс. чел. / %	2021	number of adults 20-79 with diabetes; prevalence (IDF 10th ed.)	Morocco	IDF Diabetes Atlas 10th edition (2021), Country summary tables, NCBI Bookshelf	https://www.ncbi.nlm.nih.gov/books/NBK582202/table/appendices.tu3/	T1	2026-09-04	Morocco 2,327.7 (1,895.6–2,589.4)	MEDIUM	firecrawl_search: ~200-символьный фрагмент таблицы; порядок колонок: число (95% CI), prevalence (95% CI), age-adj (95% CI), недиагностированные
A2_diabetes_trend.md	A2-123	Разница оценок IDF 11th (2024) − 10th (2021) для Morocco: +553.3 тыс. (+23.8%) — НЕ тренд, методология менялась.	+553.3	тыс. чел.	2021→2024	difference of two IDF editions, adults 20-79	Morocco	IDF 10th (NCBI) и 11th (PDF)	см. выше	T1 (расчёт)	2026-09-04	2,327.7 → 2,881.0	LOW	вторичная колонка с оговоркой (разд. 7)
A2_diabetes_trend.md	A2-124	IDF 11th: в Yemen в 2024 г. 720.8 тыс. взрослых 20-79 лет с диабетом.	720.8	тыс. чел.	2024	number of adults 20-79 with diabetes (IDF estimate)	Yemen	IDF Diabetes Atlas 11th edition (2025), country summary tables	https://international-diabetes-federation.s3.eu-west-1.amazonaws.com/media/uploads/sites/3/2025/10/IDF_Diabetes_Atlas_11th_Edition_2025_WEB.pdf	T1	2026-09-04	стр. 113 PDF: Yemen / 720.8 / 4.1 / 5.5 / 22.3	HIGH	curl S3 + текст PDF; парсер сверен с Table 3.4/3.5
A2_diabetes_trend.md	A2-125	IDF 11th: распространённость диабета 20-79 лет в Yemen в 2024 г. = 4.1% (crude), age-adjusted comparative 5.5%.	4.1 / 5.5	%	2024	diabetes prevalence 20-79, crude / age-adjusted comparative (IDF)	Yemen	IDF Diabetes Atlas 11th edition (2025), country summary tables	s3 bucket IDF (см. S5)	T1	2026-09-04	стр. 113 PDF: Yemen / 720.8 / 4.1 / 5.5	HIGH	НЕ сопоставимо с NCD-RisC (18+, WHO-стандарт)
A2_diabetes_trend.md	A2-126	IDF 10th: в Yemen в 2021 г. 613.9 тыс. взрослых 20-79 лет с диабетом.	613.9	тыс. чел. / %	2021	number of adults 20-79 with diabetes; prevalence (IDF 10th ed.)	Yemen	IDF Diabetes Atlas 10th edition (2021), Country summary tables, NCBI Bookshelf	https://www.ncbi.nlm.nih.gov/books/n/idfatlas10e/appendices.s1/	T1	2026-09-04	Yemen 613.9 (583.8–2005.3) North America and Caribbean	MEDIUM	firecrawl_search: ~200-символьный фрагмент таблицы; порядок колонок: число (95% CI), prevalence (95% CI), age-adj (95% CI), недиагностированные
A2_diabetes_trend.md	A2-127	Разница оценок IDF 11th (2024) − 10th (2021) для Yemen: +106.9 тыс. (+17.4%) — НЕ тренд, методология менялась.	+106.9	тыс. чел.	2021→2024	difference of two IDF editions, adults 20-79	Yemen	IDF 10th (NCBI) и 11th (PDF)	см. выше	T1 (расчёт)	2026-09-04	613.9 → 720.8	LOW	вторичная колонка с оговоркой (разд. 7)
A2_diabetes_trend.md	A2-128	IDF 11th: в Azerbaijan в 2024 г. 715.3 тыс. взрослых 20-79 лет с диабетом.	715.3	тыс. чел.	2024	number of adults 20-79 with diabetes (IDF estimate)	Azerbaijan	IDF Diabetes Atlas 11th edition (2025), country summary tables	https://international-diabetes-federation.s3.eu-west-1.amazonaws.com/media/uploads/sites/3/2025/10/IDF_Diabetes_Atlas_11th_Edition_2025_WEB.pdf	T1	2026-09-04	стр. 109 PDF: Azerbaijan / 715.3 / 9.9 / 10.2 / 33.9	HIGH	curl S3 + текст PDF; парсер сверен с Table 3.4/3.5
A2_diabetes_trend.md	A2-129	IDF 11th: распространённость диабета 20-79 лет в Azerbaijan в 2024 г. = 9.9% (crude), age-adjusted comparative 10.2%.	9.9 / 10.2	%	2024	diabetes prevalence 20-79, crude / age-adjusted comparative (IDF)	Azerbaijan	IDF Diabetes Atlas 11th edition (2025), country summary tables	s3 bucket IDF (см. S5)	T1	2026-09-04	стр. 109 PDF: Azerbaijan / 715.3 / 9.9 / 10.2	HIGH	НЕ сопоставимо с NCD-RisC (18+, WHO-стандарт)
A2_diabetes_trend.md	A2-130	IDF 10th: в Azerbaijan в 2021 г. 397.1 тыс. взрослых 20-79 лет с диабетом, prevalence 5.6%.	397.1 / 5.6	тыс. чел. / %	2021	number of adults 20-79 with diabetes; prevalence (IDF 10th ed.)	Azerbaijan	IDF Diabetes Atlas 10th edition (2021), Country summary tables, NCBI Bookshelf	https://www.ncbi.nlm.nih.gov/books/n/idfatlas10e/appendices.s1/	T1	2026-09-04	Azerbaijan, 397.1 (367.3–429.1), 5.6 (5.2–6.1), 5.6 (5.1–6.0), 157.2 (145.4	MEDIUM	firecrawl_search: ~200-символьный фрагмент таблицы; порядок колонок: число (95% CI), prevalence (95% CI), age-adj (95% CI), недиагностированные
A2_diabetes_trend.md	A2-131	Разница оценок IDF 11th (2024) − 10th (2021) для Azerbaijan: +318.2 тыс. (+80.1%) — НЕ тренд, методология менялась.	+318.2	тыс. чел.	2021→2024	difference of two IDF editions, adults 20-79	Azerbaijan	IDF 10th (NCBI) и 11th (PDF)	см. выше	T1 (расчёт)	2026-09-04	397.1 → 715.3	LOW	вторичная колонка с оговоркой (разд. 7)
A2_diabetes_trend.md	A2-132	IDF 10th: в 2021 г. в мире 536.6 млн взрослых 20-79 лет с диабетом (10.5%); прогноз 2045 — 783.2 млн (12.2%).	536.6 (10.5%)	млн чел.	2021	adults 20-79 with diabetes (IDF)	World	Sun et al. 2022, PMC11057359, абстракт	https://pmc.ncbi.nlm.nih.gov/articles/PMC11057359/	T1	2026-09-04	The global diabetes prevalence in 20-79 year olds in 2021 was estimated to be 10.5% (536.6 million people), rising to 12.2% (783.2 million) in 2045	HIGH	firecrawl_research_search_papers; 2045 — прогноз
A2_diabetes_trend.md	A2-133	IDF 11th: в 2024 г. в мире 588.7 млн взрослых 20-79 лет с диабетом (11.1%); прогноз 2050 — 852.5 млн (13.0%).	588.7 (11.1%)	млн чел.	2024	adults 20-79 with diabetes (IDF)	World	IDF Diabetes Atlas 11th edition (2025), Table 3.4	s3 bucket IDF (см. S5)	T1	2026-09-04	Table 3.4 ... World 11.1 11.1 588.7 13.0 13.0 852.5 (стр. 52 PDF)	HIGH	текст PDF; 2050 — прогноз
A2_diabetes_trend.md	A2-134	IDF 10th, Table 5: Топ-10 по числу взрослых 20-79 с диабетом в 2021 г.: China 140.9, India 74.2, Pakistan 33.0, USA 32.2, Indonesia 19.5, Brazil 15.7, Mexico 14.1, Bangladesh 13.1, Japan 11.0, Egypt 10.9 млн.	см. утверждение	млн чел.	2021	adults 20-79 with diabetes (IDF)	Top-10	Sun et al. 2022, PMC11057359, Table 5	https://pmc.ncbi.nlm.nih.gov/articles/PMC11057359/	T1	2026-09-04	Table 5 – Top 10 countries or territories when ranked by the number of adults (20–79 years) with diabetes in 2021 and 2045 / 1 China 140.9 / 2 India 74.2 / 3 Pakistan 33.0 / 4 USA 32.2 / 5 Indonesia 1	HIGH	firecrawl_search: таблица на странице PMC
A2_diabetes_trend.md	A2-135	IDF 11th, Table 3.4: Топ-10 по числу взрослых 20-79 с диабетом в 2024 г.: China 148.0, India 89.8, USA 38.5, Pakistan 34.5, Indonesia 20.4, Brazil 16.6, Bangladesh 13.9, Mexico 13.6, Egypt 13.2, Japan 10.8 млн.	см. утверждение	млн чел.	2024	adults 20-79 with diabetes (IDF)	Top-10	IDF Diabetes Atlas 11th edition (2025), Table 3.4	s3 bucket IDF (см. S5)	T1	2026-09-04	1 China 148.0 ... 2 India 89.8 ... 3 United States of America 38.5 ... 4 Pakistan 34.5 (стр. 52 PDF)	HIGH	текст PDF
A2_diabetes_trend.md	A2-136	IDF 10th: наивысшая comparative prevalence 2021 — Pakistan 30.8%, French Polynesia 25.2%, Kuwait 24.9%; Egypt — 10-е место, 20.9%.	30.8 / 25.2 / 24.9 / 20.9	%	2021	age-adjusted comparative diabetes prevalence 20-79 (IDF)	Pakistan; French Polynesia; Kuwait; Egypt	IDF 10th, Chapter 3 (NBK581940) и Table 4 PMC11057359	https://www.ncbi.nlm.nih.gov/books/NBK581940/	T1	2026-09-04	The highest comparative diabetes prevalence rates in 2021 are reported in Pakistan (30.8%), French Polynesia (25.2%) and Kuwait (24.9%)	HIGH	firecrawl_search
A2_diabetes_trend.md	A2-137	IDF 11th: наивысшая age-standardised prevalence 2024 — Pakistan 31.4%, Marshall Islands 25.7%, Kuwait 25.6%.	31.4 / 25.7 / 25.6	%	2024	age-standardised diabetes prevalence 20-79 (IDF)	Pakistan; Marshall Islands; Kuwait	IDF Diabetes Atlas 11th edition (2025), стр. 46	s3 bucket IDF (см. S5)	T1	2026-09-04	The highest age-standardised diabetes prevalence rates in 2024 were reported in Pakistan (31.4%), Marshall Islands (25.7%), and Kuwait (25.6%) (Table 3.5)	HIGH	текст PDF
A2_diabetes_trend.md	A2-138	IDF 11th: 62 из 215 стран/территорий (29%) не имеют собственных данных; использовано 246 источников из 153 стран.	62/215; 246/153	стран	2024	coverage of in-country data sources	World	IDF Diabetes Atlas 11th edition (2025), стр. 7, 28	s3 bucket IDF (см. S5)	T1	2026-09-04	In this edition, 62 out of 215 countries or territories (29%) lack in-country data	HIGH	текст PDF
A2_diabetes_trend.md	A2-139	IDF 10th: использовано 219 источников данных из 144 стран.	219/144	источников/стран	2021	data sources	World	IDF 10th, Chapter 3 (NBK581940)	https://www.ncbi.nlm.nih.gov/books/NBK581940/	T1	2026-09-04	In total, 219 data sources from 144 countries were included in the analysis	HIGH	firecrawl_search
A2_diabetes_trend.md	A2-140	IDF 11th перечисляет причины расхождений между 10-й и 11-й редакциями (новые исследования, регистры, исключение STEPS-опросов).	—	—	2021→2024	методологическая оговорка	World	IDF Diabetes Atlas 11th edition (2025), стр. 15	s3 bucket IDF (см. S5)	T1	2026-09-04	Possible reasons to account for significant differences between the 10th edition (2021) and 11th edition (2024) figures are: The inclusion of new studies	HIGH	текст PDF
A2_diabetes_trend.md	A2-141	IDF 11th сопоставляет свою оценку (589 млн, 2024, 20-79) с NCD-RisC (828 млн, 2022, 18+).	589 vs 828	млн чел.	2022/2024	adults with diabetes	World	IDF Diabetes Atlas 11th edition (2025), стр. 8	s3 bucket IDF (см. S5)	T1	2026-09-04	the recent WHO/NCD-RisC publication estimated that 828 million people aged 18 years or older had diabetes in 2022, considerably more than estimates provided in this IDF Diabetes Atlas (589 million) for 2024	HIGH	текст PDF
A2_diabetes_trend.md	A2-142	NCD-RisC 2024: в 2022 г. 828 млн (95% CrI 757-908) взрослых 18+ имели диабет, +630 млн к 1990 г.	828	млн чел.	2022	adults 18+ with diabetes (NCD-RisC 2024 definition)	World	NCD-RisC Lancet 2024 (PMC7616842), абстракт	https://pmc.ncbi.nlm.nih.gov/articles/PMC7616842/	T1	2026-09-04	In 2022, an estimated 828 million (95% credible interval [CrI] 757-908) adults (those aged 18 years and older) had diabetes, an increase of 630 million (554-713) from 1990	HIGH	firecrawl_research_search_papers; согласуется с WHO fact sheet (830 млн)
A2_diabetes_trend.md	A2-143	WHO: глобальная распространённость диабета среди взрослых выросла с 7% до 14% между 1990 и 2022 гг.	7 → 14	%	1990-2022	diabetes prevalence adults 18+ (NCD-RisC 2024)	World	WHO news release 13.11.2024	https://www.who.int/news/item/13-11-2024-urgent-action-needed-as-global-diabetes-cases-increase-four-fold-over-past-decades	T1	2026-09-04	The study reports that global diabetes prevalence in adults rose from 7% to 14% between 1990 and 2022. LMICs experienced the largest increases	HIGH	firecrawl_search (полный текст)
A2_diabetes_trend.md	A2-144	WHO: распространённость диабета 18+ около 20% в регионах Юго-Восточной Азии и Восточного Средиземноморья (2022).	~20	%	2022	diabetes prevalence adults 18+	WHO SEAR; WHO EMR	WHO news release 13.11.2024	см. выше	T1	2026-09-04	the prevalence of diabetes among adults aged 18 and older around 20% in the WHO South-East Asia and the Eastern Mediterranean Regions	MEDIUM	firecrawl_search; один источник
A2_diabetes_trend.md	A2-145	WHO: в 2022 г. почти 450 млн взрослых 30+ с диабетом (59%) не получали лечения.	450 (59%)	млн чел.	2022	untreated adults 30+ with diabetes	World	WHO news release 13.11.2024	см. выше	T1	2026-09-04	in 2022, almost 450 million adults aged 30 and older – about 59% of all adults with diabetes – remained untreated	MEDIUM	firecrawl_search; Imperial: "445 million adults aged 30 years and older with diabetes (59%) did not receive treatment in 2022"
A2_diabetes_trend.md	A2-146	Imperial/NCD-RisC: среди высокодоходных стран в 2022 г. наивысшая распространённость — USA (11.4% women, 13.6% men).	11.4 / 13.6	%	2022	diabetes prevalence adults 18+ (NCD-RisC 2024)	United States of America	Imperial College London news 258217	https://www.imperial.ac.uk/news/258217/diabetes-rate-doubles-800-million-adults/	T2 (ссылается на T1)	2026-09-04	Among high-income industrialised nations, diabetes rates in 2022 were highest in the USA (11.4% amongst in women and 13.6% in men)	MEDIUM	firecrawl_search: только сниппет страницы
A2_diabetes_trend.md	A2-147	Iraq STEPS 2015 (18+): недиагностированный T2D 8.1%, диагностированный 8.9%.	8.1 + 8.9	%	2015	crude prevalence T2D, adults 18+, STEPS	Iraq	Pengpid & Peltzer 2022, BMJ Open, PMC9684960 (абстракт)	https://pmc.ncbi.nlm.nih.gov/articles/PMC9684960/	T1	2026-09-04	The prevalence of UT2D was 8.1% and the prevalence of diagnosed T2D (DT2D) was 8.9%	MEDIUM	firecrawl_research_search_papers; сумма 17.0% — наш расчёт
A2_diabetes_trend.md	A2-148	Morocco STEPS 2017 (≥18): total T2D 13.2% (недиагностированный 5.9%, диагностированный 7.3%).	13.2	%	2017	crude prevalence T2D, adults 18+, STEPS	Morocco	Pengpid & Peltzer 2022, Sci Rep, PMC9515107 (абстракт)	https://pmc.ncbi.nlm.nih.gov/articles/PMC9515107/	T1	2026-09-04	the prevalence of undiagnosed T2D was 5.9% (44.7% of total T2D), diagnosed T2D 7.3% and total T2D 13.2%	MEDIUM	firecrawl_research_search_papers
A2_diabetes_trend.md	A2-149	Morocco, национальный опрос 2000: распространённость диабета 6.6%.	6.6	%	2000	crude diabetes prevalence, national survey	Morocco	pmid:12714863 (абстракт)	https://pubmed.ncbi.nlm.nih.gov/12714863/	T1	2026-09-04	The prevalence of diabetes was 6.6% and was similar for males and females	MEDIUM	firecrawl_research_search_papers
A2_diabetes_trend.md	A2-150	Lebanon, национальный опрос ≥25 лет (n=2195, WHO STEPwise): T2D 8.5% (95% CI 7.3-9.7).	8.5	%	публикация 2014 (год опроса не в абстракте)	prevalence T2D adults ≥25	Lebanon	Costanian et al. 2014, Diabetes Res Clin Pract, pmid:25005850 (абстракт)	https://pubmed.ncbi.nlm.nih.gov/25005850/	T1	2026-09-04	a cross-sectional national survey of 2195 Lebanese adults aged ≥25 years was conducted based on the WHO STEPwise guidelines. RESULTS: The prevalence of type 2 diabetes was 8.5% (95%CI=7.3-9.7)	MEDIUM	firecrawl_research_search_papers
A2_diabetes_trend.md	A2-151	Lebanon: «на 2017 г. распространённость диабета оценивается в 14.6%» (по цитирующей статье).	14.6	%	2017	diabetes prevalence (источник оценки в абстракте не назван)	Lebanon	PMC6233908 (абстракт)	https://pmc.ncbi.nlm.nih.gov/articles/PMC6233908/	T1 (вторичная цитата)	2026-09-04	As of 2017, the prevalence of diabetes in Lebanon is estimated to be 14.6%	LOW	firecrawl_research_search_papers; первоисточник оценки не открыт
A2_diabetes_trend.md	A2-152	Egypt, Alexandria (18-90 лет): age-adjusted prevalence диабета 16.8% (men 12.7%, women 19.1%).	16.8	%	публикация 2018	age-adjusted diabetes prevalence, adults 18-90, Alexandria	Egypt	pmid:30056190 (абстракт)	https://pubmed.ncbi.nlm.nih.gov/30056190/	T1	2026-09-04	We found an age-adjusted prevalence of diabetes of 16.8% (men, 12.7%; women 19.1%)	MEDIUM	firecrawl_research_search_papers; региональная выборка
A2_diabetes_trend.md	A2-153	Egypt, Sohag 2019 (50+): распространённость диабета 20.9% (95% CI 19.3-22.5).	20.9	%	2019	diabetes prevalence, adults 50+, Sohag	Egypt	AlSawahli et al. 2021, BMJ Open, PMC8212402 (абстракт)	https://pmc.ncbi.nlm.nih.gov/articles/PMC8212402/	T1	2026-09-04	The prevalence of DM was 20.9% (95% CI 19.3% to 22.5%). The prevalence in females (23.8%; 95% CI 21.4% to 26.3%) was significantly higher than in males (18.9%	MEDIUM	firecrawl_research_search_papers; выборка 50+
A2_diabetes_trend.md	A2-154	Обзор 2016: распространённость T2D в Egypt около 15.6% взрослых 20-79 лет.	15.6	%	публикация 2016	T2D prevalence adults 20-79 (обзор)	Egypt	Hegazi et al. 2015, Ann Glob Health, pmid:27108148 (абстракт)	https://pubmed.ncbi.nlm.nih.gov/27108148/	T1 (обзор)	2026-09-04	Currently, the prevalence of type 2 diabetes (T2D) in Egypt is around 15.6% of all adults aged 20 to 79	MEDIUM	firecrawl_research_search_papers
A2_diabetes_trend.md	A2-155	Yemen, Sana'a (20-85 лет): известный диабет 6.57% (crude); age-standardized 30-64 лет — 9.75%.	6.57 / 9.75	%	публикация 2002	known (diagnosed) diabetes, adults 20-85, Sana'a	Yemen	Gunaid 2002, pmid:15339127 (абстракт)	https://pubmed.ncbi.nlm.nih.gov/15339127/	T1	2026-09-04	The crude prevalence of known diabetes was 6.57% (95% CI: 5.2-8.2) ... The age-standardized prevalence for the age range 30-64 years was 9.75% (95% CI: 7.55-11.95) for diabetes	MEDIUM	firecrawl_research_search_papers; только диагностированные
A2_diabetes_trend.md	A2-156	Yemen, полусельский район у Sana'a (≥35 лет, n=250): crude prevalence диабета 10.4%.	10.4	%	публикация 2008	crude diabetes prevalence, adults ≥35	Yemen	pmid:18557451 (абстракт)	https://pubmed.ncbi.nlm.nih.gov/18557451/	T1	2026-09-04	a sample of 250 adults aged > or = 35 years in a semirural area near Sana'a ... The overall crude prevalence of diabetes was 10.4%	LOW	firecrawl_research_search_papers; малая выборка
A2_diabetes_trend.md	A2-157	Papua New Guinea, Koki Wanigela: age-standardised NIDDM 27.5% (men), 33.0% (women).	27.5 / 33.0	%	публикация 1994	age-standardised NIDDM prevalence, one community	Papua New Guinea	pmid:8208193 (абстракт)	https://pubmed.ncbi.nlm.nih.gov/8208193/	T1	2026-09-04	Age-standardised prevalence of NIDDM in Koki Wanigelas was 27.5% in men and 33.0% in women	LOW	firecrawl_research_search_papers; локальная община, не национальное значение
A2_diabetes_trend.md	A2-158	Papua New Guinea, Port Moresby: 15.8% городских жителей имели диабет (OGTT).	15.8	%	публикация 1980	diabetes prevalence, urban sample, OGTT	Papua New Guinea	pmid:7000592 (абстракт)	https://pubmed.ncbi.nlm.nih.gov/7000592/	T1	2026-09-04	15.8% of urban residents had diabetes mellitus	LOW	firecrawl_research_search_papers; малая выборка 1970-х
A2_diabetes_trend.md	A2-159	Turkmenistan: данных по распространённости гестационного диабета для страны и Центральной Азии не было (2013).	—	—	2013	data availability	Turkmenistan	pmid:23867899 (абстракт)	https://pubmed.ncbi.nlm.nih.gov/23867899/	T1	2026-09-04	Data on the prevalence of gestational diabetes (GDM) is not available for Turkmenistan or any other central Asian country	MEDIUM	firecrawl_research_search_papers; косвенно о дефиците данных
A2_diabetes_trend.md	A2-160	Список членов ООН: 193 государства (таблица Current members).	193	государств	2026-09-04	UN membership	—	Wikipedia, Member states of the United Nations	https://en.wikipedia.org/wiki/Member_states_of_the_United_Nations	T3 (сверено с A1: 193=193)	2026-09-04	Current members / Member state / Date of admission / ... Afghanistan / 19 November 1946 ... Zimbabwe / 25 August 1980	MEDIUM	firecrawl_search; файл data/un_member_states_a2.csv
B1_anomalies_east_asia_pacific.md	B1-01	Япония	特定健康診査・特定保健指導（高齢者の医療の確保に関する法律 第20条・24条）/ "Specific Health Checkups and Specific Health Guidance" ("Metabo Law")	обязательные измерения и скрининги; обязанности страхователей	2008 (система с апреля 2008)	в силе	保険者 (страховщик) обязан проводить ежегодный скрининг для застрахованных 40-74 лет; ст.20: "保険者は...四十歳以上の加入者に対し、特定健康診査を行うものとする"	laws.e-gov.go.jp (закон 357AC0000000080, T1)	не найдено ни одного аналога с обязательным для страховщиков ежегодным скринингом метаболического синдрома для широкой возрастной группы - наша оценка, поиск аналогов не завершён	ДА	HIGH			
B1_anomalies_east_asia_pacific.md	B1-02	Япония	特定健康診査等実施計画 - штрафы/бонусы (加算・減算) для страховщиков по показателю охвата (政令 419M60000100140)	обязанности страхователей и штрафы	2008	в силе	保険者: размер взноса в 後期高齢者支援金 зависит от 実施率 (доли прошедших спец. консультирование) за предыдущий год	laws.e-gov.go.jp (постановление 419M60000100140, T1)	не найдено аналогов	ДА	MEDIUM (числовые ставки штрафа не извлечены)			
B1_anomalies_east_asia_pacific.md	B1-03	Новая Зеландия	"Acceptable standard of health" - Operational Manual A4.10 / визовый медицинский критерий, BMI как инструмент скрининга	миграционные и визовые правила, завязанные на BMI	BMI введён в медосмотры INZ с апреля 2005	в силе	заявители на резидентство: медосмотр включает BMI; INZ вправе отказать при риске "significant cost... to health services"	immigration.govt.nz (news-centre + Operational Manual A4.10, T1)	наша оценка - не найдено аналога среди развитых стран с явным BMI как формальным инструментом иммиграционного медосмотра	ДА	HIGH (факт применения BMI с 2005); MEDIUM (порог "35" - только T2/T3)			
B1_anomalies_east_asia_pacific.md	B1-04	Сингапур	Nutri-Grade - запрет рекламы напитков категории "D" / Food Regulations reg. 184F	уникальные правила рекламы и маркировки	2021 (регламент), маркировка с 30.12.2022	в силе	производители/рекламодатели напитков категории D: запрет публикации рекламы (ст. 184F(1))	sso.agc.gov.sg, Food Regulations Cap. 283 Rg 1 (T1)	не найдено страны с обязательной 4-уровневой grade-системой + прямым запретом рекламы худшей категории для напитков	ДА	HIGH			
B1_anomalies_east_asia_pacific.md	B1-05	Самоа	Запрет импорта индюшачьих хвостов (turkey tails), 2007-2013	запреты на конкретные продукты / импорт	2007	ОТМЕНЁН (2013, вступление в ВТО)	импортёров: запрет ввоза/распространения turkey tails	ielp.worldtradelaw.net (T2), Civil Beat/NPR (T2), PMC10498917 (T1: тариф 300% после отмены запрета)	Тонга - аналог по логике (иной продукт)	ДА (историческая)	HIGH			
B1_anomalies_east_asia_pacific.md	B1-06	Тонга	Запрет импорта mutton flaps / Mutton flap import ban	запреты на конкретные продукты / импорт	полный запрет с 01.07.2020 (ранее - квота)	введён 01.07.2020; статус на 2026 не переподтверждён отдельным источником	импортёров: запрет ввоза mutton flaps	PMC10498917 (T1); repository.fnu.ac.fj / Food Policy journal (T1)	Фиджи - запрет продажи того же продукта (см. B1-07)	пограничная (>=2 страны региона)	MEDIUM			
B1_anomalies_east_asia_pacific.md	B1-07	Фиджи	Запрет продажи lamb/mutton flaps	запреты на конкретные продукты	введён до 2010 (дата публикации источника)	статус на 2026 не переподтверждён	продавцов: запрет продажи lamb/mutton flaps	repository.fnu.ac.fj / Food Policy journal, Thow et al. (T1)	Тонга - см. B1-06	пограничная	MEDIUM			
B1_anomalies_east_asia_pacific.md	B1-08	Науру	Импортный налог 30% на все высокосахаристые продукты и напитки	налоги необычной конструкции	2007	введён 2007; статус на 2026 не переподтверждён	импортёров: налог 30% на ввоз	FIZZ.org.nz PDF (T2/T3) + SPC (Pacific Community) discussion paper (T2, региональная межправительственная организация) - 2 согласующихся источника	ставка 30% и охват "всех сладких продуктов" (не только напитков) - высока по обоим параметрам, сравнение не завершено	ДА	MEDIUM-HIGH (2 независимых источника согласуются)			
B1_anomalies_east_asia_pacific.md	B1-09	Токелау (территория Новой Зеландии, НЕ член ООН)	Запрет/движение к запрету импорта газированных напитков	запреты на конкретные продукты / импорт	дата принятия не установлена в открытых источниках	расхождение: один T1-источник говорит о введённом запрете, другой - о "движении к" полному запрету	импортёров/поставщиков: запрет (или почти запрет) ввоза газированных напитков	PMC6670018 (T1) vs PMC10647377 (T1) - расхождение зафиксировано	наша оценка - единственная юрисдикция региона с (почти) полным НЕналоговым запретом сладких напитков	ДА, но не суверенное государство	MEDIUM			
B1_anomalies_east_asia_pacific.md	B1-10	Китай	"健康体重管理门诊" - обязательное создание клиник управления весом в больницах ("体重管理年")	нац. программы с обязательствами для институтов	программа 2024, уведомление о клиниках 25.03.2025 (国卫办医政函〔2025〕113号)	в силе; дедлайн для части учреждений истёк (июнь 2025)	центральные/провинциальные многопрофильные, детские, ТКМ-больницы: "要在2025年6月底前基本实现健康体重管理门诊设置全覆盖"	nhc.gov.cn (T1, официальное уведомление НКЗ КНР)	не найдено аналога - директива с жёстким дедлайном по созданию спец. клиник в гос. больницах	ДА	HIGH			
B1_anomalies_east_asia_pacific.md	B1-11	Япония	労働安全衛生法 第66条 - обязательные медосмотры от работодателя + обязанность работника пройти его	обязательные измерения и скрининги; обязанности работодателей	закон 1972 (昭和四十七年法律第五十七号), действующая редакция	в силе	事業者 (работодатель) обязан проводить медосмотр силами врача; ст.66-7: "労働者は...事業者が行なう健康診断を受けなければならない" (работник ОБЯЗАН пройти медосмотр)	laws.e-gov.go.jp (закон 347AC0000000057, T1)	двусторонняя обязательность (работодатель проводит + работник обязан явиться) - наша оценка, редко встречается в такой формулировке	ДА	HIGH			
B1_anomalies_east_asia_pacific.md	B1-12	Южная Корея	어린이 식생활안전관리 특별법 - "그린푸드존" (Green Food Zone), зона 200 м вокруг школ / Special Act on Safety Management of Children's Dietary Life	запреты/ограничения продуктов; нац. программы (школы)	закон, зона учреждена по ст.5	в силе	местные власти (시장·군수·구청장) вправе назначать зону 200 м вокруг школы как "어린이 식품안전보호구역"; торговые точки в зоне - под усиленным контролем	law.go.kr (국가법령정보센터, T1)	Индия - FSSAI зона 50 м (иной радиус); наша оценка >=2 аналога в мире (Индия, частично Мексика)	пограничная (есть аналоги, но радиус 200 м - один из крупнейших)	HIGH			
B1_anomalies_east_asia_pacific.md	B1-13	Южная Корея	Тот же закон - ограничение времени телерекламы 고열량·저영양식품 (высококалорийных, низкопитательных продуктов) с 17:00 до 19:00	уникальные правила рекламы и маркировки	введено (по редакции 2010 upd.)	в силе (시행령 - действующая редакция)	вещателей/рекламодателей: запрет/ограничение рекламы "고열량·저영양 식품" и "고카페인 함유 식품" в детский прайм-тайм 17:00-19:00	law.go.kr (시행령 어린이 식생활안전관리 특별법, T1)	наша оценка - редкая конструкция (законодательно определённая категория "высококалорийный-низкопитательный продукт" + фиксированное окно ТВ-рекламы) - прямых аналогов в открытых источниках этой сессии не найдено	ДА	HIGH			
B1_anomalies_east_asia_pacific.md	B1-14	Австралия	PBS listing GLP-1 (semaglutide/Ozempic, dulaglutide/Trulicity) - только для лечения диабета 2 типа, НЕ для ожирения (на дату доступа)	гос. финансирование бариатрии и GLP-1	текущий листинг - действующий; PBAC рассматривал равный доступ для ожирения на заседании 11.2025, обновление 03.2026	в силе (ограничение диабетом); вопрос расширения на ожирение - в процессе рассмотрения PBAC, не решён на 2026-09-04	производителей/врачей/пациентов: субсидия PBS доступна по строгому показанию (T2DM), не по ожирению без диабета	pbs.gov.au (T1: "Two GLP-1s are listed on the PBS for the treatment of type 2 diabetes... As of February 2026")	распространено (многие страны субсидируют GLP-1 только при диабете) - наша оценка, НЕ аномалия по факту ограничения, но статус "рассмотрение равного доступа, решение отложено" - специфичен	пограничная (ограничение обычное, но публичный процесс пересмотра - зафиксирован детально)	HIGH			
B1_anomalies_east_asia_pacific.md	B1-15	Австралия	TGA: запрет компаундирования (изготовления по рецепту в аптеке) агонистов рецепторов GLP-1, включая семаглутид, с 1 октября 2024	обязанности регулятора/фармацевтов; ограничение доступа	поправка к Schedule 5, Item 6 Therapeutic Goods Regulations 1990, вступила в силу 01.10.2024	в силе	аптеки-компаундеры: запрет изготовления и отпуска компаундированных препаратов, содержащих GLP-1 RA (в т.ч. семаглутид), с 01.10.2024	tga.gov.au (T1, официальные медиарелизы регулятора)	наша оценка - редкая мера (полный запрет компаундирования целого класса препаратов для похудения/диабета на национальном уровне); частичные аналоги в США (FDA removed shortage designation, ограничивавшее компаундирование) - не проверено в этой сессии	ДА	HIGH			
B1_anomalies_east_asia_pacific.md	B1-16	Австралия	Migration Regulations 1994, Schedule 4, PIC 4005/4007 - порог "significant cost" к системе здравоохранения	миграционные и визовые правила (общий медицинский критерий, диабет - частый кейс)	Migration Regulations 1994, действующая редакция	в силе; определение порога менялось (историческая фиксированная сумма AU$21,000 -> текущее относительное определение)	заявители на визу: обязаны быть "free from a disease or condition" не создающего "significant cost to the Australian community in health care and community services" (Schedule 4)	austlii.edu.au (текст Schedule 4, T1); immi.homeaffairs.gov.au (текущее офиц. разъяснение, T1); aph.gov.au (парламентский отчёт с историческим порогом AU$21,000, T1)	наиболее близкий аналог в регионе - Новая Зеландия (B1-03); за пределами региона отдельно не проверено	пограничная (общий критерий, не диабет-специфичный по тексту, но диабет - частый триггер по T2/T3 источникам)	HIGH (текст закона) / MEDIUM (историчность порога - конфликт версий: старый источник даёт $21,000, новый - относительное определение без фиксированной суммы)			
B1_anomalies_east_asia_pacific.md	B1-17	Филиппины	TRAIN Law (Republic Act No. 10963) - дифференцированный акциз на подслащённые напитки: ₱6/литр за напитки с калорийными/некалорийными подсластителями, ₱12/литр (вдвое выше) - ИМЕННО за напитки на кукурузном сиропе с высоким содержанием фруктозы (HFCS)	налоги необычной конструкции	закон подписан 19.12.2017, в силе с января 2018	в силе	производителей/импортёров напитков: акциз ₱6 или ₱12 за литр в зависимости от типа подсластителя	dof.gov.ph (Департамент финансов, T1); текст закона - gosupra.com/lawyerly.ph (репозитории права, воспроизводящие RA 10963, T2-T3, but сверено с PMC6357562, T1 журнальная статья)	наша оценка - единственный найденный налог на напитки, вдвое повышающий ставку ИМЕННО за использование одного конкретного подсластителя (HFCS), а не за общий уровень сахара	ДА	HIGH			
B1_anomalies_east_asia_pacific.md	B1-18	Таиланд	Excise tax on sweetened beverages - многоуровневая ставка по содержанию сахара (г/100мл) С ЗАКОНОДАТЕЛЬНО ПРЕДУСТАНОВЛЕННЫМ РОСТОМ каждые 2 года (2017->2019->2021->2023)	налоги необычной конструкции	введён октябрь 2017, поэтапный рост зафиксирован в законе на 2019/2021/2023	в силе (финальный этап расписания - 2023, далее ставки сохраняются)	производителей/импортёров напитков: ставка по многоуровневой сетке г/100мл с автоматическим повышением по годам без нового законотворчества	apps.fas.usda.gov (USDA FAS GAIN report, T1 - официальный отчёт агентства США со ссылкой на текст постановления Департамента акцизов Таиланда); PMC8084227 (T1, журнальная статья): "specific tax rates would increase after 2019 and every two years afterward and settle in 2023 with a maximum rate of 5 Baht"	наша оценка - редкая конструкция: заранее прописанное в законе многолетнее расписание автоматического повышения ставки (стимул к переформулированию продукта) без необходимости повторного законодательного акта	ДА	HIGH			
B1_anomalies_east_asia_pacific.md	B1-001	Закон Японии обязывает страховщиков проводить специфический медосмотр (特定健康診査) для застрахованных 40 лет и старше	40	лет (порог возраста)	2008-текущее время	возрастной порог начала обязательного скрининга по закону об обеспечении медицинской помощи пожилым	Япония	高齢者の医療の確保に関する法律 (e-Gov 法令検索)	https://laws.e-gov.go.jp/law/357AC0000000080	T1	2026-09-04	"保険者は...四十歳以上の加入者に対し、特定健康診査を行うものとする"	HIGH	firecrawl_search; ст.20 закона
B1_anomalies_east_asia_pacific.md	B1-002	Постановление Минздрава Японии устанавливает верхнюю возрастную границу обязательного скрининга - 74 года включительно (40-75)	40-75	лет (диапазон)	текущая редакция	возрастной диапазон обязательного 特定健康診査	Япония	特定健康診査及び特定保健指導の実施に関する基準 (省令419M60000100157)	https://laws.e-gov.go.jp/law/419M60000100157	T1	2026-09-04	"当該年度において四十歳以上七十五歳以下の年齢に達するもの"	HIGH	firecrawl_search
B1_anomalies_east_asia_pacific.md	B1-003	Постановление Кабинета министров Японии увязывает размер взноса страховщика в 後期高齢者支援金 с долей охвата специфическим оздоровительным консультированием (実施率)	-	доля (実施率), пороговое сравнение	текущая редакция	норма зависимости надбавки/скидки к взносу от показателя охвата предыдущего года	Япония	高齢者の医療の確保に関する法律による保険者の前期高齢者交付金等に関する政令	https://laws.e-gov.go.jp/law/419M60000100140	T1	2026-09-04	"当該年度の前年度における特定保健指導の実施率が...次の表の下欄に掲げる実施率に満たないこと"	MEDIUM	firecrawl_search; числовые ставки надбавки не извлечены
B1_anomalies_east_asia_pacific.md	B1-004	Иммиграционная служба Новой Зеландии использует BMI как инструмент выявления ожирения в иммиграционных медосмотрах с апреля 2005 года	апрель 2005	дата начала практики	с 2005 по 2026 (текущее)	применение индекса массы тела (BMI) в обязательных медосмотрах для заявителей на визу/резидентство	Новая Зеландия	Immigration New Zealand, "Acceptable Standard of Health"	https://www.immigration.govt.nz/about-us/news-centre/acceptable-standard-of-health/	T1	2026-09-04	"BMI has been required in INZ immigration medical examinations since April 2005 as a tool to assist in identifying obesity."	HIGH	firecrawl_search
B1_anomalies_east_asia_pacific.md	B1-005	По неофициальным (T2/T3) источникам, INZ рассматривает BMI выше 35 как основание для дополнительной проверки состояния здоровья заявителя	35	kg/m2 (BMI, пороговое значение)	по состоянию на 2013 (Library of Congress)	пороговое значение BMI, при превышении которого запускается доп. проверка	Новая Зеландия	Library of Congress blog; ibwlaw.co.nz	https://blogs.loc.gov/law/2013/07/how-big-is-too-big-for-new-zealand/ ; https://ibwlaw.co.nz/did-you-know-obesity-may-affect-your-visa-application/	T2/T3	2026-09-04	"people with a BMI score over 35 are not likely to meet the health requirements"; "applicants with a BMI of over 35 can expect INZ to make further inquiries"	MEDIUM	firecrawl_search; первичный текст INZ с числом "35" в этой сессии не получен дословно
B1_anomalies_east_asia_pacific.md	B1-006	Регламент Сингапура запрещает публикацию рекламы напитков категории Nutri-Grade "D"	D	категория (буквенная шкала Nutri-Grade A-D)	действует (регламент S 993/2021, ред. 2023)	запрет рекламы худшей категории по системе обязательной маркировки напитков	Сингапур	Food Regulations (Cap. 283, Rg 1), reg. 184F	https://sso.agc.gov.sg/SL/SFA1973-RG1?ProvIds=pr184A-,pr184B-,pr184C-,pr184D-,pr184E-,pr184F-	T1	2026-09-04	"Prohibition on advertisements relating to Nutri-Grade beverages graded \"D\" 184F.—(1) A person must not publish, cause to be published,"	HIGH	firecrawl_search
B1_anomalies_east_asia_pacific.md	B1-007	Самоа ввела запрет импорта индюшачьих хвостов в 2007 году	2007	год	2007-2013	год введения импортного запрета конкретного продукта	Самоа	Honolulu Civil Beat	https://www.civilbeat.org/2013/05/samoa-lifts-ban-on-tasty-turkey-tails/	T2	2026-09-04	"Samoa banned imports of turkey tails in 2007"	MEDIUM	firecrawl_search; согласуется с NPR
B1_anomalies_east_asia_pacific.md	B1-008	Самоа отменила запрет импорта индюшачьих хвостов при вступлении в ВТО, заменив тарифом 300%	300	% (адвалорный тариф)	по состоянию на 2019	ставка импортного тарифа на turkey tails после отмены запрета	Самоа	PMC10498917 (журнальная статья)	https://pmc.ncbi.nlm.nih.gov/articles/PMC10498917/	T1	2026-09-04	"Samoa's tariff rate of turkey tails remains at 300% as of 2019"	HIGH	firecrawl_search
B1_anomalies_east_asia_pacific.md	B1-009	Условия присоединения Самоа к ВТО обязывали отменить запрет на импорт и внутреннее распространение turkey tails в течение 12 месяцев после присоединения	12	месяцев (срок)	исполнение к 2013	условие протокола присоединения к ВТО об отмене торгового запрета	Самоа	ielp.worldtradelaw.net "Trade in Everything: Turkey Tails"	https://ielp.worldtradelaw.net/2011/11/trade-agreements-and-fatty-foods/	T2	2026-09-04	"Samoa would within 12 months of its accession eliminate the prohibition on the importation and domestic distribution of turkey tails"	MEDIUM	firecrawl_search; первичный текст протокола ВТО не открыт
B1_anomalies_east_asia_pacific.md	B1-010	Тонга ввела полный запрет импорта mutton flaps с 1 июля 2020 года	1 июля 2020	дата	2020-текущее (не переподтверждено на 2026)	дата вступления в силу полного запрета импорта конкретного мясопродукта	Тонга	PMC10498917 (журнальная статья)	https://pmc.ncbi.nlm.nih.gov/articles/PMC10498917/	T1	2026-09-04	"Tonga has recently instated a mutton flap import ban starting 01 July 2020"	HIGH	firecrawl_search
B1_anomalies_east_asia_pacific.md	B1-011	Фиджи запретила продажу lamb/mutton flaps (бараньих грудинок)	-	(запрет, бинарный факт)	до 2010 (дата публикации источника)	факт правительственного запрета продажи конкретного мясопродукта	Фиджи	Food Policy journal (Thow et al.), FNU repository PDF	https://repository.fnu.ac.fj/3169/1/1-s2.0-S0306919210000771-main.pdf	T1	2026-09-04	"in Fiji, the government banned the sale of lamb/mutton flaps (sheep bellies)"	MEDIUM	firecrawl_search; точная дата принятия не извлечена
B1_anomalies_east_asia_pacific.md	B1-012	Науру ввела в 2007 году импортный налог 30% на все высокосахаристые продукты и напитки	30	% (адвалорный налог)	2007	год введения и ставка налога на импорт высокосахаристых продуктов	Науру	FIZZ.org.nz PDF	https://www.fizz.org.nz/pdf/research/7%2520Sugar%2520Sweetened%2520Beverages%2520in%2520Pacific%2520Island%2520Countries%2520and%2520Territories.pdf	T2/T3	2026-09-04	"In 2007, Nauru introduced a large (30%) tax on all high sugary foods and drinks"	MEDIUM	firecrawl_search
B1_anomalies_east_asia_pacific.md	B1-013	Независимый источник (Pacific Community, SPC) подтверждает ставку импортного налога Науру на высокосахаристые напитки 30%	30	% (адвалорный налог)	не указан в фрагменте	ставка импортного налога на высокосахаристые напитки	Науру	SPC (Pacific Community) discussion paper	https://spccfpstore1.blob.core.windows.net/digitallibrary-docs/files/97/976c8073f210178f0f38651cdcc073da.pdf	T2	2026-09-04	"This is the case in Nauru where an import tax of 30% on high-sugar drinks was introduced (see text box)"	MEDIUM	firecrawl_search; второй независимый источник, согласуется с B1-012
B1_anomalies_east_asia_pacific.md	B1-014	Журнальная статья фиксирует наличие в Токелау импортных запретов на газированные напитки	-	(запрет, бинарный факт)	не указан в фрагменте	факт торгового запрета на конкретную категорию напитков	Токелау	PMC6670018	https://pmc.ncbi.nlm.nih.gov/articles/PMC6670018/	T1	2026-09-04	"import bans on carbonated soft drinks in Tokelau"	MEDIUM	firecrawl_search
B1_anomalies_east_asia_pacific.md	B1-015	Другая журнальная статья описывает движение Токелау к полному запрету сахаросодержащих напитков (мягче, чем "уже введённый запрет")	-	(процесс, не завершённый факт)	не указан	статус меры (в процессе vs введена)	Токелау	PMC10647377	https://pmc.ncbi.nlm.nih.gov/articles/PMC10647377/	T1	2026-09-04	"Tokelau, which has moved towards a complete ban of SSBs"	MEDIUM	firecrawl_search; расхождение с B1-014 зафиксировано
B1_anomalies_east_asia_pacific.md	B1-016	НКЗ КНР обязала центральные и провинциальные многопрофильные/детские/ТКМ-больницы обеспечить полное покрытие клиниками управления здоровым весом к концу июня 2025 года	июнь 2025	дедлайн (дата)	уведомление от 25.03.2025	обязательство создания специализированных клиник в подведомственных больницах к сроку	Китай	НКЗ КНР, "关于做好健康体重管理门诊设置与管理工作的通知" (国卫办医政函〔2025〕113号)	https://www.nhc.gov.cn/wjw/c100378/202504/f94979ff66e0418aa5d610d12a12c848.shtml	T1	2026-09-04	"国家卫生健康委、国家中医药局属（管）、省（区、市）属综合医院、儿童医院、中医医院要在2025年6月底前基本实现健康体重管理门诊设置全覆盖"	HIGH	firecrawl_search
B1_anomalies_east_asia_pacific.md	B1-017	Программа "体重管理年" (Год управления весом) НКЗ КНР рассчитана на срок около 3 лет с 2024 года	3	года (примерный срок)	с 2024	горизонт национальной программы по управлению весом населения	Китай	НКЗ КНР, "关于印发'体重管理年'活动实施方案的通知"	https://www.nhc.gov.cn/ylyjs/gzdt/202406/41c64b9fd9774352af22f5274c1e831d.shtml	T1	2026-09-04	"自2024年起，力争通过三年左右时间，实现体重管理支持性环境广泛建立"	HIGH	firecrawl_search
B1_anomalies_east_asia_pacific.md	B1-018	Общая программа НКЗ КНР 2024 г. лишь рекомендует (не обязывает жёстко) медучреждениям создавать клиники управления весом	-	(рекомендательная норма, "鼓励")	2024	степень обязательности нормы (рекомендация vs императив)	Китай	НКЗ КНР, "关于印发'体重管理年'活动实施方案的通知"	https://www.nhc.gov.cn/ylyjs/gzdt/202406/41c64b9fd9774352af22f5274c1e831d.shtml	T1	2026-09-04	"鼓励医疗卫生机构设置体重管理门诊或肥胖防治中心，整合相关专业资源，提供肥胖症诊疗服务"	HIGH	firecrawl_search; сопоставить с B1-016 (жёстче для подведомственных)
B1_anomalies_east_asia_pacific.md	B1-019	Закон Японии обязывает работодателя проводить медосмотр работников силами врача	-	(обязанность, бинарный факт)	закон 1972, действующая редакция	обязанность работодателя обеспечить медосмотр	Япония	労働安全衛生法 (e-Gov 法令検索), ст.66	https://laws.e-gov.go.jp/law/347AC0000000057	T1	2026-09-04	"事業者は、労働者に対し、厚生労働省令で定めるところにより、医師による健康診断...を行なわなければならない"	HIGH	firecrawl_search
B1_anomalies_east_asia_pacific.md	B1-020	Тот же закон обязывает работника пройти медосмотр, организованный работодателем	-	(обязанность, бинарный факт)	закон 1972, действующая редакция	обязанность работника явиться на медосмотр	Япония	労働安全衛生法 (e-Gov 法令検索)	https://laws.e-gov.go.jp/law/347AC0000000057	T1	2026-09-04	"労働者は、前各項の規定により事業者が行なう健康診断を受けなければならない"	HIGH	firecrawl_search
B1_anomalies_east_asia_pacific.md	B1-021	Закон Южной Кореи устанавливает зону защиты продовольственной безопасности детей в пределах 200 метров от школы	200	метров (радиус зоны)	закон, ст.5	радиус зоны вокруг школы с ограничениями на продажу определённых продуктов	Южная Корея	어린이 식생활안전관리 특별법 (국가법령정보센터)	http://www.law.go.kr/LSW/lsInfoP.do?lsiSeq=98630	T1	2026-09-04	"선거리 200미터의 범위 안의 구역을 어린이 식품안전보호구역...으로 지정ᆞ관리할 수 있다"	HIGH	firecrawl_search
B1_anomalies_east_asia_pacific.md	B1-022	Официальное разъяснение law.go.kr подтверждает бытовое название зоны 200 м как "그린푸드존" (Green Food Zone)	200	метров	текущая редакция	название и радиус зоны по ст.5 закона	Южная Корея	law.go.kr, разъяснение (1차 해석)	https://www.law.go.kr/LSW/cgmExpcInfoP.do?cgmExpcDatSeq=459738&mode=2&ofiClsCd=350116	T1	2026-09-04	"학교와 해당 학교의 경계선으로부터 직선거리 200미터의 범위 안의 구역을 그린푸드존으로 지..."	HIGH	firecrawl_search
B1_anomalies_east_asia_pacific.md	B1-023	Президентский декрет-исполнение закона Южной Кореи ограничивает время телерекламы высококалорийных-низкопитательных продуктов интервалом 17:00-19:00	17:00-19:00	временное окно	текущая редакция (시행령)	часы суток, в которые ограничена/запрещена реклама определённой категории продуктов	Южная Корея	어린이 식생활안전관리 특별법 시행령 (국가법령정보센터)	https://www.law.go.kr/LSW/lsInfoP.do?urlMode=lsInfoP&lsId=010937	T1	2026-09-04	"저영양 식품과 고카페인 함유 식품에 대해 광고하는 것을 제한하는 시간은 오후 5시부터 오후 7시까지로 한다"	HIGH	firecrawl_search
B1_anomalies_east_asia_pacific.md	B1-024	PBS Австралии по состоянию на февраль 2026 г. субсидирует только 2 GLP-1 препарата (семаглутид, дулаглутид), и только по показанию диабет 2 типа	2	препарата (кол-во)	по состоянию на февраль 2026	число GLP-1 препаратов, субсидируемых PBS, и их разрешённое показание	Австралия	PBS, "PBAC advice on equitable access to GLP-1 obesity treatments"	https://www.pbs.gov.au/info/reviews/PBAC-advice-equitable-access-to-GLP-1-obesity-treatments	T1	2026-09-04	"Two GLP-1s are listed on the PBS for the treatment of type 2 diabetes, semaglutide (Ozempic®) and dulaglutide (Trulicity®). As of February 2026,"	HIGH	firecrawl_search
B1_anomalies_east_asia_pacific.md	B1-025	PBAC Австралии рассмотрел вопрос равного доступа к GLP-1 для лечения ожирения на заседании ноября 2025 года	ноябрь 2025	дата заседания	2025	дата рассмотрения регуляторным комитетом вопроса о расширении субсидии	Австралия	PBS news, "PBAC advice on equitable access to GLP-1 obesity treatments"	https://www.pbs.gov.au/news/2026/03/pbac-advice-on-equitable-access-to-glp-1-obesity-treatments-17-march-2026	T1	2026-09-04	"The PBAC provided its advice on equitable access to GLP-1 obesity treatments through the PBS at the November 2025 meeting."	HIGH	firecrawl_search
B1_anomalies_east_asia_pacific.md	B1-026	TGA Австралии запретила компаундирование GLP-1 препаратов (включая семаглутид) фармацевтами с 1 октября 2024 года	1 октября 2024	дата вступления в силу	2024-текущее	дата запрета компаундирования конкретного фармакологического класса	Австралия	TGA media release	https://www.tga.gov.au/news/media-releases/your-solution-compounding-pharmacy-undertakes-comply-advertising-rules-weight-loss-medicines	T1	2026-09-04	"from 1 October 2024 under amendments to Schedule 5, Item 6 of the Therapeutic Goods Regulations 1990, compounded Glucagon-Like Peptide-1 Receptor Agonist (GLP-1 RA) products, such as semaglutide, can no longer be compounded"	HIGH	firecrawl_search
B1_anomalies_east_asia_pacific.md	B1-027	Второй официальный релиз TGA подтверждает, что запрет распространяется на все лекарственные формы GLP-1 RA, скомпаундированные на/после 1 октября 2024	1 октября 2024	дата	2024	охват запрета по лекарственным формам и дате	Австралия	TGA media release	https://www.tga.gov.au/news/media-releases/update-glucagon-peptide-1-receptor-agonists-glp-1-ras-pharmacy-compounding-changes	T1	2026-09-04	"These amendments will apply to all medicines containing GLP-1 RA analogues, regardless of dosage form, compounded on or after 1 October 2024."	HIGH	firecrawl_search
B1_anomalies_east_asia_pacific.md	B1-028	Миграционное законодательство Австралии (Schedule 4) устанавливает критерий "significant cost" к здравоохранению как основание отказа в визе	-	(критерий, бинарный факт)	действующая редакция	текст нормы Schedule 4 Migration Regulations 1994	Австралия	AustLII, Migration Regulations 1994, Schedule 4	http://www.austlii.edu.au/au//legis/cth/consol_reg/mr1994227/sch4.html	T1	2026-09-04	"(A) result in a significant cost to the Australian community in the areas of health care and community services; or (B) prejudice the access of an [...]"	HIGH	firecrawl_search
B1_anomalies_east_asia_pacific.md	B1-029	Действующее официальное разъяснение Департамента внутренних дел Австралии определяет "significant cost" относительно (без фиксированной суммы), как превышающий средние затраты на одного австралийца	-	(относительное определение, не число)	текущая редакция	формулировка порога "значительной стоимости" на дату доступа	Австралия	immi.homeaffairs.gov.au, "Protecting health care and community services"	https://immi.homeaffairs.gov.au/help-support/meeting-our-requirements/health/protecting-health-care-and-community-services	T1	2026-09-04	"Significant cost is interpreted as a cost that is 'higher than the average health and community services cost for an Australian'."	HIGH	firecrawl_search
B1_anomalies_east_asia_pacific.md	B1-030	Исторический (устаревший) парламентский отчёт указывал фиксированный порог "significant cost" в размере AU$21,000	21000	AUD (историческая сумма)	по состоянию на дату отчёта (точная дата не установлена в этой сессии, отчёт комитета до текущей редакции политики)	историческая фиксированная сумма порога значительной стоимости для миграционного медицинского критерия	Австралия	Parliament of Australia, "Chapter 3 The Migration Health Requirement"	https://www.aph.gov.au/Parliamentary_Business/Committees/Joint/Completed_Inquiries/mig/disability/chapter3	T1	2026-09-04	"costs are considered to be significant where a MOC assesses that the potential costs of the applicant's disease or condition... are likely to be more than $21000"	MEDIUM	firecrawl_search; расходится с текущим относительным определением (B1-029) - расхождение по времени, не по существу нормы
B1_anomalies_east_asia_pacific.md	B1-031	TRAIN Law Филиппин облагает напитки на калорийных/некалорийных подсластителях (кроме HFCS) акцизом 6 песо за литр	6	песо/литр	закон 2017, в силе с 2018	ставка акциза на литр объёма для одной категории подсластителей	Филиппины	Republic Act No. 10963 (текст закона)	https://lawyerly.ph/laws/view/l13aaf	T2/T3 (правовая база, текст закона)	2026-09-04	"A tax of Six pesos (P6.00) per liter of volume capacity shall be levied"	MEDIUM	firecrawl_search; текст воспроизведён на неофициальном юридическом портале, сверен с PMC6357562
B1_anomalies_east_asia_pacific.md	B1-032	TRAIN Law Филиппин облагает напитки на HFCS (кукурузном сиропе с высоким содержанием фруктозы) акцизом 12 песо за литр - вдвое выше базовой ставки	12	песо/литр	закон 2017, в силе с 2018	ставка акциза на литр объёма для напитков на HFCS	Филиппины	Republic Act No. 10963 (текст закона)	https://lawyerly.ph/laws/view/l13aaf	T2/T3	2026-09-04	"A tax of Twelve pesos (P12.00) per liter of volume capacity shall be levied"	MEDIUM	firecrawl_search
B1_anomalies_east_asia_pacific.md	B1-033	Официальный сайт Департамента финансов Филиппин подтверждает ставку 6 песо за литр для базовой категории подслащённых напитков	6	песо/литр	с января 2018 (закон "started January last year" относительно даты публикации статьи)	ставка акциза, подтверждённая министерством	Филиппины	dof.gov.ph, "ASEAN members cite TRAIN's sweetened beverage tax as successful policy"	https://www.dof.gov.ph/asean-members-cite-trains-sweetened-beverage-tax-as-successful-policy-dof/	T1	2026-09-04	"Starting January last year, the Philippine government implemented an excise tax on sugary drinks equivalent to P6 per liter for beverages using"	HIGH	firecrawl_search
B1_anomalies_east_asia_pacific.md	B1-034	Таиланд ввела новый специфический налог на сахар в напитках в октябре 2017 года с многоуровневой сеткой по граммам сахара на 100 мл	октябрь 2017	дата введения	2017	дата введения многоуровневого специфического налога на сахаросодержащие напитки	Таиланд	USDA FAS GAIN report, "Thai Excise Department Implements New Sugar Tax on Beverages"	https://apps.fas.usda.gov/newgainapi/api/report/downloadreportbyfilename?filename=Thai+Excise+Department+Implements+New+Sugar+Tax+on+Beverages_Bangkok_Thailand_10-17-2017.pdf	T1	2026-09-04	"Contain sugar over 14 grams but less than 18 grams per 100 ml of beverage" (пример одной из ставок сетки)	HIGH	firecrawl_search
B1_anomalies_east_asia_pacific.md	B1-035	Тайская система налога на сахар законодательно предусматривает автоматическое повышение ставок после 2019 г. каждые 2 года, с финальным этапом в 2023 г. и максимальной ставкой 5 бат	5	бат (максимальная ставка верхнего диапазона)	этапы 2017->2019->2021->2023	заранее прописанное в законе расписание повышения специфической ставки налога	Таиланд	PMC8084227, "Impacts of a sugar sweetened beverage tax on body mass index"	https://pmc.ncbi.nlm.nih.gov/articles/PMC8084227/	T1	2026-09-04	"This system also stated the specific tax rates would increase after 2019 and every two years afterward and settle in 2023 with a maximum rate of 5 Baht per"	HIGH	firecrawl_search
B1_anomalies_east_asia_pacific.md	B1-036	Первая фаза тайского налога на сахар (2017-2019) сопровождалась снижением среднего содержания сахара в напитках на 26%	26	% (относительное снижение)	2017-2019	изменение среднего содержания сахара в напитках (г/100мл) за первую фазу действия налога	Таиланд	IMF presentation, "Sugar Sweetened Beverages Tax in Thailand"	https://www.imf.org/-/media/files/news/seminars/2021/11-imfjapan-highlevel-tax-conference-for-asian-countries-day-2-presentation-mr-utensute.pdf	T1 (презентация МВФ с офиц. данными Таиланда)	2026-09-04	"In the first-phase of sugary tax (2017-2019), an average sugar is reduced by 26% from 16.7 grams to 12.4 grams per 100 ml"	MEDIUM	firecrawl_search; это эффект меры (интерпретация), не сама норма - помечено отдельно от норм
B1_anomalies_east_asia_pacific.md	B1-037	Вьетнам принял закон о введении акциза на подслащённые напитки: 8% с 2027 года, повышение до 10% с 2028 года	8 -> 10	% (адвалорный акциз, две ступени)	принят 2025, вступление в силу 2027/2028	ставка и график вступления в силу нового акциза на сахаросодержащие напитки	Вьетнам	Campaign for Tobacco-Free Kids, "Government of Viet Nam Approves Life-Saving Taxes"	https://www.tobaccofreekids.org/press-releases/2025_06_18_government-of-viet-nam-approves-life-saving-taxes-on-tobacco-and-sugar-sweetened-beverages	T2 (профильная НКО, ссылается на офиц. закон)	2026-09-04	"The policy introduces an 8% excise tax on sugar-sweetened beverages, defined as products with sugar content exceeding 5g per 100ml, starting in 2027, rising to 10% in 2028."	MEDIUM	firecrawl_search; не аномалия (обычная конструкция), включено для полноты категории "принят/не в силе"
B1_anomalies_east_asia_pacific.md	B1-038	Индонезия неоднократно откладывала введение акциза на упакованные подслащённые напитки (MBDK), в том числе перенос с 2025 на 2026 год	2025 -> 2026	год (перенос срока)	решение об отсрочке - 2025	статус вступления в силу планируемого налога (отложен)	Индонезия	The Conversation (Indonesia edition)	https://theconversation.com/logika-keliru-penundaan-cukai-minuman-manis-cegah-penyakit-tak-bisa-tunggu-ekonomi-tumbuh-272707	T2/T3 (аналитическая статья на индонезийском СМИ)	2026-09-04	"Pemerintah kembali menunda penerapan cukai minuman berpemanis dalam kemasan (MBDK) yang semula direncanakan pada 2025, mundur menjadi 2026."	MEDIUM	firecrawl_search; налог НЕ введён на дату доступа - не может быть кандидатом в аномалии, зафиксирован как "рассматриваемый, отложенный"
B1_anomalies_east_asia_pacific.md	B1-039	"Война с диабетом" (War on Diabetes) Сингапура - национальная стратегия Минздрава, объявленная в 2016 году	2016	год объявления	с 2016 по текущее время	год запуска национальной стратегии по борьбе с диабетом	Сингапур	moh.gov.sg, "Update on the War on Diabetes"	https://www.moh.gov.sg/newsroom/update-on-the-war-on-diabetes/	T1	2026-09-04	"The War on Diabetes was launched in 2016 to mobilise the whole nation to tackle diabetes."	HIGH	firecrawl_search; сама стратегия - рамочная (framework), конкретные обязательства реализуются через подчинённые меры (напр. B1-04 Nutri-Grade)
B1_anomalies_east_asia_pacific.md	B1-040	Национальная корпорация медицинского страхования Южной Кореи обязана проводить скрининг застрахованных с частотой не реже 1 раза в 2 года (для не-офисных работников - 1 раз в год)	2 (1 для не-офисных)	года (частота)	текущая редакция	законодательно установленная минимальная частота обязательного скрининга через систему нацстрахования	Южная Корея	국민건강보험법 시행령 (국가법령정보센터), ст.25	https://www.law.go.kr/LSW/lumLsLinkPop.do?lspttninfSeq=69419&ancYnChk=0&chrClsCd=010202	T1	2026-09-04	"법 제52조에 따른 건강검진...은 2년마다 1회 이상 실시하되, 사무직에 종사하지 않는 직장가입자에 대해서는 1년에 1회"	HIGH	firecrawl_search; не отнесено к основным аномалиям - аналог в Японии (B1-01), минимум 2 страны региона
B2_anomalies_mena.md	B2-001	Dubai Municipality обязывала участников кампании "Your Weight in Gold" сбросить минимум 2 кг для получения золота	2	кг (минимум)	2013	Условие участия в разовой кампании муниципалитета	ОАЭ	CNN	https://www.cnn.com/2013/07/19/health/dubai-gold-diet	T2	2026-09-04	"To qualify, contestants must lose a minimum of two kilograms (4.4 pounds)"	MEDIUM	firecrawl_search, site:cnn.com
B2_anomalies_mena.md	B2-002	Приз в кампании "Your Weight in Gold" составлял 1 грамм золота за 1 кг сброшенного веса	1	грамм золота / кг	2013	Правило конвертации приза	ОАЭ	Facebook-репост со ссылкой на офиц. цифры участия	https://www.facebook.com/factsweird/posts/in-2013-dubai-municipality-launched-a-short-term-health-initiative-called-your-w/1594758608682436/	T3	2026-09-04	"By rewarding participants with one gram of gold per kilogram lost ... 5000 participants registered"	LOW	firecrawl_search; единственный источник низкого уровня для цифры "5000 участников", правило "1г/1кг" согласуется с T2 (g-labs, cnbc)
B2_anomalies_mena.md	B2-003	В ОАЭ с 2017 г. действует акциз 50% на газированные напитки и 100% на энергетики	50 / 100	%	2017	Ставка акциза (excise tax)	ОАЭ	u.ae — The Official Platform of the UAE Government	https://u.ae/en/information-and-services/finance-and-investment/taxation/excise-tax	T1	2026-09-04	"Excise tax was introduced across the UAE in 2017 ... 50 per cent on carbonated drinks. 100 per cent on energy drinks"	HIGH	firecrawl_search, site:u.ae
B2_anomalies_mena.md	B2-004	С 1 января 2026 г. в ОАЭ вводится "Tiered Volumetric Model" акциза на подслащённые напитки, ставка зависит от сахара на 100 мл	8 / 5	г сахара на 100 мл (пороги тиеров)	с 1.01.2026	Пороговая структура нового акцизного механизма	ОАЭ	tax.gov.ae — Federal Tax Authority	https://tax.gov.ae/en/media.centre/news/federal.tax.authority.clarifies.new.aspx	T1	2026-09-04	"High-sugar drinks containing 8g or more ... Moderate-sugar drinks containing 5g or more but less than 8g ... per 100 ml"	HIGH	firecrawl_search, site:tax.gov.ae
B2_anomalies_mena.md	B2-005	До 2026 г. Марокко было единственной страной региона EMR с акцизом на напитки, привязанным к объёму и содержанию сахара	1	страна (из 11 стран EMR с акцизом на SSB)	2024 (дата публикации обзора)	Классификация конструкции акциза (specific/tiered по сахару)	Марокко	WHO EMRO, East Mediterr Health J. 2024;30(11):720-729	https://www.emro.who.int/emhj-volume-30-2024/volume-30-issue-11/situation-analysis-of-sugar-sweetened-beverages-taxation-in-eastern-mediterranean-region.html	T1	2026-09-04	"Morocco is the only country in the EMR that applies this type of excise tax where drinks are subjected to a tax rate applied on the volume of the beverage, with rates differing according to the sugar content"	HIGH	firecrawl_search, site:emro.who.int; рецензируемый журнал ВОЗ
B2_anomalies_mena.md	B2-006	Хирургическое и нехирургическое лечение ожирения (включая morbid obesity) прямо исключено из минимального обязательного страхового пакета Дубая (EBP)	— (пункт 8 списка исключений)	—	закон 2013, EBP действует с 2014	Список исключений минимального пакета обязательного мед. страхования	ОАЭ (Дубай)	ISAHD — Insurance Standards Advisory Health Dubai, "Employer information pack"	https://www.isahd.ae/content/docs/employer%20information%20pack%20v5.0%20010715.pdf	T1	2026-09-04	"Surgical and non-surgical treatment for obesity (including morbid obesity), and any other weight control programs, services, or supplies."	MEDIUM	firecrawl_search categories:["pdf"]
B2_anomalies_mena.md	B2-007	Работодатели/спонсоры в Дубае обязаны покупать для сотрудников нижней зарплатной группы план не ниже EBP	—	—	закон 2013	Обязательность минимального страхового покрытия	ОАЭ (Дубай)	ISAHD, "Employer information pack"	https://www.isahd.ae/content/docs/employer%20information%20pack%20v4.4%20011014%20(1).pdf	T1	2026-09-04	"For these Lower Salary Band (LSB) employees the employer or other sponsor must purchase a plan that meets the Essential Benefits Plan minimum..."	MEDIUM	firecrawl_search, site:isahd.ae
B2_anomalies_mena.md	B2-008	В Абу-Даби с 11.06.2025 действует политика Thiqa о возмещении стоимости препаратов от ожирения (включая GLP-1) при BMI>=30 с условием по коморбидностям	30	BMI, кг/м2 (минимальный порог)	вступила в силу 11.06.2025	Критерий начала возмещения по программе Thiqa	ОАЭ (Абу-Даби)	DoH Abu Dhabi, "Thiqa reimbursement policy for obesity medications"	https://www.doh.gov.ae/-/media/9F8611EF0B7841F28E2AAE4614327F59.ashx	T1	2026-09-04	"BMI: Equal to or greater than 30, with specified requirements for obesity-related complications based on BMI level"	HIGH	firecrawl_search categories:["pdf"]
B2_anomalies_mena.md	B2-009	При BMI>=40 пациенты Thiqa (Абу-Даби) имеют право на возмещение GLP-1 без требования подтверждённых осложнений	40	BMI, кг/м2 (порог без доп. условий)	эфф. с 11.06.2025	Критерий начала возмещения по программе Thiqa	ОАЭ (Абу-Даби)	DoH Abu Dhabi, "Thiqa reimbursement policy for obesity medications"	https://www.doh.gov.ae/-/media/9F8611EF0B7841F28E2AAE4614327F59.ashx	T1	2026-09-04	"BMI 40.0 or above – no complications required"	HIGH	firecrawl_search categories:["pdf"]
B2_anomalies_mena.md	B2-010	С 2019 г. в Саудовской Аравии обязательная маркировка калорий на меню распространяется на ВСЕ рестораны независимо от размера и числа точек	—	—	введено в действие 2019 (объявлено 2017)	Охват обязательного требования маркировки калорийности	Саудовская Аравия	PMC10757599 (рецензируемая статья)	https://pmc.ncbi.nlm.nih.gov/articles/PMC10757599/	T1	2026-09-04	"requires all restaurants (regardless of size and number of outlets), including dine-in restaurants, fast-food restaurants, and others, to post caloric information clearly on their menus"	HIGH	firecrawl_search
B2_anomalies_mena.md	B2-011	С 1 июля 2025 г. SFDA (Саудовская Аравия) обязала рестораны/кафе указывать на меню время физической активности, необходимое для сжигания калорий блюда	—	—	эфф. с 1.07.2025	Новое требование маркировки меню ("Physical Activity Calorie Burn Labeling")	Саудовская Аравия	SFDA, новость №17639	https://www.sfda.gov.sa/en/news/17639	T1	2026-09-04	"The 'Physical Activity Calorie Burn Labeling' regulation requires restaurants and cafes to indicate the time needed to burn calories consumed"	HIGH	firecrawl_search, site:sfda.gov.sa
B2_anomalies_mena.md	B2-012	SFDA обязала маркировать блюда с содержанием соли свыше 5 г (2000 мг натрия) специальной этикеткой с 1.07.2025	5 / 2000	г соли / мг натрия (порог)	эфф. с 1.07.2025	Порог "High Salt Content Labeling"	Саудовская Аравия	SFDA, новость №17639	https://www.sfda.gov.sa/en/news/17639	T1	2026-09-04	"The 'High Salt Content Labeling' regulation mandates restaurants and cafes to label menu items containing over 5 grams of salt (2000mg sodium)"	HIGH	firecrawl_search, site:sfda.gov.sa
B2_anomalies_mena.md	B2-013	Программа "100 Million Healthy Lives" в Египте включала скрининг на ожирение, диабет, гипертонию и гепатит С в национальном масштабе	—	—	запущена в конце 2018	Перечень заболеваний, охваченных нац. скрининговой кампанией	Египет	World Bank, "Public Disclosure Authorized" (документ)	https://documents1.worldbank.org/curated/en/099445109262219336/pdf/P17590704b392c0de0be310ab2c8407e779.pdf	T1	2026-09-04	"screened for hepatitis C, diabetes, hypertension, and obesity (Box 6.3) ... The 100 Million Healthy Lives is a landmark public health program in Egypt"	HIGH	firecrawl_search, site:worldbank.org
B2_anomalies_mena.md	B2-014	По состоянию на 31.08.2026 инициативы "100 Million Healthy Lives" суммарно предоставили 289 млн медицинских услуг	289	млн услуг (совокупно)	по состоянию на 31.08.2026	Совокупный показатель охвата программы	Египет	State Information Service Egypt (sis.gov.eg)	https://sis.gov.eg/en/media-center/news/health-minister-100-million-healthy-lives-initiatives-deliver-289-million-services/	T1	2026-09-04	"Health Minister: 100 million healthy lives initiatives deliver 289 million services"	MEDIUM	firecrawl_search; данные Минздрава через гос. информагентство, независимая верификация цифры не выполнена
B2_anomalies_mena.md	B2-015	Турецкий регламент о здоровье водителей обязывает врача/учреждение уведомлять о случаях гипогликемии без ощущаемых симптомов у водителей	—	—	регламент действующий на 2026-09-04	Обязанность медицинского уведомления (ст.4 ч.11)	Турция	aile.gov.tr — Aile ve Sosyal Hizmetler Bakanlığı	https://www.aile.gov.tr/eyhgm/mevzuat/ulusal-mevzuat/yonetmelikler/surucu-adaylari-ve-suruculerde-aranacak-saglik-sartlari-ile-muayenelerine-dair-yonetmelik/	T1	2026-09-04	"Duyarsız hipogliseminin tespit edilmesi halinde; tespiti yapan tabip/kuruluş tarafından 4 üncü maddenin onbirinci fıkrası kapsamında bildirimde bulunulur."	HIGH	firecrawl_search, site:aile.gov.tr
B2_anomalies_mena.md	B2-016	С 1 января 2020 г. в Израиле продукты с превышением порогов сахара/соли/насыщ.жиров обязаны нести красный предупредительный ярлык	500 / 13.5 / 5	мг натрия / г сахара / г насыщ.жиров на 100г (твёрдая пища)	эфф. с 1.01.2020	Пороги для маркировки "red label"	Израиль	foodnavigator.com	https://www.foodnavigator.com/Article/2020/01/27/Israel-introduces-mandatory-HFSS-warnings-front-of-pack/	T2	2026-09-04	"As of 1 January 2020 ... products that exceed 500mg of sodium, 13.5g of total sugars, and 5g of total saturated fats, per 100g of solid food will require a 'red label'"	MEDIUM	firecrawl_search; первичный ивритский PDF не открыт (см. UNVERIFIED U2)
B2_anomalies_mena.md	B2-017	Национальная корзина медицинских услуг Израиля (סל הבריאות) на 2026-09-04 не включает ни одного продвинутого медикаментозного средства для лечения ожирения	—	—	по состоянию на 2026-09-04 (со ссылкой на протокол 2019 г. и текущее описание HMO)	Статус покрытия препаратов для похудения госстраховкой	Израиль	Clalit (mushlam.clalit.co.il)	https://mushlam.clalit.co.il/he/content_worlds/diabetes/Pages/Mounjaro.aspx	T2	2026-09-04	"האם ניתן לקבל אותה דרך סל הבריאות? לא. כיום אין שום טיפול תרופתי מתקדם להשמנה במסגרת סל הבריאות."	MEDIUM	firecrawl_search; согласуется с he.hadassah.org.il и firstwordpharma.com (2 доп. независимых T2-источника)
B2_anomalies_mena.md	B2-018	Налог на подслащённые напитки в Израиле был введён в ноябре 2021 г. и отменён министром финансов в январе 2023 г.	—	—	ноябрь 2021 -> январь 2023	Статус меры (принят -> отменён)	Израиль	PMC10755473, "Israel's repeal of a sweet beverages tax harms public health"	https://pmc.ncbi.nlm.nih.gov/articles/PMC10755473/	T1	2026-09-04	"In January 2023, the Israeli Finance Minister repealed the tax after almost no consultation with civil service professionals in the ministries"	HIGH	firecrawl_search
B2_anomalies_mena.md	B2-019	После введения налога на сладкие напитки в Израиле подушевые покупки сладких напитков снизились на 5% в целом и на 10% для напитков с высоким содержанием сахара	5 / 10	% (снижение покупок)	2021-2022 (период действия налога)	Изменение подушевых покупок SSB после налога	Израиль	WHO Europe Health Systems and Policies Monitor (eurohealthobservatory.who.int)	https://eurohealthobservatory.who.int/monitors/health-systems-monitor/updates/hspm/israel-2015/sugar-beverage-tax-cancelled-after-one-year-of-implementation	T1	2026-09-04	"The tax resulted in a reduced per-capita purchase of sweet beverages by 5% overall and by 10% specifically on high-sugar drinks (Bank Israel...)"	HIGH	firecrawl_search, site:eurohealthobservatory.who.int
B2_anomalies_mena.md	B2-020	Иранский закон о бюджете на 1392 г. (2013-2014) обязал правительство обложить безалкогольные напитки налогом 15% (местное производство) и 20% (импорт)	15 / 20	% (ставка налога)	2013-2014	Дифференцированная ставка налога на напитки в законе о бюджете	Иран	ircmj.com, "Nutritional Traffic Light Labeling and Taxation on Unhealthy Food Products in Iran"	https://www.ircmj.com/article_195623_df4ba1c7e005e50fad45902249b1dce1.pdf	T1	2026-09-04	"The Iranian Budget Law for the fiscal year 2013 - 2014 has obligated the government for the taxation of soft drinks at a rate of 15% and 20% for locally produced and [imported]"	MEDIUM	firecrawl_search categories:["pdf"]; статус на 2026-09-04 не переподтверждён
B2_anomalies_mena.md	B2-021	Иран классифицирован как одна из 16 стран мира с ОБЯЗАТЕЛЬНОЙ (не добровольной) FOP-маркировкой упакованных продуктов	16	стран (мировой список mandatory FOPL)	по состоянию на дату публикации обзора (2024/2025)	Классификация статуса FOP-маркировки (mandatory vs voluntary)	Иран	PMC11581873, "Global overview of government-endorsed nutrition labeling policies of packaged foods"	https://pmc.ncbi.nlm.nih.gov/articles/PMC11581873/	T1	2026-09-04	"Mandatory (n = 16)	Voluntary (n = 30) ... Eastern Mediterranean (n = 3)	Iran [ref]"
B2_anomalies_mena.md	B2-022	Саудовская Аравия классифицирована как страна с ДОБРОВОЛЬНОЙ FOP-маркировкой в том же региональном ряду, что и обязательная маркировка Ирана	—	—	по состоянию на дату публикации обзора	Классификация статуса FOP-маркировки	Саудовская Аравия	PMC11581873	https://pmc.ncbi.nlm.nih.gov/articles/PMC11581873/	T1	2026-09-04	"Voluntary (n = 30) ... Saudi Arabia [ref]" (та же таблица 5, региональный ряд Eastern Mediterranean)	MEDIUM	firecrawl_search
B2_anomalies_mena.md	B2-023	Школьные буфеты в Турции с 1 января 2019 г. обязаны продавать только продукты, получившие единый логотип соответствия по калориям/жиру/сахару/соли	—	—	эфф. с 01.01.2019	Критерии допуска продукта к продаже в школе	Турция	Sağlık Bakanlığı (saglik.gov.tr)	https://www.saglik.gov.tr/TR-52851/okullarda-satisi-yapilabilecek-yiyecek-ve-icecekler-icin-logo-uygulamasi-01012019.html	T1	2026-09-04	"belirli kriterleri (kalori, doymuş yağ, şeker, tuz) sağladığında okullarda satılması uygun olan yiyecek ve içecekler için tek bir [logo]"	HIGH	firecrawl_search, site:saglik.gov.tr
B2_anomalies_mena.md	B2-024	Актуальный (на 17.08.2026) список Научного комитета Минздрава Турции запрещает продажу энергетиков, газировки и ароматизированных напитков в учебных заведениях	—	—	решение от 17.08.2026	Перечень запрещённых к продаже в школах категорий напитков	Турция	Tarım ve Orman Bakanlığı (tarimorman.gov.tr), PDF	https://www.tarimorman.gov.tr/GKGM/Belgeler/DB_Gida_Isletmeleri/Okul_Gidasi_SB_Bilim_Kurulu_Karar_Tutanagi.pdf	T1	2026-09-04	"gazlı içecekler, yapay soda, aromalı şuruplar, aromalı içecek..." (в перечне продукции, не подходящей для продажи в образовательных учреждениях)	HIGH	firecrawl_search categories:["pdf"]
B2_anomalies_mena.md	B2-025	В Кувейте государственная система здравоохранения покрывает и бариатрическую, и метаболическую хирургию, тогда как в ОАЭ и Катаре страховка покрывает только бариатрическую хирургию	—	—	по состоянию на дату публикации обзора (2021)	Сравнение объёма гос. покрытия хирургии ожирения/диабета в трёх странах региона	Кувейт / ОАЭ / Катар	ScienceDirect, "Bariatric surgery in the Middle East and North Africa: narrative review"	https://www.sciencedirect.com/science/article/pii/S1550728921003129	T1	2026-09-04	"Kuwait provide public health coverage for both bariatric surgery and metabolic surgery, while in the UAE and Qatar government insurance only covers bariatric surgery"	HIGH	firecrawl_search
B2_anomalies_mena.md	B2-026	Кувейт лидирует в регионе по числу бариатрических операций как доле от численности населения страны (0.1642%)	0.1642	% от численности населения (совокупно проведённых операций)	по данным первого нац. регистра (дата публикации статьи не позднее 2020)	Доля населения, прооперированного бариатрически	Кувейт	PMC7685619, "Results from the first Kuwait National Bariatric Surgery Report"	https://pmc.ncbi.nlm.nih.gov/articles/PMC7685619/	T1	2026-09-04	"Kuwait as having the highest number of bariatric surgeries performed as a percentage of the national population, leading with 0.1642%"	HIGH	firecrawl_search
B2_anomalies_mena.md	B2-027	Официальная страница Минздрава Катара указывает период национальной стратегии по диабету как "2016-2023", тогда как рецензируемая статья 2025 г. указывает "2016-2022"	2016-2023 vs 2016-2022	период (годы)	стратегия анонсирована в 2016	Официально заявленный период действия национальной стратегии	Катар	moph.gov.qa vs pubmed.ncbi.nlm.nih.gov/40549421	https://www.moph.gov.qa/english/strategies/Supporting-Strategies-and-Frameworks/nationaldiabetesstrategy/Pages/default.aspx	T1 (оба источника T1, расхождение между ними)	2026-09-04	"the National Diabetes Strategy in Qatar 2016-2023" (MOPH) vs "The Qatar National Diabetes Strategy 2016–2022" (PubMed)	MEDIUM	firecrawl_search; расхождение между двумя T1-источниками зафиксировано, не устранено
B3_anomalies_europe.md	B3-001	Дания ввела налог на насыщенный жир законом № 247 от 30.03.2011	247	номер закона	2011	акт	Дания	Retsinformation, Lov nr. 247 af 30/03/2011	https://www.retsinformation.dk/eli/lta/2011/247/pdf	T1	2026-09-04	«§ 1. Der betales afgift til statskassen af vægten af mættet fedt i følgende fødevarer»	HIGH	firecrawl_search
B3_anomalies_europe.md	B3-002	Ставка датского налога составляла 16 DKK за кг насыщенного жира при пороге 2,3 %	16	DKK/кг	2011–2012	ставка акциза	Дания	Dahl et al., Nudging Nutrition (arXiv 2312.11481)	https://arxiv.org/abs/2312.11481	T2	2026-09-04	«The tax was 16 DKK (2.51 USD) per kilo of saturated fat on foods exceeding a threshold limit of 2.3% saturated fat»	MEDIUM	firecrawl_research_read_paper (полный текст)
B3_anomalies_europe.md	B3-003	Датский налог на жир был первым в мире и отменён через 15 месяцев	15	месяцев	2011–2013	срок действия	Дания	Bødker et al., Health Policy 2015 (pmid:25840733)	https://pubmed.ncbi.nlm.nih.gov/25840733/	T1 (абстракт)	2026-09-04	«In 2011, Denmark introduced the world's first tax on saturated fat, but only 15 months later the fat tax was abolished»	HIGH	firecrawl_research_search_papers
B3_anomalies_europe.md	B3-004	Датский налог на жир остаётся единственным в мире	1	стран	2011–2024	уникальность	Дания	Dahl et al., arXiv 2312.11481	https://arxiv.org/abs/2312.11481	T2	2026-09-04	«Denmark introduced the world's first and, to date, only tax targeting saturated fat»	MEDIUM	firecrawl_research_read_paper
B3_anomalies_europe.md	B3-005	Закон об отмене fedtafgiftsloven — Lov nr. 1395 af 23. december 2012	1395	номер закона	2012	акт отмены	Дания	Retsinformation, BEK 2014/708 (ссылка)	https://www.retsinformation.dk/eli/lta/2014/708/dan/pdf	T1	2026-09-04	«lov nr. 1395 af 23. december 2012, Lov om ophævelse af fedtafgiftsloven»	HIGH	firecrawl_search
B3_anomalies_europe.md	B3-006	Отмена вступила в силу с января 2013	2013-01	дата	2013	вступление	Дания	Dahl et al., arXiv 2312.11481	https://arxiv.org/abs/2312.11481	T2	2026-09-04	«the government decided that the fat tax should be repealed with effect from January 2013»	MEDIUM	firecrawl_research_read_paper
B3_anomalies_europe.md	B3-007	Без вклада медпрома рост экономики Дании был бы отрицательным в 2022 и 2023	<0	рост, знак	2022–2023	вклад отрасли в BVT	Дания	Danmarks Statistik, Nationalregnskab 2021–2024	https://www.dst.dk/nytpdf/48869	T1	2026-09-04	«Uden medicinalindustriens bidrag ville væksten have været negativ i både 2022 og 2023 og mere end halveret i 2024»	HIGH	firecrawl_search
B3_anomalies_europe.md	B3-008	Промышленность (во главе с медпромом) дала 2,8 п.п. роста ВВП Дании	2,8	п.п.	2024/2025 (июньская версия)	вклад в рост ВВП	Дания	Danmarks Statistik NYT 52231	https://www.dst.dk/nyt/52231	T1	2026-09-04	«Den samlede industri bidrog med 2,8 procentpoint til BNP-væksten»	MEDIUM	год вклада в фрагменте не указан явно
B3_anomalies_europe.md	B3-009	ВВП Дании вырос на 3,9 % и 3,5 % в 2024 и 2025 гг.	3,9; 3,5	%	2024; 2025	реальный рост ВВП	Дания	Danmarks Statistik, Nationalregnskab 2023–2025	https://www.dst.dk/nytpdf/52231	T1	2026-09-04	«Bruttonationalproduktet (BNP) og derved dansk økonomi voksede 3,9 og 3,5 pct. i hhv. 2024 og …»	MEDIUM	расходится с dst.dk/nyt/52201 («2,9 pct. i 2025») — ревизия, не сверено
B3_anomalies_europe.md	B3-010	Датский лимит 2 г транс-жиров/100 г жира закреплён в датском регулировании	2	г/100 г	2015	лимит	Дания	Retsinformation BEK 2015/131	https://www.retsinformation.dk/eli/lta/2015/131	T1	2026-09-04	«2 g industrielt fremstillede transfedtsyrer per 100 g olie eller fedt»	MEDIUM	первичный акт 2003 г. не открыт
B3_anomalies_europe.md	B3-011	Датский акт о транс-жирах 2015 г. помечен как исторический	Historisk	статус	2015→	статус акта	Дания	Retsinformation BEK 1427/2015	https://www.retsinformation.dk/api/pdf/175931	T1	2026-09-04	«BEK nr 1427 af 03/12/2015 (Historisk)»	MEDIUM	firecrawl_search
B3_anomalies_europe.md	B3-012	В ЕС действует лимит 2 г транс-жиров на 100 г жира	2	г/100 г	2019→	лимит	ЕС	Commission Regulation (EU) 2019/649	https://eur-lex.europa.eu/legal-content/EN/TXT/HTML/?uri=CELEX:32019R0649	T1	2026-09-04	«shall not exceed 2 grams per 100 grams of fat»	HIGH	firecrawl_search
B3_anomalies_europe.md	B3-013	Венгерский NETA действует (редакция с 01.02.2025)	в силе	статус	2025	статус	Венгрия	Nemzeti Jogszabálytár, 2011. évi CIII. tv.	https://njt.hu/jogszabaly/2011-103-00-00	T1	2026-09-04	«2011. évi CIII. törvény. a népegészségügyi termékadóról 1. Hatályos: 2025. 02. 01. –»	HIGH	firecrawl_search
B3_anomalies_europe.md	B3-014	NETA облагает первую внутреннюю продажу налогооблагаемого продукта	—	—	2011→	объект налога	Венгрия	njt.hu 3. §	https://njt.hu/jogszabaly/2011-103-00-00.1	T1	2026-09-04	«3. § (1) Adókötelezettség terheli az adóköteles termék első olyan értékesítését, amelynek a teljesítési helye belföld»	HIGH	firecrawl_search
B3_anomalies_europe.md	B3-015	Ставка NETA на солёные снеки и приправы — 250 HUF/кг, на предрасфасованные сладости — 130 HUF/кг	250; 130	HUF/кг	текущая	ставка	Венгрия	njt.hu ставки	https://njt.hu/jogszabaly/2011-103-00-00.8	T1	2026-09-04	«előrecsomagolt cukrozott készítmény esetében 130 forint/kilogramm, d) sós snack esetében 250 forint/kilogramm, e) ételízesítő esetében 250»	HIGH	firecrawl_search
B3_anomalies_europe.md	B3-016	NETA применяется с сентября 2011	2011-09	дата	2011	вступление	Венгрия	pmid:37086420	https://pubmed.ncbi.nlm.nih.gov/37086420/	T1 (абстракт)	2026-09-04	«Hungary's public health product tax (PHPT) since its implementation in September 2011»	HIGH	firecrawl_research_search_papers
B3_anomalies_europe.md	B3-017	Налоги на напитки в отдельных случаях сочетаются с налогами на сладости/жирные продукты	—	—	2017	обзор	мир	Smed & Jensen? (pmid:29166954)	https://pubmed.ncbi.nlm.nih.gov/29166954/	T1 (абстракт)	2026-09-04	«in some cases in combination with taxes on unhealthy food commodities such as confectionery or high-fat foods»	MEDIUM	авторы не проверены; для оценки уникальности K04
B3_anomalies_europe.md	B3-018	SDIL: нижний порог 5 г сахара на 100 мл	5	г/100 мл	2017→	порог	UK	Finance Act 2017 s.29	https://www.legislation.gov.uk/ukpga/2017/10/section/29/data.xht	T1	2026-09-04	«it contains at least 5 grams of sugars (whether or not as a result of containing added sugar ingredients) per 100 millilitres of prepared drink»	HIGH	firecrawl_search
B3_anomalies_europe.md	B3-019	SDIL: верхний порог 8 г/100 мл	8	г/100 мл	2017→	порог	UK	Finance Act 2017 s.30	https://www.legislation.gov.uk/ukpga/2017/10/part/2/crossheading/charging-of-the-soft-drinks-industry-levy	T1	2026-09-04	«A chargeable soft drink meets the higher sugar threshold if it contains at least 8 grams of sugars»	HIGH	firecrawl_search
B3_anomalies_europe.md	B3-020	SDIL вступил в силу 6 апреля 2018 со ставками 18p/24p за литр	18; 24	пенсов/л	2018	ставка	UK	HM Treasury news	https://www.gov.uk/government/news/soft-drinks-industry-levy-comes-into-effect	T1	2026-09-04	«From Friday (6 April 2018) … the Soft Drinks Industry Levy comes into effect»	HIGH	firecrawl_search
B3_anomalies_europe.md	B3-021	Доходы SDIL заявлены как целевые на школьный спорт	—	—	2018	гипотекация	UK	HM Treasury news	https://www.gov.uk/government/news/soft-drinks-industry-levy-comes-into-effect	T1	2026-09-04	«All revenues raised through the levy will directly fund new sports facilities in schools as well as healthy breakfast clubs»	HIGH	заявление правительства, не норма закона
B3_anomalies_europe.md	B3-022	Ступенчатые налоги на напитки действуют в четырёх европейских странах	4	стран	≤2025	уникальность	Европа	PMC12142870	https://pmc.ncbi.nlm.nih.gov/articles/PMC12142870/	T1 (абстракт)	2026-09-04	«tiered soft drink taxes in four European countries»	HIGH	firecrawl_research_search_papers
B3_anomalies_europe.md	B3-023	Обзор анализирует налоги на SSB в семи европейских юрисдикциях	7	юрисдикций	2025	уникальность	Европа	pmid:39903599	https://pubmed.ncbi.nlm.nih.gov/39903599/	T1 (абстракт)	2026-09-04	«seven countries (Denmark, France, Hungary, Italy, Poland, Catalonia - Spain, and the UK)»	HIGH	firecrawl_research_search_papers
B3_anomalies_europe.md	B3-024	Правила маркировки калорий в Англии распространяются на бизнесы с 250+ сотрудниками	250	сотрудников	2021→	порог	UK (Англия)	Calorie Labelling (OHS) (England) Regs 2021	https://www.legislation.gov.uk/ukdsi/2021/9780348223538	T1	2026-09-04	«Duty to display calorie information. 5.—(1) A qualifying business … business having 250 or more employees»	HIGH	firecrawl_search
B3_anomalies_europe.md	B3-025	Обязательная маркировка калорий в общепите Англии действует с 6 апреля 2022	2022-04-06	дата	2022	вступление	UK (Англия)	PMC11015320	https://pmc.ncbi.nlm.nih.gov/articles/PMC11015320/	T1 (абстракт)	2026-09-04	«On 6 April 2022, the UK government implemented mandatory kilocalorie (kcal) labelling regulations»	HIGH	firecrawl_research_search_papers
B3_anomalies_europe.md	B3-026	В мире выявлено восемь обязательных политик маркировки меню	8	политик	≤2020	уникальность	мир	PMC7352298	https://pmc.ncbi.nlm.nih.gov/articles/PMC7352298/	T1 (абстракт)	2026-09-04	«identified three voluntary and eight mandatory menu labeling policies»	HIGH	national/state/municipal вместе
B3_anomalies_europe.md	B3-027	Онтарио в 2017 стал первой канадской провинцией с обязательной маркировкой калорий в меню	2017	год	2017	аналог	Канада	pmid:30261242	https://pubmed.ncbi.nlm.nih.gov/30261242/	T1 (абстракт)	2026-09-04	«In 2017, Ontario became the first Canadian province to require calorie amounts on menus/menu boards of chain restaurants»	HIGH	для подсчёта аналогов K06
B3_anomalies_europe.md	B3-028	Ограничения рекламы less healthy food вступают в силу по всему UK 5 января 2026	2026-01-05	дата	2026	вступление	UK	DHSC guidance	https://www.gov.uk/government/publications/restricting-advertising-of-less-healthy-food-or-drink-on-tv-and-online-products-in-scope/restricting-advertising-of-less-healthy-food-or-drink-on-tv-and-online-products-in-scope	T1	2026-09-04	«The advertising restrictions will come into force across the UK on 5 January 2026»	HIGH	firecrawl_search
B3_anomalies_europe.md	B3-029	Ограничения: 9pm watershed на ТВ и полный запрет платной онлайн-рекламы	21:00; 24 ч	—	2026	конструкция	UK	gov.uk collection	https://www.gov.uk/government/collections/less-healthy-food-or-drink-advertising-and-promotions-restrictions	T1	2026-09-04	«a 9pm watershed … a total restriction on paid-for advertising of less healthy food or drink online»	HIGH	firecrawl_search
B3_anomalies_europe.md	B3-030	Срок был перенесён с 1 октября 2025 на 5 января 2026	—	—	2025	перенос	UK	gov.uk collection	https://www.gov.uk/government/collections/less-healthy-food-or-drink-advertising-and-promotions-restrictions	T1	2026-09-04	«now come into force on 5 January 2026 (was 1 October 2025)»	HIGH	SI 2025/641
B3_anomalies_europe.md	B3-031	Англия запретит продажу энергетиков (>150 мг кофеина/л) до 16 лет с апреля 2027	150	мг/л	2027	порог	UK (Англия)	gov.uk news 16.07.2026	https://www.gov.uk/government/news/childrens-health-further-protected-with-energy-drinks-ban	T1	2026-09-04	«will ban the sale of high-caffeine energy drinks to under 16s in England from April 2027»	MEDIUM	акт не открыт
B3_anomalies_europe.md	B3-032	Штраф за нарушение запрета энергетиков — до £2 500	2500	GBP	2027	санкция	UK (Англия)	gov.uk news	https://www.gov.uk/government/news/childrens-health-further-protected-with-energy-drinks-ban	T1	2026-09-04	«Businesses that break the law face fines of up to £2,500»	MEDIUM	firecrawl_search
B3_anomalies_europe.md	B3-033	Водители Group 2 на инсулине лицензируются на 1 год при отсутствии тяжёлой гипогликемии 12 месяцев	1; 12	год; месяцев	текущая	условие	UK	DVLA guidance	https://www.gov.uk/guidance/diabetes-mellitus-assessing-fitness-to-drive	T1	2026-09-04	«license the person with insulin-treated diabetes for 1 year … no episode of severe hypoglycaemia in the preceding 12 months»	HIGH	firecrawl_search
B3_anomalies_europe.md	B3-034	Group 2: обязателен глюкометр с памятью на 4 недели	4	недель	текущая	условие	UK	DVLA guidance	https://www.gov.uk/guidance/diabetes-mellitus-assessing-fitness-to-drive	T1	2026-09-04	«must use a glucose meter with sufficient memory to store 4 weeks of readings»	HIGH	firecrawl_search
B3_anomalies_europe.md	B3-035	Законодательство ЕС исключало водителей на инсулине из вождения грузовиков и автобусов, кроме исключительных случаев	—	—	≤2008	аналог	ЕС	pmid:18421936	https://pubmed.ncbi.nlm.nih.gov/18421936/	T1 (абстракт)	2026-09-04	«diabetic patients taking insulin are excluded from driving trucks, heavy goods vehicles, and buses, except for small trucks in "very exceptional cases"»	MEDIUM	старая редакция директивы
B3_anomalies_europe.md	B3-036	Германия: при инсулине Gruppe 2 годность при хорошем контроле без тяжёлой гипогликемии 3 месяца; освидетельствование каждые 3 года	3; 3	месяцев; лет	2010→	условие	Германия	FeV Anlage 4 Nr. 5.4	https://www.gesetze-im-internet.de/fev_2010/anlage_4.html	T1	2026-09-04	«bei guter Stoffwechselführung ohne schwere Unterzuckerung über drei Monate und ungestörter Hypoglykämiewahrnehmung … fachärztliche Begutachtung alle drei Jahre»	HIGH	firecrawl_search
B3_anomalies_europe.md	B3-037	CAA: Class 1 для пилотов на инсулине выдаётся с ограничением OML	OML	—	текущая	условие	UK	CAA guidance material	https://www.caa.co.uk/aeromedical/medical-standards/pilots/medical-conditions/metabolic-and-endocrinology/metabolic-and-endocrinology-guidance-material-gm/	T1	2026-09-04	«any Class 1 certificate issued is endorsed with an operational multi-pilot limitation (OML), which limits the pilot's privileges»	HIGH	firecrawl_search
B3_anomalies_europe.md	B3-038	Протокол ARA.MED.330 v5.1 датирован 11.05.2026	v5.1	версия	2026	статус	UK	CAA ARA MED 330 protocol	https://www.caa.co.uk/media/0mbg1zz5/20260511-ara-med-330-protocol-uk-v-51.pdf	T1	2026-09-04	«Applicant for a class 1, 2 or LAPL medical certificate with insulin-treated diabetes»	HIGH	дата из имени файла
B3_anomalies_europe.md	B3-039	Протокол для пилотов на инсулине действует в UK, Ирландии и Австрии	3	стран	≤2021	уникальность	UK/IE/AT	pmid:34142412	https://pubmed.ncbi.nlm.nih.gov/34142412/	T1 (абстракт)	2026-09-04	«the diabetes protocol operated by the UK, Ireland and Austria, which allows commercial airline pilots with insulin-treated diabetes to fly»	HIGH	firecrawl_research_search_papers
B3_anomalies_europe.md	B3-040	Канада, UK и США допускают отдельных пилотов на инсулине	3	стран	≤2019	уникальность	мир	pmid:31331425	https://pubmed.ncbi.nlm.nih.gov/31331425/	T1 (абстракт)	2026-09-04	«Some authorities, such as those from Canada, the United Kingdom, and the United States, permit selected insulin-treated pilots»	HIGH	firecrawl_research_search_papers
B3_anomalies_europe.md	B3-041	NICE TA875 опубликован 8 марта 2023	2023-03-08	дата	2023	публикация	UK	NICE TA875	https://www.nice.org.uk/guidance/ta875	T1	2026-09-04	«Published: 08 March 2023»	HIGH	BNF-страница NICE указывает «September 2023» — не сверено
B3_anomalies_europe.md	B3-042	TA875: семаглутид максимум 2 года и только в специализированной службе	2	года	2023→	условие	UK	NICE TA875 rec. 1.1	https://www.nice.org.uk/guidance/ta875/chapter/1-Recommendations	T1	2026-09-04	«it is used for a maximum of 2 years, and within a specialist weight management service providing multidisciplinary management of overweight or obesity»	HIGH	firecrawl_search
B3_anomalies_europe.md	B3-043	TA875: порог BMI не менее 35,0 кг/м²	35,0	кг/м²	2023→	порог	UK	NICE TA875 PDF	https://www.nice.org.uk/guidance/ta875/resources/semaglutide-for-managing-overweight-and-obesity-pdf-82613674831813	T1	2026-09-04	«a body mass index (BMI) of at least 35.0 kg/m2, or»	HIGH	firecrawl_search
B3_anomalies_europe.md	B3-044	В Англии закон обязывает обеспечить доступность рекомендованных NICE препаратов от ожирения	—	—	2025	обязательство	UK (Англия)	PMC12705252	https://pmc.ncbi.nlm.nih.gov/articles/PMC12705252/	T1 (абстракт)	2026-09-04	«Obesity medications are recommended in England with legislation necessitating their availability»	MEDIUM	firecrawl_research_search_papers
B3_anomalies_europe.md	B3-045	NICE TA1152 (семаглутид при ССЗ и ожирении) опубликован 7 мая 2026	2026-05-07	дата	2026	публикация	UK	NICE TA1152	https://www.nice.org.uk/guidance/ta1152	T1	2026-09-04	«Reference number: TA1152 07 May 2026»	HIGH	firecrawl_search
B3_anomalies_europe.md	B3-046	Диабет (кроме лечения только диетой) даёт право на бесплатные рецепты в Англии	—	—	текущая	условие	UK (Англия)	NHSBSA	https://www.nhsbsa.nhs.uk/help-nhs-prescription-costs/medical-exemption-certificates	T1	2026-09-04	«diabetes mellitus, except where treatment is by diet alone»	MEDIUM	firecrawl_search
B3_anomalies_europe.md	B3-047	Пилот Better Health: Rewards шёл 17.02.2023–13.10.2023	238	дней (наша оценка)	2023	срок пилота	UK (Англия)	DHSC summary	https://www.gov.uk/government/publications/better-health-rewards-summary-of-pilot-results/better-health-rewards-pilot-summary-of-results	T1	2026-09-04	«launched in Wolverhampton on 17 February 2023 and closed on 13 October 2023»	HIGH	firecrawl_search
B3_anomalies_europe.md	B3-048	NHS Path to Remission: 800–900 ккал/сут 12 недель полной замены рациона	800–900; 12	ккал/сут; недель	2023→	конструкция	UK (Англия)	NHS England	https://www.england.nhs.uk/diabetes/treatment-care/diabetes-remission/	T1	2026-09-04	«total diet replacement products including soups and shakes consisting of 800 to 900 kilocalories a day for 12 weeks»	HIGH	firecrawl_search
B3_anomalies_europe.md	B3-049	NHS DPP — первая общенациональная программа профилактики СД2	1	—	2016→	уникальность	UK (Англия)	PMC9160476	https://pmc.ncbi.nlm.nih.gov/articles/PMC9160476/	T1 (абстракт)	2026-09-04	«the first nationwide type 2 diabetes prevention programme targeting people with prediabetes»	HIGH	firecrawl_research_search_papers
B3_anomalies_europe.md	B3-050	NHS DPP — крупнейшая DPP в мире с универсальным охватом	—	—	2020	уникальность	UK (Англия)	PMC7115827	https://pmc.ncbi.nlm.nih.gov/articles/PMC7115827/	T1 (абстракт)	2026-09-04	«the largest DPP globally to achieve universal population coverage»	HIGH	firecrawl_research_search_papers
B3_anomalies_europe.md	B3-051	§ 34 SGB V исключает из ГМС препараты для похудения и регулирования веса	—	—	2004→	норма	Германия	SGB V § 34	https://www.gesetze-im-internet.de/sgb_5/__34.html	T1	2026-09-04	«zur Abmagerung oder zur Zügelung des Appetits, zur Regulierung des Körpergewichts oder zur Verbesserung des Haarwuchses dienen»	HIGH	firecrawl_search (полный текст)
B3_anomalies_europe.md	B3-052	G-BA 21.03.2024 формально внёс Wegovy в Anlage II (Lifestyle)	2024-03-21	дата	2024	решение	Германия	G-BA Meldung 1170	https://www.g-ba.de/presse/pressemitteilungen-meldungen/1170/	T1	2026-09-04	«Arzneimittel, die zum Abnehmen eingesetzt werden, hat der Gesetzgeber bereits im Jahr 2004 als Leistung der gesetzlichen Krankenversicherung ausgeschlossen»	HIGH	firecrawl_search
B3_anomalies_europe.md	B3-053	G-BA не видел права на исключение даже при BMI >30	—	—	2024	решение	Германия	G-BA Meldung 1170	https://www.g-ba.de/presse/pressemitteilungen-meldungen/1170/	T1	2026-09-04	«Einen solchen Entscheidungsspielraum sah der G-BA aufgrund des generellen gesetzlichen Verordnungsausschlusses jedoch nicht»	HIGH	firecrawl_search
B3_anomalies_europe.md	B3-054	В Германии программы ведения ожирения возмещаются ГМС лишь факультативно и частично	—	—	2025	описание	Германия	pmid:40388976	https://pubmed.ncbi.nlm.nih.gov/40388976/	T1 (абстракт)	2026-09-04	«only facultative and partial reimbursement by statutory health insurance (SHI)»	MEDIUM	firecrawl_research_search_papers
B3_anomalies_europe.md	B3-055	§ 65a SGB V обязывает кассу закрепить в уставе бонус за скрининги/прививки	—	—	текущая	норма	Германия	SGB V § 65a	https://www.gesetze-im-internet.de/sgb_5/__65a.html	T1	2026-09-04	«Die Krankenkasse bestimmt in ihrer Satzung, unter welchen Voraussetzungen Versicherte … Anspruch auf einen Bonus haben»	HIGH	firecrawl_search
B3_anomalies_europe.md	B3-056	§ 65a: без экономии бонусы не допускаются	—	—	текущая	норма	Германия	SGB V § 65a	https://www.gesetze-im-internet.de/sgb_5/__65a.html	T1	2026-09-04	«Werden keine Einsparungen erzielt, dürfen keine Boni für die entsprechenden Versorgungsformen gewährt werden»	HIGH	firecrawl_search
B3_anomalies_europe.md	B3-057	CJEU: ожирение само по себе не является «инвалидностью» по Директиве 2000/78	—	—	2014	прецедент	ЕС	InfoCuria C-354/13 § 58	https://infocuria.curia.europa.eu/tabs/redirect/juris/document/document.jsf?docid=160935&doclang=EN	T1	2026-09-04	«obesity does not in itself constitute a 'disability' within the meaning of Directive 2000/78»	HIGH	firecrawl_search
B3_anomalies_europe.md	B3-058	CJEU: ожирение работника составляет «инвалидность», если влечёт долгосрочное ограничение	—	—	2014	прецедент	ЕС	InfoCuria C-354/13 (резолютивная часть)	https://infocuria.curia.europa.eu/tabs/redirect/juris/document/document_print.jsf?docid=160935&doclang=EN	T1	2026-09-04	«the obesity of a worker constitutes a 'disability' within the meaning of that directive where it entails a limitation resulting in particular from long-term»	HIGH	firecrawl_search
B3_anomalies_europe.md	B3-059	Франция: запрещено предоставление «à volonté» подслащённых напитков во всех местах общепита	—	—	2017→	норма	Франция	CSP art. L3232-9	https://www.legifrance.gouv.fr/codes/article_lc/LEGIARTI000031918053	T1	2026-09-04	«à volonté gratuite ou pour un prix forfaitaire, de boissons avec ajout de sucres ou d'édulcorants de synthèse est interdite dans tous les lieux de restauration»	HIGH	firecrawl_search
B3_anomalies_europe.md	B3-060	Порядок применения запрета установлен Arrêté du 18 janvier 2017	2017-01-18	дата	2017	акт	Франция	Légifrance JORFTEXT000033922943	https://www.legifrance.gouv.fr/loda/id/JORFTEXT000033922943/	T1	2026-09-04	«est interdite la mise à disposition, en accès libre, sous forme d'offre à volonté gratuite ou pour un prix forfaitaire»	HIGH	firecrawl_search
B3_anomalies_europe.md	B3-061	Франция: реклама подслащённых/солёных напитков и промышленных продуктов должна содержать санитарную информацию; штраф 37 500 €	37 500	EUR	2004→	норма	Франция	CSP art. L2133-1	https://www.legifrance.gouv.fr/codes/article_lc/LEGIARTI000041466290	T1	2026-09-04	«doivent contenir une information à caractère sanitaire … est puni de 37 500 € d'amende»	HIGH	firecrawl_search (полный текст)
B3_anomalies_europe.md	B3-062	L2133-1 введён ст. 29 Loi n° 2004-806	2004	год	2004	акт	Франция	Légifrance, art. 29 Loi 2004-806	https://www.legifrance.gouv.fr/loda/article_lc/JORFARTI000001143058/2026-03-24	T1	2026-09-04	«L. 2133-1. - Les messages publicitaires télévisés ou radiodiffusés en faveur de boissons avec ajouts de sucres, de sel ou d'édulcorants»	HIGH	firecrawl_search
B3_anomalies_europe.md	B3-063	Тексты сообщений: «évitez de manger trop gras, trop sucré, trop salé»; баннер ≥7 % страницы	7	%	2007→	норма	Франция	Arrêté du 27 février 2007	https://www.legifrance.gouv.fr/loda/id/LEGITEXT000006055557	T1	2026-09-04	«"Pour votre santé, évitez de manger trop gras, trop sucré, trop salé" … bandeau recouvrant au moins 7 % de la page»	HIGH	firecrawl_search
B3_anomalies_europe.md	B3-064	Франция: тариф 3,12 €/гл при ≤1 кг добавленного сахара/гл (2022)	3,12	EUR/гл	2022	ставка	Франция	CGI art. 1613 ter	https://www.legifrance.gouv.fr/codes/article_lc/LEGIARTI000045764857/2022-05-07	T1	2026-09-04	«QUANTITÉ DE SUCRE (en kg de sucres ajoutés par hl de boisson), TARIF APPLICABLE … Inférieure ou égale à 1, 3,12»	HIGH	firecrawl_search
B3_anomalies_europe.md	B3-065	Не облагаются напитки с добавленным сахаром менее 5 г/л	5	г/л	2019→	порог	Франция	BOFIP BOI-TCA-BNA-10	https://bofip.impots.gouv.fr/bofip/11674-PGP.html/identifiant%3DBOI-TCA-BNA-10-20191230	T1	2026-09-04	«ne sont pas imposables les boissons ou jus contenant des sucres ajoutés dans des quantités inférieures à cinq grammes par litre (0,5 kg/hL)»	HIGH	firecrawl_search
B3_anomalies_europe.md	B3-066	Французская схема реформирована в 2018	2018	год	2018	реформа	Франция	pmid:35570062	https://pubmed.ncbi.nlm.nih.gov/35570062/	T1 (абстракт)	2026-09-04	«In 2018, a new taxation scheme was enacted»	HIGH	firecrawl_research_search_papers
B3_anomalies_europe.md	B3-067	Италия: ст. 29 бюджета-2026 переносит sugar tax на 1 января 2027	2027-01-01	дата	2026	перенос	Италия	Senato, Dossier n. 580	https://www.senato.it/show-doc?leg=19&tipodoc=DOSSIER&id=1477486&idoggetto=0&part=dossier_dossier1-sezione_sezione12	T1	2026-09-04	«L'articolo 29 differisce l'entrata in vigore della plastic tax e della sugar tax al 1° gennaio 2027»	MEDIUM	досье по законопроекту; окончательный закон не открыт
B3_anomalies_europe.md	B3-068	Итальянский sugar tax учреждён законом о бюджете 2020 (commi 661–676)	661–676	commi	2019	акт	Италия	Senato, Dossier n. 580	https://www.senato.it/show-doc?leg=19&tipodoc=DOSSIER&id=1477486&idoggetto=0&part=dossier_dossier1-sezione_sezione12	T1	2026-09-04	«di bilancio 2020 (articolo 1, commi 661-676, legge n.»	HIGH	firecrawl_search
B3_anomalies_europe.md	B3-069	Нидерланды: GLI возмещается при BMI 25–35 с талией ≥88/102 см или коморбидностью, либо BMI ≥35	88; 102; 35	см; см; кг/м²	2019→	условие	Нидерланды	Zorginstituut GLI	https://www.zorginstituutnederland.nl/verzekerde-zorg/g/gecombineerde-leefstijlinterventie-gli-zvw	T1	2026-09-04	«Een BMI hebt tussen 25 en 35, in combinatie met een grote buikomvang. Voor vrouwen is dat 88 cm of meer. Voor mannen is dat 102 cm»	HIGH	firecrawl_search
B3_anomalies_europe.md	B3-070	GLI без собственной доплаты	0	EUR	2019→	доплата	Нидерланды	Zorginstituut GLI	https://www.zorginstituutnederland.nl/verzekerde-zorg/g/gecombineerde-leefstijlinterventie-gli-zvw	T1	2026-09-04	«Voor een GLI betaalt u geen eigen bijdrage»	HIGH	firecrawl_search
B3_anomalies_europe.md	B3-071	GLI возмещается страховщиками с января 2019	2019-01	дата	2019	вступление	Нидерланды	PMC8819797	https://pmc.ncbi.nlm.nih.gov/articles/PMC8819797/	T1 (абстракт)	2026-09-04	«Healthcare insurance companies reimburse combined lifestyle interventions (CLIs) in the Netherlands since January 2019»	HIGH	firecrawl_research_search_papers
B3_anomalies_europe.md	B3-072	Zorginstituut рекомендовал не возмещать Wegovy из базового пакета (12.07.2024)	—	—	2024	решение	Нидерланды	Zorginstituut advies	https://www.zorginstituutnederland.nl/documenten/2024/07/12/gvs-advies-semaglutide-wegovy-bij-obesitas	T1	2026-09-04	«adviseert de minister van VWS om semaglutide (Wegovy®) niet te vergoeden uit het basispakket van de zorgverzekering»	HIGH	firecrawl_search
B3_anomalies_europe.md	B3-073	Saxenda возмещается с 1 апреля 2022	2022-04-01	дата	2022	решение	Нидерланды	Zorginstituut advies liraglutide	https://www.zorginstituutnederland.nl/documenten/2022/02/24/gvs-advies-liraglutide-saxenda	T1	2026-09-04	«liraglutide (Saxenda®) vanaf 1 april 2022 wordt vergoed uit het basispakket»	HIGH	firecrawl_search
B3_anomalies_europe.md	B3-074	Ступенчатый подход (06.11.2025): сначала BMI ≥30 с болезнями или BMI ≥35	30; 35	кг/м²	2025	условие	Нидерланды	Zorginstituut nieuws	https://www.zorginstituutnederland.nl/actueel/nieuws/2025/11/06/zorginstituut-obesitasmedicijnen-eerst-beschikbaar-voor-mensen-met-hoogste-ziektelast	T1	2026-09-04	«mensen met een BMI vanaf 30 met ziektes die daarmee samenhangen, en mensen met ernstige of zeer ernstige obesitas met een BMI vanaf 35»	HIGH	firecrawl_search
B3_anomalies_europe.md	B3-075	Польша: опłата — 0,50 zł фиксированная часть	0,50	PLN/л	2020→	ставка	Польша	ISAP Dz.U. 2020 poz. 1492	https://isap.sejm.gov.pl/isap.nsf/download.xsp/WDU20200001492/T/D20201492L.pdf	T1	2026-09-04	«Na wysokość opłaty składają się następujące części: 1) 0,50 zł za zawartość cukrów w ilości równej lub»	HIGH	firecrawl_search
B3_anomalies_europe.md	B3-076	Польша: +0,05 zł за каждый г сахара >5 г/100 мл и +0,10 zł за кофеин/таурин	0,05; 0,10	PLN	2021→	ставка	Польша	gov.pl (IJHARS)	https://www.gov.pl/web/ijhars/podatek-cukrowy	T1	2026-09-04	«0,05 zł dodatkowo za każdy gram cukrów powyżej 5 g w 100 ml napoju; 0,10 zł dodatkowo w przypadku dodatku kofeiny lub tauryny»	HIGH	firecrawl_search
B3_anomalies_europe.md	B3-077	Ирландия: SSDT 16,26 €/гл (5–<8 г) и 24,39 €/гл (≥8 г)	16,26; 24,39	EUR/гл	2018→	ставка	Ирландия	Revenue rate of tax	https://www.revenue.ie/en/companies-and-charities/excise-and-licences/sugar-sweetened-drinks-tax/rate-of-tax.aspx	T1	2026-09-04	«€16.26 per hectolitre on drinks with a total sugar content of five grams or more, but less than eight grams, per 100 millilitres»	HIGH	без НДС (наша оценка: ×1,23 = 20,00/30,00 из gov.ie)
B3_anomalies_europe.md	B3-078	SSDT вступил 1 мая 2018; расширен 1 января 2019 при кальции <119 мг/100 мл	2018-05-01; 119	дата; мг/100 мл	2018–2019	вступление	Ирландия	Revenue overview	https://www.revenue.ie/en/companies-and-charities/excise-and-licences/sugar-sweetened-drinks-tax/index.aspx	T1	2026-09-04	«came into effect on 1 May 2018 … if they do not have a calcium level of at least 119 milligrams per 100 millilitres»	HIGH	firecrawl_search
B3_anomalies_europe.md	B3-079	Каталония: 0,08 €/л (5–8 г/100 мл) и 0,12 €/л (>8 г) по Llei 5/2017	0,08; 0,12	EUR/л	2017	ставка	Испания (Каталония)	ECODIF Gencat	http://aplicacions.economia.gencat.cat/ecodif/rest/export/fitxa?id=7922&lang=Ca	T1	2026-09-04	«0,08 euros per litre per a begudes amb un contingut de sucre d'entre 5 i 8 grams per 100 mil·lilitres.b) 0,12 euros per litre»	HIGH	firecrawl_search
B3_anomalies_europe.md	B3-080	Каталония: текущая нижняя ставка 0,10 €/л	0,10	EUR/л	текущая	ставка	Испания (Каталония)	ATC IBEE	https://atc.gencat.cat/ca/tributs/ibee/	T1	2026-09-04	«a) 0,10 euros per litre per a begudes amb un contingut de sucre d'entre 5 i 8 grams per 100 mil·lilitres»	HIGH	расхождение с 2017 — повышение ставки, дата не открыта
B3_anomalies_europe.md	B3-081	Латвия: 7,4 € за 100 л при сахаре <8 г/100 мл	7,4	EUR/100 л	2022	ставка	Латвия	Finanšu ministrija	https://www.fm.gov.lv/lv/nodokla-likmes	T1	2026-09-04	«ar cukura saturu līdz 8 gramiem (neieskaitot) uz 100 mililitriem, par 100 litriem. 7,4»	MEDIUM	firecrawl_search
B3_anomalies_europe.md	B3-082	Латвия: ≥8 г/100 мл и энергетики — 21 € за 100 л (текущая редакция)	21	EUR/100 л	текущая	ставка	Латвия	likumi.lv Par akcīzes nodokli	https://m.likumi.lv/ta/id/81066-par-akcizes-nodokli	T1	2026-09-04	«ar cukura saturu no 8 gramiem (ieskaitot) uz 100 mililitriem un enerģijas dzērieniem — 21 euro»	HIGH	firecrawl_search
B3_anomalies_europe.md	B3-083	Финляндия: акциз на сладости и мороженое прекращён 31.12.2016	2016-12-31	дата	2016	отмена	Финляндия	vero.fi	https://www.vero.fi/syventavat-vero-ohjeet/ohje-hakusivu/56208/virvoitusjuomaver/	T1	2026-09-04	«Makeisten ja jäätelön valmisteveron kantaminen on päättynyt 31.12.2016»	HIGH	firecrawl_search
B3_anomalies_europe.md	B3-084	Финляндия: акциз на напитки с сахаром >0,5 % — 27 центов/л	27	c/л	2019	ставка	Финляндия	Finlex HE 27/2019	https://www.finlex.fi/fi/hallituksen-esitykset/2019/27	T1	2026-09-04	«Yli 0,5 prosenttia sokeria sisältävien virvoitusjuomien valmistevero nousi 27 senttiin litralta valmista juomaa»	HIGH	firecrawl_search
B3_anomalies_europe.md	B3-085	Норвегия: до 2021 существовали акцизы на безалкогольные напитки и сладости	≤2021	—	2021	отмена	Норвегия	NOU 2022:20	https://www.regjeringen.no/no/dokumenter/nou-2022-20/id2951826/?ch=16	T1	2026-09-04	«Inntil 2021 var det også avgift på alkoholfrie drikkevarer og sjokolade- og sukkervarer»	HIGH	firecrawl_search
B3_anomalies_europe.md	B3-086	Норвегия: в 2018 акцизы повышены на 80 % и 40 %	80; 40	%	2018	повышение	Норвегия	PMC7491168	https://pmc.ncbi.nlm.nih.gov/articles/PMC7491168/	T1 (абстракт)	2026-09-04	«an abrupt increase, of respectively 80 and 40%, in the excising Norwegian»	HIGH	firecrawl_research_search_papers
B3_anomalies_europe.md	B3-087	Португалия: IABA 1,16 / 6,95 / 9,26 / 23,18 €/гл по 4 ступеням сахара	1,16; 6,95; 9,26; 23,18	EUR/гл	текущая	ставка	Португалия	CIEC (consolidado)	https://diariodarepublica.pt/dr/legislacao-consolidada/decreto-lei/2010-34478675	T1	2026-09-04	«inferior a 25 gramas por litro, 1,16 (euro)/hl; … igual ou superior a 80 gramas por litro, 23,18 (euro)/hl»	HIGH	firecrawl_search
B3_anomalies_europe.md	B3-088	Швейцария: бариатрия — обязательная услуга при BMI >35 после двухлетней терапии	35; 2	кг/м²; лет	2021	условие	Швейцария	BAG Kommentar Anhang 1 KLV	https://www.bag.admin.ch/dam/de/sd-web/yrUMR4ZOw9yG/kommentaraenderungenklvanhang101012021.pdf	T1	2026-09-04	«leistungspflichtig bei Patientinnen und Patienten mit einem Body Mass Index (BMI) > 35 kg/m2 und wenn eine zweijährige»	HIGH	firecrawl_search
B3_anomalies_europe.md	B3-089	SMOB: метаболическая хирургия при BMI 30–35 с СД2	30–35	кг/м²	2021→	условие	Швейцария	BAG Anhang 1 KLV gesamtliste 01.01.2023	https://www.bag.admin.ch/dam/de/sd-web/Hrh3rYrmJn4Z/gesamtliste_anh1klv_01jan23.PDF	T1	2026-09-04	«Index (BMI) von 30 – 35. Der Diabetes Typ 2 lässt sich durch»	MEDIUM	фрагмент неполный
B3_anomalies_europe.md	B3-090	В Европе пациенты с коморбидностью обычно допускаются к бариатрии при BMI 35	35	кг/м²	2015	аналог	Европа	PMC4498278	https://pmc.ncbi.nlm.nih.gov/articles/PMC4498278/	T1 (абстракт)	2026-09-04	«Irrespective of the country, patients with comorbidities were eligible if they had a BMI of 35 kg/m(2)»	HIGH	для уникальности K31
B3_anomalies_europe.md	B3-091	Wegovy включён в Spezialitätenliste с 01.03.2024	2024-03-01	дата	2024	решение	Швейцария	BAG Neuaufnahme	https://www.bag.admin.ch/dam/de/sd-web/4UEBFvIzBFFM/wegovy-neuaufnahme-01-03-2024.pdf	T1	2026-09-04	«WEGOVY wird als Ergänzung zu einer kalorienreduzierten Ernährung und verstärkter körperlicher Aktivität zur Gewichtsregulierung»	HIGH	дата из имени файла
B3_anomalies_europe.md	B3-092	Limitatio: центр должен лечить ≥300 пациентов с ожирением в год	300	пациентов/год	2025	условие	Швейцария	BAG Limitationsänderung 01.05.2025	https://www.bag.admin.ch/dam/fr/sd-web/zo5pElZKCzLb/WEGOVY%20Limitations%C3%A4nderung%2001.05.2025%20befristet.pdf	T1	2026-09-04	«Die Einrichtung behandelt pro Jahr mindestens 300 Patienten mit Adipositas. Die Behandlung muss abgebrochen werden, wenn die Patienten mit BMI ≥ 28 kg/m2»	HIGH	firecrawl_search
B3_anomalies_europe.md	B3-093	Швейцария: покрытие при BMI >35 или >28 с сопутствующей болезнью; сначала на 3 года	35; 28; 3	кг/м²; кг/м²; лет	2024→	условие	Швейцария	USZ Adipositas-Zentrum	https://www.usz.ch/fachbereich/adipositas-zentrum/multimodale-therapie-bei-adipositas/medikamentoese-therapie-von-uebergewicht/	T2	2026-09-04	«Body-Mass-Index (BMI) von über 35 … (BMI über 28) und zusätzlich eine Begleiterkrankung … zunächst für drei Jahre vorgesehen»	MEDIUM	firecrawl_search
B3_anomalies_europe.md	B3-094	Россия: ИМТ по антропометрии с окружностью талии — всем 18+ раз в год	1	раз/год	2021→	объём осмотра	Россия	Приказ Минздрава 404н (ред. 15.06.2026)	https://normativ.kontur.ru/document?moduleId=1&documentId=507207	T1	2026-09-04	«расчет на основании антропометрии (измерение роста, массы тела, окружности талии) индекса массы тела, для граждан в возрасте 18 лет и старше 1 раз в год»	HIGH	firecrawl_search
B3_anomalies_europe.md	B3-095	Россия: глюкоза натощак — всем 18+ раз в год	1	раз/год	2021→	объём осмотра	Россия	Приказ 404н	https://normativ.kontur.ru/document?moduleId=1&documentId=507207	T1	2026-09-04	«определение уровня глюкозы в крови натощак (допускается использование экспресс-метода) для граждан в возрасте 18 лет и старше 1 раз в год»	HIGH	также base.garant.ru/401414440
B3_anomalies_europe.md	B3-096	Диспансеризация — вертикальная программа для всего взрослого населения	—	—	2013→	описание	Россия	PMC9012158	https://pmc.ncbi.nlm.nih.gov/articles/PMC9012158/	T1 (абстракт)	2026-09-04	«vertical large-scale program of 'dispensarization' (Program) that includes health check-ups and screenings for the entire adult population»	HIGH	firecrawl_research_search_papers
B3_anomalies_europe.md	B3-097	Россия: СД на инсулине/таблетках без осложнений — п. «в» ст. 13 → категория «В»	В	категория	2026	норма	Россия	ПП 565 (ред. 24.03.2026), Расписание болезней	https://www.consultant.ru/document/cons_doc_LAW_149096/2c77bb6a026f4c82f6c03500bc2e6c6d94c79267/	T1	2026-09-04	«сахарный диабет при компенсации углеводного обмена пероральным приемом сахаропонижающих препаратов или введением инсулина … при отсутствии осложнений»	HIGH	п. «в»: «В
B3_anomalies_europe.md	B3-098	Россия: «алиментарное ожирение I степени» — категория А-2/А/А, введено ПП 1314 от 29.08.2025	А-2	категория	2025	норма	Россия	ПП 565 ст. 13 п. «е»	https://www.consultant.ru/document/cons_doc_LAW_149096/2c77bb6a026f4c82f6c03500bc2e6c6d94c79267/	T1	2026-09-04	«е) алиментарное ожирение I степени	А-2	А
B3_anomalies_europe.md	B3-099	Россия: СД не указан в действующем перечне противопоказаний к вождению	—	—	≤2025	описание	Россия	журнал «Сахарный диабет» (Дуничева)	https://www.dia-endojournals.ru/jour/article/view/8013	T1	2026-09-04	«СД не указан ни в перечне медицинских противопоказаний, ни среди»	LOW	действующее ПП не открыто; ПП 1604 — «документ не действует» (garant)
B3_anomalies_europe.md	B3-100	Беларусь: СД исключён из противопоказаний к управлению (пост. 94/95 2022)	—	—	2022	норма	Беларусь	Минздрав РБ, комментарий	https://minzdrav.gov.by/ru/novoe-na-sayte/kommentariy-k-postanovleniyam-ministerstva-zdravookhraneniya-94-i-95/	T1	2026-09-04	«сахарный диабет исключен из противопоказаний для управления»	MEDIUM	firecrawl_search
B3_anomalies_europe.md	B3-101	Пост. 94 действует с изменениями от 10.07.2026 № 83	2026-07-10	дата	2026	статус	Беларусь	etalonline.by	https://etalonline.by/webnpa/text.asp?RN=W22238759	T1	2026-09-04	«с изменениями (дополнениями), внесенными Постановлением от 10.07.2026 № 83»	MEDIUM	firecrawl_search
B3_anomalies_europe.md	B3-102	Украина: инсулины по программе «Доступні ліки» с 1 октября через НСЗУ	10-01	дата	2023 (год по WebSearch)	вступление	Украина	КМУ / НСЗУ	https://www.kmu.gov.ua/news/z-1-zhovtnya-paciyenti-zmozhut-otrimati-insulini-za-programoyu-dostupni-liki-nszu	T1	2026-09-04	«З 1 жовтня пацієнти зможуть отримати інсуліни за програмою "Доступні ліки", - НСЗУ»	MEDIUM	год отсутствует в открытом фрагменте
B3_anomalies_europe.md	B3-103	Украина: для инсулина нужен электронный рецепт	—	—	текущая	условие	Украина	МОЗ	https://moz.gov.ua/uk/preparati-dlja-likuvannja-diabetu-i-tipu-ta-necukrovogo-diabetu-vkljucheno-do-nacionalnogo-pereliku-osnovnih-likarskih-zasobiv	T1	2026-09-04	«препарати інсуліну можна отримувати за програмою реімбурсації "Доступні ліки" – для цього потрібно спочатку отримати електронний рецепт»	MEDIUM	firecrawl_search
B3_anomalies_europe.md	B3-104	Ирландия: пресс-релиз указывает ставки 20 и 30 центов за литр	20; 30	c/л	2018	ставка (с НДС — наша оценка)	Ирландия	gov.ie DoH press release 24.04.2018	https://www.gov.ie/en/department-of-health/press-releases/government-welcomes-european-commission-approval-of-sugar-sweetened-drinks-tax/	T1	2026-09-04	«first rate of 20 cents per litre … second rate of 30 cents per litre»	HIGH	расхождение с Revenue объяснено НДС 23 % (интерпретация)
B3_anomalies_europe.md	B3-105	ЕС-судебное решение Kaltoft создало прецедент (описание в опросе Германии)	—	—	2016	описание	Германия/ЕС	pmid:27481150	https://pubmed.ncbi.nlm.nih.gov/27481150/	T1 (абстракт)	2026-09-04	«The European Court of justice has set a precedent»	MEDIUM	firecrawl_research_search_papers
B4_anomalies_americas.md	B4-001	IRA Sec. 11406 устанавливает потолок доплаты за инсулин в Medicare Part D	35	USD/месяц (2023-2025); с 2026 - min(35, 25% цены)	2023-2026+	Cost-sharing cap за месячный запас "covered insulin product" в Medicare Part D	США	Congress.gov, H.R.5376, Public Law 117-169	https://www.congress.gov/bill/117th-congress/house-bill/5376	T1	2026-09-04	"the act caps cost-sharing... for a month's supply of covered insulin products at (1) for 2023 through 2025, $35; and (2) beginning in 2026, $35, 25%..."	HIGH	firecrawl_search
B4_anomalies_americas.md	B4-002	Colorado - первый штат США с потолком доплаты за инсулин	100	USD/30-дневный запас (исходная версия закона)	2019	Copay cap для страховых планов штата	США (Colorado)	NCSL, "Prescription Drug Policy: A Bipartisan Remedy"	https://www.ncsl.org/health/prescription-drug-policy-a-bipartisan-remedy	T2	2026-09-04	"Colorado was the first state to implement an insulin copayment cap at $100 per 30-day supply."	MEDIUM	firecrawl_search
B4_anomalies_americas.md	B4-003	Более 20 штатов США имеют потолок доплаты за инсулин	>20	штатов	не указан дословно (текущее на момент публикации NCSL)	Число штатов с insulin copay cap	США	NCSL, "This Year's Prescription Drug Bills Aim to Reduce Consumer Costs"	https://www.ncsl.org/state-legislatures-news/details/this-years-prescription-drug-bills-aim-to-reduce-consumer-costs	T2	2026-09-04	"more than 20 states have an insulin cap already in place"	MEDIUM	firecrawl_search
B4_anomalies_americas.md	B4-004	ACA wellness reward/surcharge ограничен 30% стоимости покрытия	30	% от годовой стоимости покрытия	текущая редакция eCFR	Максимальная награда/штраф outcome-based wellness программы работодателя	США	eCFR, 29 CFR 2590.702	https://www.ecfr.gov/current/title-29/subtitle-B/chapter-XXV/subchapter-L/part-2590/subpart-B/section-2590.702	T1	2026-09-04	"does not exceed the applicable percentage of 30 percent of the total annual cost of employee-only coverage"	HIGH	firecrawl_search
B4_anomalies_americas.md	B4-005	Arkansas Act 1220 (2003) требует BMI-скрининг школьников с включением в отчёт родителям	-	законодательное требование	2003 (закон), 2004 (поправка о конфиденциальности)	Обязательный школьный BMI-скрининг	США (Arkansas)	arkleg.state.ar.us, статут §20-7-133	https://www.arkleg.state.ar.us/Home/FTPDocument?path=%2FAssembly%2FMeeting+Attachments%2F410%2FI14319%2FEX+H1+ACA+20+7+133+through+20+7+135.pdf	T1	2026-09-04	"Beginning with kindergarten and then in even-numbered grades, require schools to include as a part of a student health report to parents a body mass index..."	HIGH	firecrawl_search
B4_anomalies_americas.md	B4-006	Учащиеся 11-12 классов Арканзаса освобождены от требований BMI-измерения	-	законодательное исключение	действующая редакция	Исключение из школьного BMI-скрининга	США (Arkansas)	arkleg.state.ar.us, статут §20-7-133-135	https://www.arkleg.state.ar.us/Home/FTPDocument?path=%2FAssembly%2FMeeting+Attachments%2F410%2FI14319%2FEX+H1+ACA+20+7+133+through+20+7+135.pdf	T1	2026-09-04	"Students in grades eleven and twelve (11-12) are exempt from any policy or requirement of a public school or the state for measuring or reporting body mass..."	HIGH	firecrawl_search
B4_anomalies_americas.md	B4-007	FMCSA дисквалифицирует водителей коммерческого транспорта с инсулинозависимым диабетом без индивидуального exemption	-	федеральное правило (49 CFR 391.41/391.46)	2018 (обновление процедуры)	Медицинская квалификация водителей	США	Federal Register, "Qualifications of Drivers; Diabetes Standard"	https://www.federalregister.gov/documents/2018/09/19/2018-20161/qualifications-of-drivers-diabetes-standard	T1	2026-09-04	"Has no established medical history or clinical diagnosis of diabetes mellitus currently treated with insulin for control, unless the person meets the requirements in § 391.46"	HIGH	firecrawl_search
B4_anomalies_americas.md	B4-008	Michigan - единственный штат США с законом против дискриминации по весу/росту	1	штат	закон действует с 1976	Число штатов с anti-weight discrimination law	США (Michigan)	PMC, статья PMC7511432	https://pmc.ncbi.nlm.nih.gov/articles/PMC7511432/	T1	2026-09-04	"there is only one state in the U.S – Michigan – that has an anti-weight discrimination law."	HIGH	firecrawl_search
B4_anomalies_americas.md	B4-009	Michigan Elliott-Larsen Act запрещает работодателям отказывать в найме по весу/росту	-	законодательный запрет	1976	Запрет дискриминации при найме	США (Michigan)	Michigan Legislature, MCL 37.2202	https://www.legislature.mi.gov/mileg.aspx%3Fpage%3DgetObject%26objectname%3Dmcl-37-2202	T1	2026-09-04	"An employer shall not do any of the following: refuse to hire … height, weight, or marital status."	HIGH	firecrawl_search
B4_anomalies_americas.md	B4-010	Квебек запрещает коммерческую рекламу, направленную на детей до 13 лет	13	лет (возрастной порог)	закон действует (текущая редакция)	Запрет рекламы детям	Канада (Квебек)	LegisQuébec, Consumer Protection Act P-40.1, art. 248	https://legisquebec.gouv.qc.ca/en/showdoc/cs/P-40.1	T1	2026-09-04	"no person may make use of commercial advertising directed at persons under thirteen years of age."	HIGH	firecrawl_search
B4_anomalies_americas.md	B4-011	NOM-051 устанавливает пороги для предупреждающих знаков (≥275 ккал/100г и др.)	275	ккал на 100 г твёрдого продукта (порог "EXCESO CALORÍAS")	норма опубликована/модифицирована, действует с 2020	Порог фронтального предупреждающего знака	Мексика	DOF, модификация NOM-051-SCFI/SSA1-2010	https://dof.gob.mx/normasOficiales/8150/seeco11_C/seeco11_C.html	T1	2026-09-04	"Sólidos en 100 g de producto	≥ 275 kcal totales	... Leyenda a usar
B4_anomalies_americas.md	B4-012	Чили запрещает продажу/рекламу/раздачу продуктов с "sellos" в детских садах, начальных и средних школах	-	законодательный запрет	закон 2012, art.6 (изменён Ley 21778, D.O. 25.11.2025)	Запрет продажи в школах	Чили	BCN/LeyChile, Ley 20606 art. 6	https://www.bcn.cl/leychile/navegar?idNorma=1041570	T1	2026-09-04	"no se podrán expender, comercializar, promocionar y publicitar dentro de establecimientos de educación parvularia, básica y media, ni en puntos de acceso a los mismos"	HIGH	firecrawl_search
B4_anomalies_americas.md	B4-013	Чили запрещает рекламу продуктов с "sellos" детям до 14 лет	14	лет (возрастной порог)	закон 2012, art. 7	Запрет рекламы детям	Чили	BCN/LeyChile, Ley 20606 art. 7	https://www.bcn.cl/leychile/navegar?idNorma=1041570	T1	2026-09-04	"La publicidad de los productos descritos en el artículo 5°, no podrá ser dirigida a niños menores de catorce años."	HIGH	firecrawl_search
B4_anomalies_americas.md	B4-014	Ley 20.606 Чили изменена законом 21.778, опубликованным 25.11.2025	25.11.2025	дата публикации в Diario Oficial	2025	Дата последней модификации закона	Чили	BCN/LeyChile, Ley 20606, история изменений	https://www.bcn.cl/leychile/navegar?idNorma=1041570	T1	2026-09-04	"Ley 21778 Art. 10 a) y b) D.O. 25.11.2025"	MEDIUM	firecrawl_search; детали модификации не раскрыты дословно
B4_anomalies_americas.md	B4-015	Аргентина - Ley 27.642 обязывает маркировать продукты при превышении критических значений (Promoción de la Alimentación Saludable)	-	законодательное требование	2021	Обязательная фронтальная маркировка	Аргентина	Boletín Oficial, detalleAviso Ley 27642	https://www.boletinoficial.gob.ar/detalleAviso/primera/252728/20211112	T1	2026-09-04	"PROMOCIÓN DE LA ALIMENTACIÓN SALUDABLE - Ley 27642. La presente ley tiene por objeto: a) Garantizar el derecho a la salud y a una alimentación..."	HIGH	firecrawl_search
B4_anomalies_americas.md	B4-016	В Палате депутатов Аргентины на рассмотрении находится законопроект о полной отмене Ley 27.642 (expte. 291968)	-	статус законопроекта	2025-2026 (документ обнаружен в этой сессии на дату доступа)	Статус законодательной инициативы	Аргентина	HCDN, текст законопроекта об отмене	https://rest.hcdn.gob.ar/web/proyectos/291968/adjuntos/105773	T1	2026-09-04	"Este proyecto propone derogar la Ley 27.642 y sus normas complementarias. Al mismo tiempo, insta al Poder Ejecutivo a retomar las negociaciones para la adopción."	HIGH	firecrawl_search
B4_anomalies_americas.md	B4-017	Колумбия ввела налог на ультрапереработанные продукты и напитки с 01.11.2023	01.11.2023	дата вступления в силу	2022 (закон), 2023 (вступление в силу)	Дата вступления в силу акциза на ультрапереработанные продукты/напитки	Колумбия	Función Pública, Gestor Normativo, Ley 2277 de 2022	https://www.funcionpublica.gov.co/eva/gestornormativo/norma.php?i=199883	T1	2026-09-04	"El impuesto a los productos comestibles ultraprocesados... rige a partir del primero (1) de noviembre de 2023."	HIGH	firecrawl_search
B4_anomalies_americas.md	B4-018	Критерий обложения налогом по натрию в Колумбии - отношение sodio(mg)/kcal > 1	1	безразмерное отношение (порог)	2022	Критерий налогообложения по натрию	Колумбия	Función Pública, Gestor Normativo, Ley 2277 de 2022, art. 54	https://www.funcionpublica.gov.co/eva/gestornormativo/norma.php?i=199883	T1	2026-09-04	"se divide el contenido de sodio reportado, entre el número de kcal, reportadas en la misma cantidad, sí esta relación es superior a uno (1), será sujeto de impuesto"	HIGH	firecrawl_search
B4_anomalies_americas.md	B4-019	Аргентина - обязательства ley 26.396 распространяются на obras sociales системы Ley 23.660	-	законодательное требование	2008	Обязательное покрытие лечения трастornos alimentarios (в т.ч. ожирение)	Аргентина	argentina.gob.ar/normativa, Ley 26396 texto original	https://www.argentina.gob.ar/normativa/nacional/norma-144033/texto	T1	2026-09-04	"La cobertura que deberán brindar todas las obras sociales y asociaciones de obras sociales del Sistema Nacional incluidas en la Ley Nº 23.660,..."	HIGH	firecrawl_search
B4_anomalies_americas.md	B4-020	Medicare GLP-1 Bridge предоставляет доступ к GLP-1 препаратам за $50/мес с 01.07.2026 по 31.12.2027	50	USD/месяц	01.07.2026-31.12.2027	Стоимость копэй по демонстрационной программе Medicare	США	CMS, "Coming Soon: CMS to Provide $50 Monthly Access..."	https://www.cms.gov/newsroom/press-releases/coming-soon-cms-provide-50-monthly-access-glp-1-medications-medicare-beneficiaries	T1	2026-09-04	"CMS will provide eligible Medicare beneficiaries access to certain GLP-1 medications for $50 per month beginning July 1, 2026, through December 31, 2027."	HIGH	firecrawl_search
B4_anomalies_americas.md	B4-021	Порог допуска к Medicare GLP-1 Bridge - BMI ≥35 или BMI ≥30 с коморбидностями	35 / 30	кг/м2 (BMI)	2026	Клинический порог доступа к госпрограмме	США	Medicare.gov, fact sheet PDF	https://www.medicare.gov/publications/12234-medicare-glp-1-bridge-glp-1-drugs-for-50-a-month.pdf	T1	2026-09-04	"You have a Body Mass Index (BMI) of 35 or higher [or] Your BMI is 30 or higher, and you have certain types of heart failure OR high blood pressure... OR chronic kidney disease (stage 3a or above)"	HIGH	firecrawl_search
B4_anomalies_americas.md	B4-022	CMS исторически исключает препараты для похудения из покрытия Medicare Part D	-	толкование статута	с начала программы Part D (2006) до предложенного пересмотра (CY2026)	Историческая интерпретация статутного исключения	США	CMS, "Contract Year 2026 Policy and Technical Changes..."	https://www.cms.gov/newsroom/fact-sheets/contract-year-2026-policy-and-technical-changes-medicare-advantage-program-medicare-prescription	T1	2026-09-04	"Since the inception of the Part D program, CMS has interpreted the statutory exclusion of "agents when used for weight loss" to mean that a drug... is excluded..."	HIGH	firecrawl_search
B4_anomalies_americas.md	B4-023	IRPA s.38(1)(c) устанавливает "excessive demand" как основание медицинской неприемлемости мигранта	-	законодательная норма	закон 2001, действующая редакция	Основание медицинской неприемлемости	Канада	Justice Canada, IRPA s.38	https://laws-lois.justice.gc.ca/eng/acts/i-2.5/section-38.html	T1	2026-09-04	"A foreign national is inadmissible on health grounds if their health... might reasonably be expected to cause excessive demand..."	HIGH	firecrawl_search
B4_anomalies_americas.md	B4-024	IRCC разъясняет, что нет конкретного диагноза, автоматически ведущего к неприемлемости по excessive demand	-	официальное разъяснение	текущая редакция FAQ	Индивидуальная, не автоматическая по диагнозу, оценка	Канада	IRCC, официальный FAQ	https://ircc.canada.ca/english/helpcentre/answer.asp?qnum=1449&top=8	T1	2026-09-04	"There is no specific health condition that automatically leads to inadmissibility based on excessive demand on health or social services. We assess each applicant individually."	HIGH	firecrawl_search
B4_anomalies_americas.md	B4-025	RDC 429/2020 ANVISA делает фронтальную маркировку обязательной при превышении лимитов Приложения XV IN 75/2020	-	нормативное требование	норма от 08.10.2020	Обязательность фронтальной маркировки	Бразилия	in.gov.br (Diário Oficial da União), RDC 429/2020	https://www.in.gov.br/en/web/dou/-/resolucao-de-diretoria-colegiada-rdc-n-429-de-8-de-outubro-de-2020-282070599	T1	2026-09-04	"A declaração da rotulagem nutricional frontal é obrigatória nos rótulos dos alimentos embalados... cujas quantidades... sejam iguais ou superiores aos limites definidos no Anexo XV..."	HIGH	firecrawl_search
B4_anomalies_americas.md	B4-026	ANVISA требует "retenção de receita" при продаже агонистов GLP-1 в Бразилии	-	нормативное требование, принято 16.04.2025	2025	Обязательное удержание рецепта при продаже	Бразилия	gov.br/anvisa, новость 16.04.2025	https://www.gov.br/anvisa/pt-br/assuntos/noticias-anvisa/2025/canetas-emagrecedoras-so-poderao-ser-vendidas-com-retencao-de-receita	T1	2026-09-04	"A Diretoria Colegiada da Anvisa aprovou... um controle mais rigoroso na prescrição e na dispensação dos medicamentos agonistas GLP-1..."	HIGH	firecrawl_search
B4_anomalies_americas.md	B4-027	ANVISA запретила ввоз ряда незарегистрированных GLP-1-брендов (напр. Lipoless, T.G.5)	-	список запрещённых резолюций (RE 4.030, RE 3.676, RE 4.641 и др.)	публикация 20.11.2025	Запрет ввоза конкретных незарегистрированных продуктов	Бразилия	gov.br/anvisa, новость 20.11.2025	https://www.gov.br/anvisa/pt-br/assuntos/noticias-anvisa/2025/anvisa-esclarece-sobre-proibicao-de-ingresso-de-canetas-emagrecedoras	T1	2026-09-04	"A Anvisa recentemente publicou resoluções proibindo a fabricação, a distribuição, a importação, a comercialização, a propaganda e o uso de alguns medicamentos agonistas de GLP-1..."	HIGH	firecrawl_search
B4_anomalies_americas.md	B4-028	Оахака (Мексика) запрещает продажу/раздачу сладких напитков и высококалорийных продуктов несовершеннолетним по всему штату (art. 20 Bis)	-	законодательный запрет	2020	Запрет продажи детям	Мексика (Оахака)	Congreso de Oaxaca, dictamen 1184	https://www.congresooaxaca.gob.mx/docs64.congresooaxaca.gob.mx/documents/dictamen/1184.pdf	T1	2026-09-04	"el artículo 20 Bis a la Ley Derechos … para prohibir la venta, distribución, donación, y bebidas azucaradas y alimentos envasados de alto contenido calórico,..."	HIGH	firecrawl_search
B4_anomalies_americas.md	B4-029	Бермуды повысили импортную пошлину на сахаросодержащие товары до 75%	75	% (customs duty)	введена 50% с 01.10.2018, затем повышена до 75%	Ставка таможенной пошлины на сахаросодержащие товары	Бермуды	Government of Bermuda, "The Sugar Tax"	https://www.gov.bm/articles/sugar-tax	T1	2026-09-04	"The amendments introduced today propose to begin the new duty rates on the said items at 50% duty on 1st October 2018, and increased them to 75%..."	HIGH	firecrawl_search
B4_anomalies_americas.md	B4-030	Ставка налога Бермуд (75%) описана как самая высокая в мире среди налогов на сахаросодержащие товары	75	%	по состоянию на публикацию источника	Сравнительная ставка "сахарного налога"	Бермуды	actonncds.org, "These 5 countries show how sugar taxes can cut chronic diseases"	https://actonncds.org/news/20220907-these-5-countries-show-how-sugar-taxes-can-cut-chronic-diseases	T2	2026-09-04	"At 75 per cent, the tax levied on sugary soft drinks, candies, pure sugar and cocoa products in Bermuda is the highest in the world."	MEDIUM	firecrawl_search
B4_anomalies_americas.md	B4-031	Более 130 юрисдикций (~120 стран) имеют налог на сахаросодержащие напитки	>130 юрисдикций / ~120	стран и территорий	по состоянию на публикацию источника	Число юрисдикций с налогом на SSB	Глобально (справочно)	Obesity Evidence Hub, "Countries and jurisdictions that have taxes on SSBs"	https://www.obesityevidencehub.org.au/collections/prevention/countries-that-have-implemented-taxes-on-sugar-sweetened-beverages-ssbs	T2	2026-09-04	"Over 130 jurisdictions across nearly 120 countries and territories have implemented taxes on sugar-sweetened beverages (SSBs) to date."	MEDIUM	firecrawl_search
B4_anomalies_americas.md	B4-032	Heberprot-P применён на Кубе у более чем 100 тыс. пациентов (к 2022)	>100 000	пациентов	к марту 2022	Совокупное число пациентов, получивших терапию	Куба	especialidades.sld.cu, официальный медицинский портал Минздрава Кубы	https://especialidades.sld.cu/dermatologia/2022/03/06/aplicado-en-cuba-el-heberprot-p-a-mas-de-100-mil-pacientes-como-terapia-para-el-tratamiento-de-ulceras-por-diabetes/	T1	2026-09-04	"Aplicado en Cuba el Heberprot-P a más de 100 mil pacientes como terapia para el tratamiento de úlceras por diabetes."	MEDIUM	firecrawl_search
B4_anomalies_americas.md	B4-033	Heberprot-P зарегистрирован в 26 странах, кроме Кубы (где получил первую регистрацию в 2006)	26	стран (кроме Кубы)	по состоянию на публикацию источника	Число стран с санитарной регистрацией продукта	Куба (справочно, международный охват)	ResearchGate, "Sanitary Registration of Heberprot-P(R)..."	https://www.researchgate.net/publication/366370391_Sanitary_Registration_of_Heberprot-PR_an_innovative_biotechnological_medicine_for_the_treatment_of_diabetic_foot_ulcers	T3 (зеркало T1-статьи, не первичный журнал)	2026-09-04	"Heberprot-P® obtuvo su primer registro sanitario en Cuba en el año 2006, actualmente está aprobado en otros 26 países."	LOW	firecrawl_search; требуется проверка в оригинальном журнале
B4_anomalies_americas.md	B4-034	NYC Local Law 61 запрещает дискриминацию по росту/весу в найме, жилье и общественных местах	-	законодательный запрет	подписан 26.05.2023, в силе с 26.11.2023	Запрет дискриминации по body size	США (Нью-Йорк)	NYC Commission on Human Rights, официальная страница	https://www.nyc.gov/site/cchr/media/height-and-weight.page	T1	2026-09-04	"signed into Law by Mayor Eric Adams on May 26, 2023, and took effect on November 26, 2023"; "protects individuals... from discrimination based on their height or weight... referred to as "body size.""	HIGH	firecrawl_search
B4_anomalies_americas.md	B4-035	Для жилья в NYC нет исключений из правила о запрете дискриминации по росту/весу	-	законодательная норма	действующая редакция	Отсутствие исключений для housing	США (Нью-Йорк)	NYC CCHR, официальная страница	https://www.nyc.gov/site/cchr/media/height-and-weight.page	T1	2026-09-04	"There are no exceptions to the height and weight provisions of the law for housing providers."	HIGH	firecrawl_search
B4_anomalies_americas.md	B4-036	ACUERDO SEP/Salud (Мексика) запрещает продажу в школах продуктов с предупреждающими знаками NOM-051	-	законодательное требование	опубликовано в DOF 30.09.2024	Запрет школьной продажи маркированных продуктов	Мексика	DOF, ACUERDO, codigo=5740005	https://www.dof.gob.mx/nota_detalle.php?codigo=5740005&fecha=30/09/2024	T1	2026-09-04	"Serán considerados alimentos y bebidas no permitidas para la preparación, distribución y expendio en las escuelas aquellos que contengan los sellos y las leyendas que incluye el sistema de etiquetado frontal de advertencia."	HIGH	firecrawl_search
B4_anomalies_americas.md	B4-037	Чили гарантирует лечение диабета через GES/AUGE как юридически истребуемое право	-	законодательная гарантия	закон 2004, декрет 45/2013	Юридически истребуемая гарантия лечения	Чили	BCN/LeyChile, API LeyFácil "Plan GES o AUGE"	https://www.bcn.cl/api-leyfacil/servicio/ObtenerGuiaPublicadaHTML?uri=plan-ges-ex-auge	T1	2026-09-04	"Las Garantías Explícitas en Salud son constitutivas de derechos para los beneficiarios y su cumplimiento puede ser exigido por éstos"	HIGH	firecrawl_search
B4_anomalies_americas.md	B4-038	Октагоны обязательны в Перу с 17.06.2019	17.06.2019	дата вступления требования в силу	2013 (закон), 2019 (обязательность)	Дата вступления в силу маркировки	Перу	gob.pe, Ministerio de Salud	https://www.gob.pe/1066-ministerio-de-salud-conoce-las-advertencias-publicitarias-octogonos	T1	2026-09-04	"Desde el 17 de junio de 2019, los alimentos procesados que superan los límites establecidos en la Ley... deben llevar etiquetas de advertencia."	HIGH	firecrawl_search
B4_anomalies_americas.md	B4-039	Уругвай ввёл октагон "EXCESO" декретом 272/018, разработанным в координации с Аргентиной	-	законодательная норма	декрет 2018	Совместная (двусторонняя) разработка нормы маркировки	Уругвай	IMPO, Decreto N° 272/018	https://www.impo.com.uy/bases/decretos/272-2018/1	T1	2026-09-04	"Ministros de Salud de Uruguay, Argentina, estableció como recomendación para la prevención y control de la obesidad, el rotulado nutricional de los alimentos"	HIGH	firecrawl_search
B4_anomalies_americas.md	B4-040	FAA ввела новые протоколы медицинской сертификации для пилотов-диабетиков (ITDM) коммерческой авиации с 07.11.2019	07.11.2019	дата вступления в силу	2019	Дата вступления в силу протокола сертификации	США	FAA, "New Protocols for Diabetics Seeking Air Transport and Commercial Pilots Medical Certification"	https://www.faa.gov/newsroom/new-protocols-diabetics-seeking-air-transport-and-commercial-pilots-medical-certification	T1	2026-09-04	"The new protocols are effective November 7, 2019..."; "Since 1996, private pilots with ITDM have been issued medical certificates on a case-by-case basis..."	HIGH	firecrawl_search
B4_anomalies_americas.md	B4-041	Верховный суд штата Вашингтон постановил, что ожирение всегда является "impairment" по WLAD	-	судебный прецедент	решение 2019	Юридический статус ожирения как нарушения (impairment)	США (Вашингтон)	law.justia.com, судебное решение Taylor v. Burlington N. R.R. Holdings, Inc.	https://law.justia.com/cases/washington/supreme-court/2019/96335-5.html	T1	2026-09-04	"We hold that obesity is always an impairment under the plain language of RCW 49.60.040(7)(c)(i..."	HIGH	firecrawl_search
B4_anomalies_americas.md	B4-042	В деле Тейлора корпоративная политика BNSF отказывала в найме при BMI выше 35	35	кг/м2 (BMI, порог корпоративной политики)	политика действовала до иска (решение 2019)	Внутрикорпоративный порог BMI для найма	США (Вашингтон)	law.justia.com, изложение фактов дела Taylor v. BNSF	https://law.justia.com/cases/washington/supreme-court/2019/96335-5.html	T1	2026-09-04	"BNSF told Taylor it was company policy not to hire anyone who had a BMI of over 35, and if he could not afford testing, his option was..."	HIGH	firecrawl_search
B4_anomalies_americas.md	B4-043	DoDI 6130.03 дисквалифицирует по диабету при приёме на военную службу, если HbA1c нельзя удержать <8% без медикаментов	8	% HbA1c (порог)	действующая редакция	Дисквалифицирующий медицинский стандарт для военной службы	США	esd.whs.mil, DoDI 6130.03 Volume 2	https://www.esd.whs.mil/Portals/54/Documents/DD/issuances/dodi/613003_vol2.PDF	T1	2026-09-04	"Diabetes mellitus, unless hemoglobin A1c can be maintained at less than eight percent using only lifestyle modifications (e.g., diet and...)"	MEDIUM	firecrawl_search
B4_anomalies_americas.md	B4-044	Колумбия исключает типичные/артесанальные и минимально переработанные продукты из требования фронтальной маркировки	-	законодательное исключение	2021	Исключение из обязательной маркировки	Колумбия	Función Pública, Gestor Normativo, Ley 2120 de 2021	https://www.funcionpublica.gov.co/eva/gestornormativo/norma.php?i=168029	T1	2026-09-04	"Los productos comestibles o bebibles típicos y/o artesanales y mínimamente procesados... serán exceptuados de la aplicación del etiquetado frontal de advertencia"	MEDIUM	firecrawl_search; кандидат упомянут справочно, не вынесен в отдельную строку основной таблицы
B5_anomalies_south_asia_africa.md	B5-001	FSSAI 2020 запрещает продажу HFSS-продуктов в школьном кампусе и в 50 м от школы	50	м	2020	радиус зоны запрета	Индия	FSSAI Gazette Notification (Safe Food and Balanced Diets for Children in School) Regulations 2020	https://fssai.gov.in/docs/food-law/regulations/Gazette_Notification_Safe_Food_Children_07_09_2020.pdf	T1	2026-09-04	"These regulations may be called the Food Safety and Standards (Safe food and balanced diets for children in school) Regulations, 2020" / "school campus or to school children in an area within fifty meters"	HIGH	firecrawl_search (categories pdf)
B5_anomalies_south_asia_africa.md	B5-002	Регламент FSSAI 2020 числится в действующем реестре регламентов FSSAI	-	-	2026	статус	Индия	FSSAI Food Safety and Standards Regulations	https://fssai.gov.in/cms/food-safety-and-standards-regulations.php	T1	2026-09-04	"Food Safety and Standards (Safe Food and Balanced Diets for Children in School) Regulations, 2020"	HIGH	firecrawl_search
B5_anomalies_south_asia_africa.md	B5-003	Регламент запрещает продажу/бесплатную раздачу HFSS детям в учреждении и в радиусе 50 м	50	м	2020	зона запрета	Индия	PMC8477491 Food environment in and around schools and colleges of Delhi	https://pmc.ncbi.nlm.nih.gov/articles/PMC8477491/	T1	2026-09-04	"No offer or free of sale of HFSS foods to children in an institute and around 50 m"	HIGH	firecrawl_search
B5_anomalies_south_asia_africa.md	B5-004	Школьная администрация, сама организующая питание, обязана зарегистрироваться как FBO	-	-	2020	обязанность	Индия	foodsafetystandard.in (копия текста регламента)	https://foodsafetystandard.in/safe-food-and-balanced-diets-for-children-in-school/	T3	2026-09-04	"School Authority selling or catering school meals by itself in the school campus shall get registered as a food business operator"	LOW	firecrawl_search; T3-копия, прослеживается к B5-001
B5_anomalies_south_asia_africa.md	B5-005	В Южной Корее с 2009 г. действует закон о безопасности детского питания (Green Food Zone)	2009	год	2009	аналог для уникальности	Юж. Корея	pmid:24561969	https://pubmed.ncbi.nlm.nih.gov/24561969/	T1	2026-09-04	"enforcement in 2009 of the Special Act on the Safety Management of Children's Dietary Life"	HIGH	firecrawl_research_search_papers (абстракт)
B5_anomalies_south_asia_africa.md	B5-006	Корейская зона Green Food Zone определяется радиусом 200 м вокруг школ	200	м	2015 (публикация)	аналог	Юж. Корея	pmid:26078247	https://pubmed.ncbi.nlm.nih.gov/26078247/	T1	2026-09-04	"schools with a fast food outlet within 200 meters or in the Green Food Zone around its location"	HIGH	firecrawl_research_search_papers
B5_anomalies_south_asia_africa.md	B5-007	Мексика в 2023 г. усилила запрет продажи и рекламы NEDFB в школах и их окружении	2023	год	2023	аналог	Мексика	PMC11086919	https://pmc.ncbi.nlm.nih.gov/articles/PMC11086919/	T1	2026-09-04	"In 2023, Mexico approved a reform to the General Education Law to strengthen the ban of sales and advertising of nonessential energy-dense food and beverages"	HIGH	firecrawl_research_search_papers
B5_anomalies_south_asia_africa.md	B5-008	CBSE циркуляром Acad-26/2025 предписал всем аффилированным школам учредить "Sugar Boards"	14.05.2025	дата	2025	обязанность школ	Индия	CBSE Circular Acad-26/2025	https://cbseacademic.nic.in/web_material/Circulars/2025/26_Circular_2025.pdf	T1	2026-09-04	"Circular No: Acad-26/2025. All the Heads of Schools ... Establish 'Sugar Boards' where information is displayed for educating students"	HIGH	firecrawl_search
B5_anomalies_south_asia_africa.md	B5-009	CBSE выпустил циркуляр-продолжение Acad-45/2025 по Sugar Boards	45/2025	номер	2025	статус (действует)	Индия	CBSE Circular Acad-45/2025	https://cbseacademic.nic.in/web_material/Circulars/2025/45_Circular_2025.pdf	T1	2026-09-04	"This is in continuation with our earlier Circular No: Acad-26/2025 Dated: 14.05.2025 on Sugar Boards"	HIGH	firecrawl_search
B5_anomalies_south_asia_africa.md	B5-010	Минздрав Индии выпустил advisory о размещении "Oil and Sugar Boards" на рабочих местах	2025	год	2025	advisory	Индия	PIB PRID=2144885	https://www.pib.gov.in/PressReleasePage.aspx?PRID=2144885	T1	2026-09-04	"It advises about display of Boards in various workplaces such as lobbies, canteens, cafeterias, meeting rooms etc., to raise awareness on"	MEDIUM	firecrawl_search; письмо MoHFW не открыто
B5_anomalies_south_asia_africa.md	B5-011	NP-NCD нацелен на скрининг НИЗ у лиц старше 30 лет	30	лет (порог)	2023	возраст скрининга	Индия	PIB PRID=1944600 Update on treatment of Diabetes	https://www.pib.gov.in/PressReleaseIframePage.aspx?PRID=1944600	T1	2026-09-04	"Under the initiative, persons more than 30 years of age are targeted for their screening for common NCDs"	HIGH	firecrawl_search
B5_anomalies_south_asia_africa.md	B5-012	Кампания 20.02-31.03.2025 ставила цель 100% скрининга всех лиц 30+	100	%	20.02-31.03.2025	целевой охват	Индия	PIB PRID=2104884	https://www.pib.gov.in/PressReleaseIframePage.aspx?PRID=2104884	T1	2026-09-04	"this ambitious initiative aims to achieve 100% screening of all individuals aged 30 years and above"	HIGH	firecrawl_search
B5_anomalies_south_asia_africa.md	B5-013	ASHA получают 10 рупий за заполнение CBAC на каждого жителя 30+ (NPCDCS 2024-26)	10	INR	2024-26	стимул работнику	Индия	pmid:41472431	https://pubmed.ncbi.nlm.nih.gov/41472431/	T1	2026-09-04	"ASHAs are entitled to receive Rs. 10 for completing Community-Based Assessment Checklist (CBAC) forms for all individuals aged 30 years and above"	HIGH	firecrawl_research_search_papers
B5_anomalies_south_asia_africa.md	B5-014	Портал NP-NCD описывает популяционный скрининг диабета/гипертензии/рака для лиц старше 30	30	лет	2026	статус	Индия	ncd.mohfw.gov.in	https://ncd.mohfw.gov.in/ncdlandingassets/aboutus.html	T1	2026-09-04	"Population based prevention and control, screening and management initiative for common NCD (Diabetes, Hypertension and cancer, persons more than 30 years of"	HIGH	firecrawl_search
B5_anomalies_south_asia_africa.md	B5-015	Иран IraPEN охватывает взрослых >=30 лет (аналог скрининга)	30	лет	2025 (публ.)	аналог	Иран	PMC13386696	https://pmc.ncbi.nlm.nih.gov/articles/PMC13386696/	T1	2026-09-04	"serving 1.8 million adults aged >= 30, of whom 515,488 underwent 10-year WHO/ISH CVD risk scoring"	MEDIUM	firecrawl_research_search_papers
B5_anomalies_south_asia_africa.md	B5-016	GST Council 56 поднял ставку на подслащённые напитки (2202 10) с 28% до 40% с 22.09.2025	40	%	с 22.09.2025	ставка GST	Индия	PIB PRID=2163555	https://www.pib.gov.in/PressReleaseDetail.aspx?PRID=2163555	T1	2026-09-04	"2202 10	All goods (including aerated waters), containing added sugar or other sweetening matter or flavoured	28%
B5_anomalies_south_asia_africa.md	B5-017	Прочие безалкогольные напитки переведены с 18% на 40%	40	%	с 22.09.2025	ставка GST	Индия	PIB PRID=2163555	https://www.pib.gov.in/PressReleaseDetail.aspx?PRID=2163555	T1	2026-09-04	"2202 91 00, 2202 99	Other non-alcoholic beverages	18%
B5_anomalies_south_asia_africa.md	B5-018	Уведомление CBIC 9/2025 включает позицию 2202 10 (напитки с добавленным сахаром)	9/2025	номер	2025	норм. акт	Индия	CBIC Notification No. 9/2025-Integrated Tax (Rate)	https://courier.cbic.gov.in/ECCS/advisory/2025/NOTIFICATION%20NO.%209_2025-INTEGRATED%20TAX%20(RATE)%20-1759486719.pdf	T1	2026-09-04	"2202 10. All goods (including aerated waters), containing added sugar ... Caffeinated Beverages. 4. 2202. Carbonated beverages of fruit drink or"	HIGH	firecrawl_search
B5_anomalies_south_asia_africa.md	B5-019	Керала ввела "fat tax" 14,5% на пиццу, бургеры, сэндвичи, тако в брендовых сетях	14.5	%	2016	ставка налога	Индия (Керала)	The Hindu	https://www.thehindu.com/news/national/Pizzas-in-Kerala-get-a-14.5-%E2%80%98fat-tax%E2%80%99-topping/article60529763.ece	T2	2026-09-04	"Kerala announced a 14.5 per cent 'fat tax' on pizzas, burgers, sandwiches and tacos sold through branded outlets"	HIGH	firecrawl_search
B5_anomalies_south_asia_africa.md	B5-020	Fat tax действовал в августе 2016 - июне 2017 и снизил долю покупок фастфуда на 3,9 п.п.	3.9	п.п.	08.2016-06.2017	разница-в-разницах, доля покупок фастфуда	Индия (Керала)	PMC10580107	https://pmc.ncbi.nlm.nih.gov/articles/PMC10580107/	T1	2026-09-04	"During the fat tax implementation (August 2016-June 2017), Kerala's fast food purchase ratio decreased by 3.9 percentage points"	HIGH	firecrawl_research_search_papers
B5_anomalies_south_asia_africa.md	B5-021	Налог взимался с бургеров, пиццы, тако, пончиков, сэндвичей, пасты в брендовых ресторанах	-	-	2016-2017	охват	Индия (Керала)	GDI Case Study on Fat Tax in Kerala (effectivecooperation.org)	https://effectivecooperation.org/system/files/2021-06/GDI%20Case%20Study%20on%20Fat%20Tax%20in%20Kerala.pdf	T2	2026-09-04	"The Fat Tax was levied on burgers, pizzas, tacos, doughnuts, sandwiches, pasta, and bread-fillings ... sold by restaurants having a brand"	MEDIUM	firecrawl_search
B5_anomalies_south_asia_africa.md	B5-022	IRDAI в 2019 г. обязал покрывать метаболическую/бариатрическую хирургию при соблюдении критериев	2019	год	2019	мандат регулятора	Индия	pmid:41247585 OSSI survey	https://pubmed.ncbi.nlm.nih.gov/41247585/	T1	2026-09-04	"In 2019, the Insurance Regulatory and Development Authority of India (IRDAI) mandated that MBS be covered under health insurance policies if specific medical criteria are met"	MEDIUM	firecrawl_research_search_papers
B5_anomalies_south_asia_africa.md	B5-023	Документ IRDAI "Guidelines on Standardization of Exclusions" датирован 27.09.2019	27-09-2019	дата	2019	реестр	Индия	IRDAI search listing	https://irdai.gov.in/ (поиск, см. раздел 5)	T1	2026-09-04	"27-09-2019. Guidelines on Standardization of Exclusions in Health Insurance Contracts.pdf"	MEDIUM	firecrawl_search; сам PDF не открыт
B5_anomalies_south_asia_africa.md	B5-024	Стандартная формулировка покрытия бариатрии: BMI >=40 или >=35 с сопутствующими	40 / 35	kg/m2	2024-2026	критерии	Индия	Проспект Magma Insurance (ссылка на IRDAI 2019)	https://www.magmainsurance.com/documents/5553002/5844234/Prospectus+%E2%80%93+Double+Suraksha+%28w.e.f.+1st+Oct%2C+2024%29.pdf	T3	2026-09-04	"4) Body Mass Index (BMI); a) greater than or equal to 40 or b) greater ... standardization of Exclusions in Health Insurance Contracts, 2019"	LOW	firecrawl_search (pdf)
B5_anomalies_south_asia_africa.md	B5-025	NPPA утвердил цены на Human Insulin Injection на заседании 15.05.2013	15.05.2013	дата	2013	ценовое регулирование	Индия	NPPA order 1540(E)	https://nppa.gov.in/1540e	T1	2026-09-04	"NPPA in its 132nd Authority Meeting held on 15.05.2013 duly considered the aforesaid price fixation order and approved the prices of Human Insulin Injection"	HIGH	firecrawl_search
B5_anomalies_south_asia_africa.md	B5-026	NPPA установил потолки цен для 930 формуляций, включая 11 антидиабетических	930 / 11	шт.	2025	число формуляций	Индия	PIB PRID=2154217	https://www.pib.gov.in/PressReleasePage.aspx?PRID=2154217	T1	2026-09-04	"NPPA has fixed the ceiling prices for 930 scheduled formulations, including 131 anti-cancer, 11 anti-diabetic and 66 cardiovascular formulations"	HIGH	firecrawl_search
B5_anomalies_south_asia_africa.md	B5-027	Индия с 2013 г. регулирует цены лекарств из NLEM	2013	год	2013-	статус	Индия	pmid:32552127	https://pubmed.ncbi.nlm.nih.gov/32552127/	T1	2026-09-04	"Since 2013, India has been regulating the prices of drugs included in its national list of essential medicines (NLEM)"	HIGH	firecrawl_research_search_papers
B5_anomalies_south_asia_africa.md	B5-028	Шри-Ланка: любой готовый к употреблению жидкий продукт с сахаром подлежит маркировке по регламенту	-	-	2022/2023	обязанность	Шри-Ланка	Gazette (файл 2319-42_E.pdf, eohfs.health.gov.lk)	https://eohfs.health.gov.lk/food/images/2319-42_E.pdf	T1	2026-09-04	"(1) Any liquid food which is in a ready to drink form and which contains sugar shall be labeled in the manner as specified in these regulations"	HIGH	firecrawl_search (pdf)
B5_anomalies_south_asia_africa.md	B5-029	Порог "красного" цвета для напитков: более 8,0 г сахара на 100 мл (регламент 2022)	8.0	г/100 мл	2022 (регламент)	порог маркировки	Шри-Ланка	USDA FAIRS Country Report Annual 2025 (Sri Lanka)	https://apps.fas.usda.gov/newgainapi/api/Report/DownloadReportByFileName?fileName=FAIRS%20Country%20Report%20Annual_Colombo_Sri%20Lanka_CE2025-0006.pdf	T1	2026-09-04	"SUGAR CONTENT (PER 100 ML OF DRINK). COLOR CODE. More than 8.0g/100 ml ... Source: Food (Color Coding for Sugar Levels-Liquid) Regulation (2022)"	HIGH	firecrawl_search (pdf); также FAIRS 2024: "More than 8.0g/100 ml. Red. 2.5g"
B5_anomalies_south_asia_africa.md	B5-030	В Индии нет правил о диабете и водительских правах	0	правил	2021 (публ.)	наличие регулирования	Индия	pmid:34872840 ADD-Punjab	https://pubmed.ncbi.nlm.nih.gov/34872840/	T1	2026-09-04	"Currently there are no regulations regarding diabetes and driving licensing in India"	HIGH	firecrawl_research_search_papers; отрицательный результат по категории "вождение"
B5_anomalies_south_asia_africa.md	B5-031	Вооружённые силы Индии предлагают бариатрическую хирургию морбидно ожиревшим военнослужащим	-	-	2025 (публ.)	практика	Индия	PMC12351034	https://pmc.ncbi.nlm.nih.gov/articles/PMC12351034/	T1	2026-09-04	"a very small percentage of serving population, who fall under the morbidly obese category, is offered bariatric surgery if diet"	MEDIUM	firecrawl_research_search_papers; нормативный акт не открыт
B5_anomalies_south_asia_africa.md	B5-032	Минздрав Шри-Ланки ведёт регламенты 2016 (No 1965), 2019 (No. 26/1980) и 2022 (No. 2416/52) по цветовой маркировке	3	регламента	2016-2022	реестр	Шри-Ланка	eohfs.health.gov.lk Current Regulations	https://eohfs.health.gov.lk/food/index.php?option=com_content&view=article&id=18&Itemid=159&lang=en	T1	2026-09-04	"Food (Colour Coding for Sugar, Salt and Fat) Regulations 2019 - No. 26/1980 ... Food (Colour Coding for Sugar levels) Regulations 2016 - No 1965" / "Food (Colour coding for sugar levels - liquid) Regulations 2022 No.2416/52"	HIGH	firecrawl_search
B5_anomalies_south_asia_africa.md	B5-033	Шри-Ланка ввела светофорную маркировку SSB в 2016 и налог на SSB в 2017	2016 / 2017	год	2016-2017	хронология	Шри-Ланка	PMC10795608	https://pmc.ncbi.nlm.nih.gov/articles/PMC10795608/	T1	2026-09-04	"traffic light labelling (TLL) system for sugar-sweetened beverages (SSBs) in 2016 and taxation on SSBs in 2017"	HIGH	firecrawl_research_search_papers
B5_anomalies_south_asia_africa.md	B5-034	Эквадор в 2014 г. первым в Латинской Америке ввёл светофорную маркировку как публичную политику	2014	год	2014	аналог	Эквадор	pmid:28013557	https://pubmed.ncbi.nlm.nih.gov/28013557/	T1	2026-09-04	"In 2014, Ecuador became the first country in Latin America to adopt the nutritional traffic light labeling system as a public policy"	HIGH	firecrawl_research_search_papers
B5_anomalies_south_asia_africa.md	B5-035	Мальдивы запретили владение и употребление энергетиков во всех школах с учебного года 2017	2017	уч. год	2016-2017	запрет	Мальдивы	Sun (see.mv)	https://see.mv/41441	T2	2026-09-04	"Possession and consumption of energy drinks has been banned from all Maldivian schools, starting academic year 2017. Ministry of Education"	MEDIUM	firecrawl_search
B5_anomalies_south_asia_africa.md	B5-036	С 1.01.2017 энергетики (кроме медицинских) запрещены в магазинах и столовых госпиталя (IGMH)	01.01.2017	дата	2017	запрет	Мальдивы	Maldives Independent	https://maldivesindependent.com/society/energy-drinks-banned-in-schools-and-hospitals-128184	T2	2026-09-04	"Starting January 1, 2017, any sort of energy drink except those used as medicine will be banned from all shops and canteens in the hospital"	MEDIUM	firecrawl_search
B5_anomalies_south_asia_africa.md	B5-037	В Синде уведомление от 5.09.2018 запрещает определённые продукты в школьных столовых	05.09.2018	дата	2018	запрет	Пакистан (Синд)	Dawn	https://www.dawn.com/news/1903373	T2	2026-09-04	"Sindh, of an older notification issued seven years ago on Sept 5, 2018, to ban certain items from their canteens"	LOW	firecrawl_search
B5_anomalies_south_asia_africa.md	B5-038	Пакистан в 2023 повысил FED на газированные воды с 13% до 20%	20	%	01.2023 (закон) / 01.03.2023	ставка акциза	Пакистан	WHO Global report on the use of SSB taxes 2023	https://iris.who.int/server/api/core/bitstreams/9dc39e4a-e2ba-4ae3-b10e-579101605264/content	T1	2026-09-04	"The Federal Excise Duty was revised in January 2023 through the Supplementary Finance Bill. An increase from 13% to 20% for all aerated waters"	HIGH	firecrawl_search (pdf)
B5_anomalies_south_asia_africa.md	B5-039	FED на соки, сиропы и сквоши с сахаром - 10% розничной цены	10	%	2023	ставка	Пакистан	EY Tax News 2023-0484	https://taxnews.ey.com/news/2023-0484-pakistan-increases-sales-tax-and-federal-excise-tax-rates	T2	2026-09-04	"Sugary Fruit juices, syrups and squashes, waters ... excluding mineral and aerated waters - 10% of retail price"	HIGH	firecrawl_search
B5_anomalies_south_asia_africa.md	B5-040	108 стран применяют национальные акцизы хотя бы на один тип SSB	108	стран	2023	охват SSB-налогов	мир	WHO Global report on the use of SSB taxes 2023	https://iris.who.int/server/api/core/bitstreams/9dc39e4a-e2ba-4ae3-b10e-579101605264/content	T1	2026-09-04	"Globally, 108 countries apply national-level excise taxes to at least one type of SSB"	HIGH	firecrawl_search (pdf); база для оценки уникальности
B5_anomalies_south_asia_africa.md	B5-041	Лишь 3 юрисдикции применяют чисто сахарные (per gram) специфические акцизы; 54 из 59 - по объёму	3 / 54 из 59	юрисдикций	2023	дизайн налога	мир	pmid:36988952 JAMA Netw Open	https://pubmed.ncbi.nlm.nih.gov/36988952/	T1	2026-09-04	"Most specific excise taxes are based on volume only (54 of 59 [92%]), with just 3 jurisdictions applying purely sugar-specific excise taxes"	HIGH	firecrawl_research_search_papers
B5_anomalies_south_asia_africa.md	B5-042	Доля налогов, основанных на содержании сахара, - 5%; целевое назначение выручки - 13% стран	5 / 13	%	1990-2023	дизайн	мир (183 страны)	PMC13386411	https://pmc.ncbi.nlm.nih.gov/articles/PMC13386411/	T1	2026-09-04	"Taxes were ad valorem (45%), volume-based (44%), sugar-content-based (5%), or mixed (6%), and 13% of countries earmarked revenue for public health"	HIGH	firecrawl_research_search_papers
B5_anomalies_south_asia_africa.md	B5-043	HPL ЮАР: 2,1 цента за грамм сахара сверх 4 г/100 мл; первые 4 г не облагаются	2.1	ZAR cent/г	с 01.04.2018	ставка	ЮАР	SARS Health Promotion Levy on Sugary Beverages	https://www.sars.gov.za/customs-and-excise/excise/health-promotion-levy-on-sugary-beverages/	T1	2026-09-04	"The rate is fixed at 2.1 cent per gram of the sugar content that exceeds 4 grams per 100ml. The first 4 grams per 100ml are levy free"	HIGH	firecrawl_search
B5_anomalies_south_asia_africa.md	B5-044	SARS начал сбор HPL с 1 апреля 2018	01.04.2018	дата	2018	вступление в силу	ЮАР	SARS media release 15.12.2017	https://www.sars.gov.za/media-release/sars-to-collect-sugar-tax-from-1-april-2018/	T1	2026-09-04	"The levy is fixed at 2.1 cents per gram of the sugar content that exceeds 4 grams per 100ml"	HIGH	firecrawl_search
B5_anomalies_south_asia_africa.md	B5-045	HPL - один из первых SSB-налогов, основанных на каждом грамме сахара сверх 4 г/100 мл	4	г/100 мл	2018	порог	ЮАР	PMC9617427	https://pmc.ncbi.nlm.nih.gov/articles/PMC9617427/	T1	2026-09-04	"one of the first sugar-sweetened beverage (SSB) taxes to be based on each gram of sugar (beyond 4 g/100mL)"	HIGH	firecrawl_research_search_papers
B5_anomalies_south_asia_africa.md	B5-046	Проект R.3337 о маркировке и рекламе продуктов опубликован для комментариев 21.04.2023	21.04.2023	дата	2023	статус (проект)	ЮАР	NDoH R3337 Draft Labelling Regulations PDF	https://www.health.gov.za/wp-content/uploads/2023/05/R3337-Draft-Labelling-Regulations-21-April-2023-sc-compressed-1.pdf	T1	2026-09-04	"R. 3337 21 April 2023. REGULATIONS RELATING TO THE LABELLING AND ADVERTISING OF FOODSTUFFS ・ published for public comment"	HIGH	firecrawl_search
B5_anomalies_south_asia_africa.md	B5-047	На странице Минздрава ЮАР правила маркировки числятся в разделе "Regulations for comments"	-	-	2026	статус	ЮАР	NDoH Food Control - Regulations	https://www.health.gov.za/food-control-regulations/	T1	2026-09-04	"Regulations for comments. Labelling Food Labelling Regulations relating to the labelling and advertising of foodstuffs"	MEDIUM	firecrawl_search; дата обновления страницы неизвестна
B5_anomalies_south_asia_africa.md	B5-048	Медицинские схемы обязаны по Medical Schemes Act 131/1998 оплачивать PMB	131 of 1998	закон	1998-	обязанность страховщиков	ЮАР	pmid:39041537	https://pubmed.ncbi.nlm.nih.gov/39041537/	T1	2026-09-04	"medical schemes are required by the Medical Schemes Act no. 131 of 1998 to pay costs associated with the diagnosis, treatment, or care of ... Prescribed Minimum Benefits"	HIGH	firecrawl_research_search_papers
B5_anomalies_south_asia_africa.md	B5-049	Диабет 1 и 2 типов входит в CDL; лечение схемы не может быть хуже гос. алгоритма	26	хронических состояний	2026	охват PMB	ЮАР	Council for Medical Schemes - PMB	https://www.medicalschemes.co.za/resources/pmb/	T1	2026-09-04	"Diabetes mellitus types 1 & 2" / "the treatment your medical scheme must provide for may not be inferior to the algorithms"	HIGH	firecrawl_search
B5_anomalies_south_asia_africa.md	B5-050	Минимальный уход при СД2 должен финансироваться по алгоритму PMB-регламента	-	-	2022	обязанность	ЮАР	CMScript 9 of 2022	https://www.medicalschemes.co.za/cmscript-9-of-2022-focus-on-diabetes-mellitus-type-2/	T1	2026-09-04	"The minimum care and management of T2DM must be funded according to the algorithm in the PMB regulations"	HIGH	firecrawl_search
B5_anomalies_south_asia_africa.md	B5-051	Vitality HealthyFood возвращает до 25% за здоровую еду (частная программа)	25	%	2026	стимул	ЮАР	Discovery Vitality 2026 brochure	https://www.discovery.co.za/wcm/discoverycoza/assets/vitality/benefit-guides/82291-dhv-vitality-sales-brochure-rewards.pdf	T2	2026-09-04	"Get up to 25% back in Ðiscovery Miles on HealthyFood items like fruit, nuts, eggs and more online"	HIGH	firecrawl_search; добровольная
B5_anomalies_south_asia_africa.md	B5-052	Vitality - программа крупнейшего частного страховщика ЮАР с >2,5 млн бенефициаров	2.5	млн чел.	2013 (публ.)	охват	ЮАР	pmid:24102989	https://pubmed.ncbi.nlm.nih.gov/24102989/	T1	2026-09-04	"the Vitality programme, an incentivized health promotion programme from South Africa's largest private health insurer, Discovery Health, with over 2.5 million beneficiaries"	HIGH	firecrawl_research_search_papers
B5_anomalies_south_asia_africa.md	B5-053	Налог Нигерии на SSB - 10 найр за литр	10	NGN/л	2022-	ставка	Нигерия	PMC11095260	https://pmc.ncbi.nlm.nih.gov/articles/PMC11095260/	T1	2026-09-04	"Nigeria's sugar-sweetened beverage (SSB) tax of 10 Naira/l"	HIGH	firecrawl_research_search_papers
B5_anomalies_south_asia_africa.md	B5-054	Регламент Нигерии 2022 по акцизу на безалкогольные подслащённые напитки состоит из 10 разделов	10	разделов	2022	норм. акт	Нигерия	Mondaq	https://www.mondaq.com/nigeria/healthcare/1279226/the-excise-duty-non-alcoholic-carbonated-and-sweetened-beverages-regulations-2022-fundamental-things-to-know	T2	2026-09-04	"The Excise Duty (Non-Alcoholic, Carbonated and Sweetened Beverages) Regulations, 2022 comprises 10-head regulations including objective, charge"	MEDIUM	firecrawl_search
B5_anomalies_south_asia_africa.md	B5-055	Федеральный высокий суд Абуджи 3.02.2025 предписал Таможне прекратить сбор акциза с членов NECA	03.02.2025	дата	2025	статус правоприменения	Нигерия	allAfrica / This Day	https://allafrica.com/stories/202502030222.html	T2	2026-09-04	"Justice Obiora Egwuatu of the Federal High Court, Abuja, has ruled that the Nigeria Customs Service (NCS) should stop the collection of excise duty on non-alcoholic carbonated sweetened beverage"	MEDIUM	firecrawl_search
B5_anomalies_south_asia_africa.md	B5-056	Маврикий: 15 центов за грамм сахара на напитки и non-staple подслащённые продукты	15	MUR cent/г	2026	ставка	Маврикий	MRA Excise Tax on Sugar Content	https://www.mra.mu/customs1/more-topics/excise-tax-on-sugar-content-of-sugar-sweetened-non-alcoholic-beverages	T1	2026-09-04	"An excise duty of fifteen cents per gram of sugar is applicable on non-alcoholic beverages containing sugar and non-staple sugar sweetened food products"	HIGH	firecrawl_search
B5_anomalies_south_asia_africa.md	B5-057	Не облагаются продукты с сахаром до 4 г/100 г или 4 г/100 мл	4	г/100 г или мл	2026	порог	Маврикий	MRA Excise Tax on Sugar Content	https://www.mra.mu/customs1/more-topics/excise-tax-on-sugar-content-of-sugar-sweetened-non-alcoholic-beverages	T1	2026-09-04	"… to 4 grams per 100 grams or 4 grams per 100"	HIGH	firecrawl_search
B5_anomalies_south_asia_africa.md	B5-058	Существовавший налог 3 цента/г на SSB повышен до 6 центов с 5 июня (2019)	3 -> 6	MUR cent/г	2019	ставка	Маврикий	MRA Annual Report 2019/20	https://www.mra.mu/download/AnnualReport2019_20.pdf	T1	2026-09-04	"The existing sugar tax of 3 cents per gram on sugar sweetened non-alcoholic beverages has been amended to 6 cents with effect from 5th June"	HIGH	firecrawl_search
B5_anomalies_south_asia_africa.md	B5-059	ЮАР названа первой в Африке, объявившей SSB-налог по содержанию сахара (2016)	2016	год	2016	приоритет	ЮАР	PMC7725882	https://pmc.ncbi.nlm.nih.gov/articles/PMC7725882/	T1	2026-09-04	"In 2016, the South African government became the first in the African region to announce the introduction of an SSB tax based on sugar content"	MEDIUM	firecrawl_research_search_papers; ПРОТИВОРЕЧИТ B5-058 (Маврикий "existing" per-gram налог до 2019)
B5_anomalies_south_asia_africa.md	B5-060	Сейшелы ввели налог на напитки с высоким содержанием сахара	-	-	2019	факт	Сейшелы	WHO AFRO	https://www.afro.who.int/news/seychelles-introduces-sugary-drink-tax	T1	2026-09-04	"In an effort to counter rising obesity, Seychelles introduced a tax on drinks with a high sugar content"	MEDIUM	firecrawl_search
B5_anomalies_south_asia_africa.md	B5-061	Ботсвана: сбор 2 тебе за грамм сахара сверх 4 г	2	thebe/г	2021	ставка	Ботсвана	DailyNews (gov.bw)	https://dailynews.gov.bw/news-detail/60732	T1	2026-09-04	"a levy on sweetened beverages related to their sugar content, at a rate of 2 thebe per gram of sugar above a content of 4 gram of"	MEDIUM	firecrawl_search
B5_anomalies_south_asia_africa.md	B5-062	Сбор Ботсваны действует с 1 апреля 2021	01.04.2021	дата	2021	вступление в силу	Ботсвана	Deloitte tax@hand	https://www.taxathand.com/article/16146/Botswana/2021/Tax-highlights-of-202122-budget	T2	2026-09-04	"introduction of a sugar tax as from 1 April 2021 on sugar sweetened beverages at a rate of BWP 0.02 per gram of sugar in excess of 4 grams"	MEDIUM	firecrawl_search
B5_anomalies_south_asia_africa.md	B5-063	Зимбабве: Special Surtax on Sugar Content скорректирован до US$0.001/г	0.001	USD/г	2024	ставка	Зимбабве	The Herald	https://www.heraldonline.co.zw/treasury-fine-tunes-measures-on-basic-food-items/	T2	2026-09-04	"the Special Surtax on Sugar Content on specified beverages has been adjusted to US$0.001/gram and would be effective on the date of gazetting"	MEDIUM	firecrawl_search
B5_anomalies_south_asia_africa.md	B5-064	Первоначальная ставка US$0.002/г снижена до US$0.001 в феврале 2024	0.002 -> 0.001	USD/г	02.2024	ставка	Зимбабве	CWGH	https://www.cwgh.co.zw/calls-grow-to-ring-fence-zimbabwes-sugar-tax-revenue/	T2	2026-09-04	"Initially set at US$0.002 per gramme of sugar, the tax was reduced to US$0.001 in February 2024 following objections from the beverage industry"	MEDIUM	firecrawl_search
B5_anomalies_south_asia_africa.md	B5-065	Гана в мае 2023 ввела 20% адвалорный налог на бутилированную воду и сладкие напитки	20	%	05.2023	ставка	Гана	PMC13299423	https://pmc.ncbi.nlm.nih.gov/articles/PMC13299423/	T1	2026-09-04	"In May 2023, Ghana implemented a 20% ad valorem tax on bottled water and sweet beverages (SBs), replacing a 17.5% tax; sachet water remained untaxed"	HIGH	firecrawl_research_search_papers
B5_anomalies_south_asia_africa.md	B5-066	Act 1093: минеральная вода, газированная вода, фруктовые соки - 20% от ex-factory цены	20	% ex-factory	2023	ставка	Гана	EY Ghana's new laws	https://www.ey.com/en_gl/technical/tax-alerts/ghana-s-new-laws-introduce-new-taxes-affecting-individuals-and-b	T2	2026-09-04	"- mineral water	20 per centum of the ex-factory price" / "Fruit juices ... 20 per centum of the ex-factory price"	HIGH
B5_anomalies_south_asia_africa.md	B5-067	Excise Bill 2026 отменяет 20% акциз на местные фруктовые соки	2026	год	2026	статус	Гана	Orbitax	https://orbitax.com/news/country/article/Ghana-Parliament-Passes-Excise-62824	T2	2026-09-04	"The reforms include the removal of the 20% excise duty on locally manufactured fruit juice and the introduction of differentiated excise duty"	MEDIUM	firecrawl_search
B5_anomalies_south_asia_africa.md	B5-068	Эфиопия: жиры с высоким содержанием насыщенных/трансжиров или без данных на этикетке - в акцизном перечне	-	-	2020/2023	конструкция	Эфиопия	EY Ethiopia Excise Tax (Amendment) Proclamation 2023	https://www.ey.com/en_gl/technical/tax-alerts/ethiopia-issues-excise-tax--amendment--proclamation--2023	T2	2026-09-04	"Edible animal or vegetable fats and oils ... trans fat per 100g, or unable to determine level of saturated fat form label"	MEDIUM	firecrawl_search
B5_anomalies_south_asia_africa.md	B5-069	Маргарин с >=40 г насыщенных жиров/100 г или >0,5 г трансжиров/100 г - акциз 50%	50	%	2020	ставка	Эфиопия	Scribd-копия Proclamation 1186/2020	https://www.scribd.com/document/959591805/Ethiopia-Excise-Tax-Proclamation-No-1186-2020	T3	2026-09-04	"Edible margarine 40g or more saturated fat per 100g, or more than 0.5g of 50%, trans fat per 100g"	LOW	firecrawl_search; T3, требует открытия прокламации
B5_anomalies_south_asia_africa.md	B5-070	Подслащённые безалкогольные напитки (кроме соков) - акциз 25%	25	%	2020	ставка	Эфиопия	Scribd-копия Proclamation 1186/2020	https://www.scribd.com/document/959591805/Ethiopia-Excise-Tax-Proclamation-No-1186-2020	T3	2026-09-04	"22.02 sugar or other sweetening matter or flavored, and other non-alcoholic. 25% ... beverages, excluding fruit or vegetable juices"	LOW	firecrawl_search
B5_anomalies_south_asia_africa.md	B5-071	NOURISHING фиксирует эфиопский порог "гидрогенизированные жиры с >40% насыщенных жиров"	40	%	2020	порог	Эфиопия	WCRF NOURISHING policy database	https://policydatabase.wcrf.org/level_one?page=nourishing-level-one	T2	2026-09-04	"Hydrogenated fats and oils with more than 40% saturated fat or more"	MEDIUM	firecrawl_search
B5_anomalies_south_asia_africa.md	B5-072	Акциз Кении на soft drinks не специфичен для SSB	-	-	2021 (публ.)	дизайн	Кения	PMC8079030	https://pmc.ncbi.nlm.nih.gov/articles/PMC8079030/	T1	2026-09-04	"An excise tax is charged on soft drinks, but is not specific to sugar-sweetened beverages"	HIGH	firecrawl_research_search_papers
B5_anomalies_south_asia_africa.md	B5-073	Руанда взимает 39% акциз со всех soft drinks	39	%	2021 (публ.)	ставка	Руанда	PMC8079049	https://pmc.ncbi.nlm.nih.gov/articles/PMC8079049/	T1	2026-09-04	"the current 39% excise tax levied on all soft drinks could support the adoption of future sugar-sweetened beverage policies"	HIGH	firecrawl_research_search_papers
B5_anomalies_south_asia_africa.md	B5-074	SSB-налоги приняты лишь четвертью государств-членов ВОЗ (по состоянию на 2016-19)	25	% стран	2016-19	охват	мир	PMC9113088	https://pmc.ncbi.nlm.nih.gov/articles/PMC9113088/	T1	2026-09-04	"have been adopted by only one quarter of World Health Organization (WHO) Member States"	HIGH	firecrawl_research_search_papers
B5_anomalies_south_asia_africa.md	B5-075	Семь стран Америк внедрили FOPNL (Аргентина, Чили, Эквадор, Мексика, Перу, Уругвай, Венесуэла)	7	стран	2023 (публ.)	аналоги маркировки	Америки	PMC9950544	https://pmc.ncbi.nlm.nih.gov/articles/PMC9950544/	T1	2026-09-04	"seven countries (Argentina, Chile, Ecuador, Mexico, Peru, Uruguay and Venezuela) have implemented FOPNL"	HIGH	firecrawl_research_search_papers
B5_anomalies_south_asia_africa.md	B5-076	Индия имеет регламент FSSAI 2020, ограничивающий HFSS в школах и вокруг них	2020	год	2020	подтверждение	Индия	pmid:41974918	https://pubmed.ncbi.nlm.nih.gov/41974918/	T1	2026-09-04	"the 2020 Food Safety and Standards Authority of India (FSSAI) regulations restricting High Fat, Salt, Sugar (HFSS) foods in and around schools"	HIGH	firecrawl_research_search_papers
B6_anomalies_by_category.md	B6-001	Ley 26.396 включает интегральное лечение расстройств питания (в т.ч. ожирения) в обязательную медпрограмму PMO	ст. 15	-	2008	норма закона	Аргентина	InfoLEG, Ley 26.396	https://servicios.infoleg.gob.ar/infolegInternet/anexos/140000-144999/144033/norma.htm	T1	2026-09-04	"ARTICULO 15. — Quedan incorporadas en el Programa Médico Obligatorio, la cobertura del tratamiento integral de los trastornos alimentarios"	HIGH	FS `site:servicios.infoleg.gob.ar Ley 26.396 ...`; кат. 1
B6_anomalies_by_category.md	B6-002	Страховщики в Аргентине требуют 24-месячную предоперационную программу снижения веса перед бариатрией	24	месяцев	2020 (публикация)	требование страховщика	Аргентина	PubMed 32621054 (Obes Surg)	pmid:32621054	T1	2026-09-04	"In Argentina, health insurances demand a 24-month duration preoperative weight loss program (POWLP) before bariatric surgery"	MEDIUM	RS; практика, не текст закона
B6_anomalies_by_category.md	B6-003	В Нидерландах комбинированная lifestyle-интервенция (GLI) возмещается страховщиками с января 2019 для BMI 25-30 и >30	с 01.2019	-	2019	возмещение базовой страховкой	Нидерланды	PMC8819797	pmcid:PMC8819797	T1	2026-09-04	"Healthcare insurance companies reimburse combined lifestyle interventions (CLIs) in the Netherlands since January 2019"	MEDIUM	RS; кат. 1/9
B6_anomalies_by_category.md	B6-004	В Швейцарии с 01.01.2011 бариатрия при BMI>=35 оплачивается базовой страховкой без возрастного лимита и без предварительного запроса	BMI >= 35	kg/m2	2011	условия покрытия	Швейцария	PubMed 21545019 (Rev Med Suisse)	pmid:21545019	T1	2026-09-04	"From the 1st of January 2011, new conditions have been validated in which surgery for weight loss is borne by the basic insurance"	MEDIUM	RS; страна выведена из журнала; KLV (fedlex) не открылся
B6_anomalies_by_category.md	B6-005	В Чили диабет 2 типа входит в GES (N°7) с юридически принудительной гарантией срока; 30 дней на жалобу	GES N°7	-	2005-	гарантия oportunidad	Чили	Superintendencia de Salud	https://www.supersalud.gob.cl/tax-temas-de-orientacion/garantias-explicitas-en-salud-ges-1962/	T1	2026-09-04	"Tienes 30 días para reclamar a tu FONASA o ISAPRE si no cumplen el plazo de atención GES (garantía de oportunidad)"	HIGH	FS `site:supersalud.gob.cl GES diabetes ...`
B6_anomalies_by_category.md	B6-006	G-BA: с июля 2024 GKV могут заключать региональные договоры DMP Adipositas; вход - взрослые с BMI 30-35 и >=1 сопутствующим заболеванием	BMI 30-35	kg/m2	2024	критерий включения в DMP	Германия	G-BA Meldung 1196	https://www.g-ba.de/presse/pressemitteilungen-meldungen/1196/	T1	2026-09-04	"In das DMP einschreiben können sich Erwachsene, die einen BMI zwischen 30 und 35 und mindestens eine Begleiterkrankung haben"	HIGH	FS `site:g-ba.de DMP Adipositas ...`; Richtlinie Anlagen 23-26
B6_anomalies_by_category.md	B6-007	В корзину услуг Израиля 2026 добавлен Wegovy, включая программу для ~4 500 подростков по строгим критериям	4 500	подростков	2026	оценка охвата	Израиль	Haaretz 2026-02-20	https://www.haaretz.com/science-and-health/2026-02-20/ty-article/israels-2026-public-health-basket-cancer-treatment-leads-more-mental-health-drugs/0000019c-7a52-d2bd-a7fd-7b53cfd40000	T2	2026-09-04	"Wegovy will be added to the basket. The funding includes a support program for an estimated 4,500 teenagers who meet strict criteria"	LOW	FS; gov.il первичный список не открыт
B6_anomalies_by_category.md	B6-008	Минздрав Бразилии 15.09.2025 решил НЕ включать семаглутид в SUS для ожирения II-III ст. без диабета, 45+, с ССЗ	não incorporar	-	2025-09-15	решение Conitec/SECTICS	Бразилия	Portaria SECTICS/MS nº 65/2025	https://www.gov.br/conitec/pt-br/midias/relatorios/portaria/2025/portaria-sectics-ms-no-65-de-15-de-setembro-de-2025	T1	2026-09-04	"Torna pública a decisão de não incorporar, no âmbito do Sistema Único de Saúde - SUS, a semaglutida para o tratamento de pacientes com obesidade graus II e III"	HIGH	FS `site:gov.br Conitec semaglutida ...`; Portaria 67 - лираглутид тоже не включён; ОПРОВЕРГАЕТ гипотезу брифа
B6_anomalies_by_category.md	B6-009	Medicare Part D изначально исключил препараты для снижения веса из покрытия	исключение	-	2024 (публ.)	правило покрытия	США	PMC10853087	pmcid:PMC10853087	T1	2026-09-04	"When the Medicare Part D benefit was constructed, drugs for weight loss were explicitly excluded from coverage"	MEDIUM	RS
B6_anomalies_by_category.md	B6-010	Страховщики Японии обязаны проводить 特定健診 для застрахованных и иждивенцев 40-74 лет	40-74	лет	2008-	обязанность страховщика	Япония	MHLW 標準的な健診・保健指導プログラム (PDF)	https://www.mhlw.go.jp/content/10900000/001231390.pdf	T1	2026-09-04	"保険者は、40歳以上74歳以下の被保険者・被扶養者に対し、保険者の義務として特定健診を実施する。"	HIGH	FS `site:mhlw.go.jp 特定健康診査 ...`; подтверждено PMC5906184
B6_anomalies_by_category.md	B6-011	Японские пороги окружности талии для метаболического синдрома: 85 см мужчины, 90 см женщины	85 / 90	см	2005-	критерий MetS Japan	Япония	PMC4008026	pmcid:PMC4008026	T1	2026-09-04	"waist circumference cut-off points, that is 85 cm for men and 90 cm for women, are used"	HIGH	RS
B6_anomalies_by_category.md	B6-012	Работодатель в Японии обязан не реже 1 раза в год проводить медосмотр постоянных работников (закон ст. 66, правила ст. 44), включая 腹囲	1 раз в год	-	1972- (腹囲 2008-)	обязанность работодателя	Япония	MHLW 職場のあんぜんサイト; MHLW PDF 0000136750	https://anzeninfo.mhlw.go.jp/yougo/yougo51_1.html	T1	2026-09-04	"事業者は、常時使用する労働者に対し、1年以内ごとに1回、定期に医師による健康診断を行わなければならないと規定しています"	HIGH	FS; пропуск 腹囲: "自ら腹囲を測定し、その値を申告した者(BMIが二十二未満である者に限る。)"
B6_anomalies_by_category.md	B6-013	NHIS Кореи обязан проводить скрининг застрахованных и иждивенцев (ст. 52 закона о NHI)	ст. 52	-	действует	норма закона	Респ. Корея	국가법령정보센터 국민건강보험법	https://www.law.go.kr/lsLinkCommonInfo.do?lsJoLnkSeq=1032088229	T1	2026-09-04	"제52조(건강검진) ① 공단은 가입자와 피부양자에 대하여 질병의 조기 발견과 그에 따른 요양급여를 하기 위하여 건강검진을 실시한다."	HIGH	FS `site:law.go.kr 국민건강보험법 제52조 ...`
B6_anomalies_by_category.md	B6-014	Скрининг в Корее - не реже 1 раза в 2 года; для не-офисных работников - ежегодно (Указ ст. 25)	2 / 1	лет	действует	периодичность	Респ. Корея	국민건강보험법 시행령	https://www.law.go.kr/LSW/lumLsLinkPop.do?lspttninfSeq=69419&ancYnChk=0&chrClsCd=010202	T1	2026-09-04	"2년마다 1회 이상 실시하되, 사무직에 종사하지 않는 직장가입자에 대해서는 1년에 1회 실시"	HIGH	FS
B6_anomalies_by_category.md	B6-015	Act 1220 (Арканзас, 2003) обязал школы измерять BMI всех учеников и сообщать родителям	все ученики	-	2003	норма закона штата	США (AR)	PubMed 26115907	pmid:26115907	T1	2026-09-04	"Act 1220 mandated that all children attending public schools be screened for their body mass index (BMI) and the information sent home to their parents"	HIGH	RS; ACHI 2004 PDF (T2) подтверждает отдельный отчёт
B6_anomalies_by_category.md	B6-016	Половина штатов США требует школьный BMI-скрининг; менее половины из них сообщают родителям	~25	штатов	2017 (обзор)	число штатов с законом	США	PMC5808566; PubMed 25440454	pmcid:PMC5808566	T1	2026-09-04	"Half of states in the USA have legislation requiring that schools conduct body mass index (BMI) screening among students"	HIGH	RS; "legislation ... has passed in 25 states" (25440454) - РП
B6_anomalies_by_category.md	B6-017	NCMP - обязательная программа измерения детей Reception и Year 6 в Англии	2	возрастные группы	действует	обязательность	Великобритания (Англия)	PMC10195514	pmcid:PMC10195514	T1	2026-09-04	"The National Child Measurement Programme (NCMP) is a mandatory initiative delivered in England to children in Reception and Year 6"	MEDIUM	RS; результаты родителям - PMC4992560
B6_anomalies_by_category.md	B6-018	Приказ 404н: ежегодно для граждан 18+ - антропометрия (рост, масса, окружность талии, ИМТ) и глюкоза натощак	18+ / 1 раз в год	-	2021-	объём профосмотра	Россия	Приказ Минздрава РФ 404н (через normativ.kontur.ru)	https://normativ.kontur.ru/document?moduleId=1&documentId=507207	T2 (агрегатор правового текста)	2026-09-04	"расчет на основании антропометрии (измерение роста, массы тела, окружности талии) индекса массы тела, для граждан в возрасте 18 лет и старше 1 раз в год"	MEDIUM	FS; minzdrav.gov.ru не открывался; ред. 378н 2024
B6_anomalies_by_category.md	B6-019	Приказ МЗ РК № ҚР ДСМ-174/2020 утверждает целевые группы скрининговых исследований	приказ	-	2020	норма	Казахстан	Әділет	https://adilet.zan.kz/rus/docs/V2200028747	T1	2026-09-04	"№ ҚР ДСМ-174/2020. Целевые группы лиц, подлежащие скрининговым исследованиям."	MEDIUM	FS `site:adilet.zan.kz ДСМ-174/2020 ...`; возраст 40-70 для АГ/ИБС/СД - prg.kz (T3)
B6_anomalies_by_category.md	B6-020	Государственная программа скрининга АГ и ССЗ в Казахстане создана в 2008	2008	год	2008	год старта	Казахстан	PMC4499092	pmcid:PMC4499092	T1	2026-09-04	"the State screening program for early detection of Arterial Hypertension (AH) and other cardiovascular diseases (CVD) for the target age groups was established in 2008"	MEDIUM	RS
B6_anomalies_by_category.md	B6-021	Weqaya (Абу-Даби) за 2 года рассчитала Framingham-риск почти каждому взрослому эмиратцу	~все взрослые	-	2008-2010	охват	ОАЭ	PubMed 20620423	pmid:20620423	T1	2026-09-04	"Within its first 2 years, the Abu Dhabi Cardiovascular Program, "Weqaya," has delivered a Framingham Risk Score for almost every adult Emirati"	MEDIUM	RS; 50 138 обследованных (PMC3483896)
B6_anomalies_by_category.md	B6-022	В Узбекистане принято решение о национальном скрининге СД2	решение	-	~2022	-	Узбекистан	PMC9871961	pmcid:PMC9871961	T1	2026-09-04	"a decision was made to implement a nationwide screening program for T2D"	LOW	RS; деталей нет
B6_anomalies_by_category.md	B6-023	Кампания "100 Million Healthy Lives" протестировала >60 млн человек (HCV)	>60	млн чел.	2018-2019	охват тестирования	Египет	World Bank feature 2024-04-05	https://www.worldbank.org/en/news/feature/2024/04/05/how-egypt-won-its-battle-against-hepatitis-c	T1	2026-09-04	"involved testing over 60 million people and treating more than 4.1 million"	MEDIUM	FS; PubMed 41839719 даёт 57 млн - расхождение; компонент ожирения не открыт
B6_anomalies_by_category.md	B6-024	Надбавка (加算) к взносу страховщика в фонд поздних пожилых применяется при охвате 特定健診/保健指導 ниже 0.1%	<0.1	%	FY2017 метод	порог охвата	Япония	MHLW 後期高齢者支援金（2017年度）の加算・減算の方法	https://www.mhlw.go.jp/content/12401000/001294108.pdf	T1	2026-09-04	"後期高齢者支援金の加算は、特定健診又は特定保健指導の実施率が0.1％未満"	HIGH	FS `site:mhlw.go.jp 後期高齢者支援金 加算 減算 ...`
B6_anomalies_by_category.md	B6-025	За FY2019 надбавка применена к 77 健保組合 и 2 共済組合 по итогам FY2018	77 + 2	страховщиков	FY2019	число оштрафованных	Япония	MHLW 後期高齢者支援金（2019年度）の加算について	https://www.mhlw.go.jp/content/12401000/000761454.pdf	T1	2026-09-04	"加算対象保険者は、2018年度の特定健診・特定保健指導の実績から健保組合は77保険者、共済組合は2保険者が該当"	HIGH	FS
B6_anomalies_by_category.md	B6-026	ACA позволяет работодателям стимулы до 30% стоимости покрытия за участие в wellness-программах	30	%	2010/2013	максимум стимула	США	PubMed 26477217; 23734399	pmid:26477217	T1	2026-09-04	"allows employers to provide financial incentives of as much as 30 percent of the total cost of coverage when tied to participation in a wellness program"	HIGH	RS
B6_anomalies_by_category.md	B6-027	С 2004 все работодатели Германии обязаны предлагать BEM при нетрудоспособности >6 недель в году	>6	недель	2004-	обязанность работодателя	Германия	PubMed 22311393	pmid:22311393	T1	2026-09-04	"Since 2004 all employers have been legally bound to offer company integration management (BEM...) for all employees who have been incapacitated for work for more than 6 weeks"	MEDIUM	RS; не специфично для ожирения
B6_anomalies_by_category.md	B6-028	Владельцы бизнеса в Корее обязаны участвовать в общем медосмотре работников	обязанность	-	2017 (публ.)	-	Респ. Корея	PMC5341431	pmcid:PMC5341431	T1	2026-09-04	"Business owners in the Republic of Korea must take part in the workers' general health examination"	MEDIUM	RS
B6_anomalies_by_category.md	B6-029	Парламент Венгрии в 2011 принял закон о налоге на продукты общественного здоровья (сахар, соль и др.)	2011	год	2011	год принятия	Венгрия	WHO IRIS good practice brief	https://iris.who.int/items/5d18a875-6e4a-43bb-a692-45738665a1c3	T1	2026-09-04	"In 2011, the Hungarian Parliament passed legislation creating the public health product tax—a tax levied on food products containing unhealthy levels of sugar, salt"	HIGH	FS pdf `site:iris.who.int Hungary ...`
B6_anomalies_by_category.md	B6-030	Около 40% производителей нездоровых продуктов изменили рецептуры после NETA	~40	%	~2013	доля производителей	Венгрия	WHO IRIS brief PDF	https://iris.who.int/bitstreams/4e7583cd-301c-4026-87b8-010068c5a1e1/download	T1	2026-09-04	"approximately 40% of unhealthy food product manufacturers changed their"	HIGH	FS pdf; фраза обрывается в извлечении
B6_anomalies_by_category.md	B6-031	Дания первой в мире ввела налог на насыщенные жиры в 2011 и отменила его в 2012 (действие до января 2013)	2011-2013	период	2011-2013	статус: отменён	Дания	PubMed 25351647; arXiv 2312.11481	pmid:25351647	T1	2026-09-04	"As the first country in the world, Denmark introduced a tax on saturated fat in 2011. It was repealed in 2012."	HIGH	RS; arXiv: "abolished in January 2013" - расхождение (дата решения/дата прекращения)
B6_anomalies_by_category.md	B6-032	HPL ЮАР: 0.021 ZAR за грамм сахара сверх 4 г/100 мл с апреля 2018	0.021	ZAR/г	2018	ставка	ЮАР	PubMed 31472286	pmid:31472286	T1	2026-09-04	"Health Promotion Levy (HPL), at a rate of 0.021 ZAR (approximately 0.15 US cents) for each gram of sugar over an initial threshold of 4 g/100 ml"	HIGH	RS
B6_anomalies_by_category.md	B6-033	Филиппины: 6 PHP/л на подслащённые напитки и 12 PHP/л на напитки с HFCS	6 / 12	PHP/л	2018	ставка	Филиппины	PMC6357562	pmcid:PMC6357562	T1	2026-09-04	"The sugar industry successfully lobbied for higher tax rates on beverages containing high-fructose corn syrup, resulting in a differential rate of 12.00 Philippine pesos"	HIGH	RS
B6_anomalies_by_category.md	B6-034	Колумбия: база IBUA - граммы сахара на 100 мл напитка (ст. 513-3)	г/100 мл	-	2022 (в силе 2023)	база налога	Колумбия	Ley 2277 de 2022 (Función Pública)	https://www.funcionpublica.gov.co/eva/gestornormativo/norma.php?i=199883	T1	2026-09-04	"La base gravable del impuesto a las bebidas ultraprocesadas azucaradas es el contenido en gramos (g) de azúcar por cada cien mililitros (100 ml) de bebida"	HIGH	FS
B6_anomalies_by_category.md	B6-035	Колумбия ICUI: продукт облагается, если отношение натрий/ккал >1 или натрий >300 мг/100 г	>1; >300	мг/ккал; мг/100 г	2022	критерий облагаемости	Колумбия	Ley 2277 de 2022	https://www.funcionpublica.gov.co/eva/gestornormativo/norma.php?i=199883	T1	2026-09-04	"se divide el contenido de sodio reportado, entre el número de kcal ... sí esta relación es superior a uno (1), será sujeto de impuesto"	HIGH	FS; DIAN "Impuestos Saludables" подтверждает
B6_anomalies_by_category.md	B6-036	Ставка колумбийского налога на UPF: 10% (2023), 15% (2024), 20% (2025)	10/15/20	%	2023-2025	ставка	Колумбия	PMC11850257	pmcid:PMC11850257	T1	2026-09-04	"applying a 10% tax on sugar-sweetened beverages and foods that also had warning labels ... This tax increased to 15% in 2024 and to $20% in 2025"	HIGH	RS; Lancet: "Latin America's first junk food tax" (37967891)
B6_anomalies_by_category.md	B6-037	Чили 2014: налог поднят с 13% до 18% для напитков >6.25 г сахара/100 мл и снижен для остальных	13->18; порог 6.25	%; г/100 мл	2014-10-01	ставка/порог	Чили	PMC6029755; PMC6029775	pmcid:PMC6029755	T1	2026-09-04	"increasing the tax rate from 13% to 18% on industrialized beverages with high levels of sugar (H-SSBs) (greater than 6.25 grams [g] sugar/100 milliliters [mL])"	HIGH	RS; "decreasing the tax for those below this threshold" (PMC6029775)
B6_anomalies_by_category.md	B6-038	SDIL: £0.24/л при >=8 г и £0.18/л при 5-8 г сахара на 100 мл; в силе с апреля 2018	0.24 / 0.18	£/л	2018	ставки	Великобритания	PMC7660521; PMC7012398	pmcid:PMC7660521	T1	2026-09-04	"Drinks with ≥8 g of sugar per 100 ml (higher levy tier) are taxed at £0.24 per litre, drinks with ≥5 to <8 g ... £0.18 per litre"	HIGH	RS
B6_anomalies_by_category.md	B6-039	Мексика 2014: 1 песо/л на SSB и 8% на непервоочередные плотные продукты >=275 ккал/100 г	1; 8; 275	MXN/л; %; ккал/100 г	2014	ставки/порог	Мексика	PMC11918417	pmcid:PMC11918417	T1	2026-09-04	"an excise tax of $1.00 Mexican peso/liter on sugar-sweetened beverages (SSB) and an 8% tax on non-essential energy dense food (NEDF) with at least 275 kilocalories/100 grams"	HIGH	RS
B6_anomalies_by_category.md	B6-040	Саудовская Аравия: акциз 50% на газированные и 100% на энергетические напитки с 2017	50 / 100	%	2017	ставки	Саудовская Аравия	PubMed 32302767; 42274281	pmid:32302767	T1	2026-09-04	"Saudi Arabia introduced an 50 % ad valorem excise tax on carbonated drinks in 2017"	HIGH	RS; 11 стран EMR с акцизом на SSB (39722630) - РП
B6_anomalies_by_category.md	B6-041	Бермуды 2018-2019: поэтапный импортный налог на SSB, сладости, какао, сахар и отмена пошлин на здоровые продукты; первая юрисдикция в Карибах	2018-2019	период	2018-2019	конструкция	Бермуды	PMC9379233; PMC9587584	pmcid:PMC9379233	T1	2026-09-04	"introduced a phased tax on imported sugar-sweetened beverages, confectionery, products containing cocoa and pure sugar, and eliminated import duties on select healthy food items"	HIGH	RS
B6_anomalies_by_category.md	B6-042	Fat tax штата Керала аннулирован через 11 месяцев	11	месяцев	2016-2017	срок действия	Индия	PMC10580107	pmcid:PMC10580107	T1	2026-09-04	"the Indian state of Kerala in which the fat tax was implemented but was nullified 11 months later"	HIGH	RS
B6_anomalies_by_category.md	B6-043	Фиджи в 2011 ввели импортный акциз 10% на овощи и снизили (пошлины на фрукты) - фискальная политика F&V 2010-2014	10	%	2011	ставка	Фиджи	PMC10200428	pmcid:PMC10200428	T1	2026-09-04	"In 2011, the Fijian Government introduced an import excise of 10 % on vegetables and reduced"	MEDIUM	RS; абстракт обрывается
B6_anomalies_by_category.md	B6-044	Тонга снизила/отменила пошлины и налоги 10-20% на здоровые продукты в 2013, 2015, 2016	10-20	%	2013-2016	размер льготы	Тонга	PMC12911691	pmcid:PMC12911691	T1	2026-09-04	"Tonga reduced and removed 10% to 20% import tariffs and consumption taxes on a selection of healthy foods in 2013, 2015 and 2016"	MEDIUM	RS
B6_anomalies_by_category.md	B6-045	Науру в 2007 ввёл 30% импортный налог на сахар, сладости, газировку, сиропы, ароматизированное молоко и смеси	30	%	2007	ставка	Науру	SPC discussion paper (PDF)	https://spccfpstore1.blob.core.windows.net/digitallibrary-docs/files/97/976c8073f210178f0f38651cdcc073da.pdf	T2	2026-09-04	"In 2007, the Government of Nauru adopted a 30% import tax on sugar, confectionery, carbonated soft drinks, cordials, flavoured milks and drink mixes"	MEDIUM	FS; подписанная ссылка SPC действительна до 2026-09-20
B6_anomalies_by_category.md	B6-046	Острова Кука: тариф на подслащённые напитки 40-60% (2008) -> 75% (2012) -> -11% (2014); импорт -13.2%	75	%	2008-2014	тариф	Острова Кука	PMC10195599	pmcid:PMC10195599	T1	2026-09-04	"sweetened beverage tariff increases of 40-60 % in 2008 and to 75 % in 2012, and an approximately 11 % decrease in 2014"	HIGH	RS; "SETTING: Cook Islands"
B6_anomalies_by_category.md	B6-047	Тонга: налог на подслащённые напитки T$0.50/л (2013) -> T$1.00/л (2016) -> T$1.50/л (2017)	0.50->1.50	TOP/л	2013-2017	ставка	Тонга	PMC7350205	pmcid:PMC7350205	T1	2026-09-04	"introduced a sweetened beverage tax of T$0.50/L in 2013, with this increasing further in 2016 (to T$1.00/L), and in 2017 (T$1.50/L"	HIGH	RS
B6_anomalies_by_category.md	B6-048	Монголия приняла 20% налог на SSB, вступающий в силу в 2027	20	%	2027 (план)	ставка; статус: принят, не вступил	Монголия	PMC12151437; SSRN 5365869	https://pmc.ncbi.nlm.nih.gov/articles/PMC12151437/	T1	2026-09-04	"the government has introduced a 20% SSB tax set to take effect in 2027"	MEDIUM	FS/RS; законопроект внесён в марте 2022 (ubpost, T3)
B6_anomalies_by_category.md	B6-049	В мире 118 налогов на SSB, из них 104 акцизных; 55 из 104 акцизов - многоуровневые	118 / 104 / 55	налогов	2022	глобальный счётчик	Мир	PubMed 36988952 (JAMA Netw Open 2023)	pmid:36988952	T1	2026-09-04	"Most SSB taxes are excise taxes (104 of 118 [88%]). More than half of excise taxes worldwide (55 of 104 [53%]) apply tiered rates"	HIGH	RS; РАСПРОСТРАНЁННАЯ ПРАКТИКА
B6_anomalies_by_category.md	B6-050	Барбадос ввёл 10% налог на SSB в 2015	10	%	2015	ставка	Барбадос	PubMed 32471769; PMC6354371	pmid:32471769	T1	2026-09-04	"Barbados implemented a 10% tax on sugar sweetened beverages (SSBs) in 2015"	HIGH	RS
B6_anomalies_by_category.md	B6-051	Вануату ввёл акциз на SSB в 2015	2015	год	2015	-	Вануату	PMC10565185	pmcid:PMC10565185	T1	2026-09-04	"The Government of Vanuatu introduced an excise tax on sugar-sweetened beverages (SSBs) in 2015"	HIGH	RS
B6_anomalies_by_category.md	B6-052	16 из 21 тихоокеанских стран/территорий имеют налог на SSB; в 14 - выше 20%	16/21; 14	юрисдикций	2000-2019	охват региона	Тихий океан	PubMed 34097355	pmid:34097355	T1	2026-09-04	"Three-quarters of PICTs had an SSB tax (n=16/21) and 11 of these were excise taxes ... The level of tax was over 20% in 14 jurisdictions"	HIGH	RS; РП
B6_anomalies_by_category.md	B6-053	Самоа в 2007 запретило импорт индюшачьих хвостов из США	2007	год	2007	год введения	Самоа	NPR 2013-05-14	https://www.npr.org/sections/thesalt/2013/05/14/182568333/samoans-await-the-return-of-the-tasty-turkey-tail	T2	2026-09-04	"In 2007, Samoa banned the import of turkey tails from the U.S. to try to improve public health"	HIGH	FS; подтверждено PMC5689196
B6_anomalies_by_category.md	B6-054	При вступлении в ВТО Самоа обязалось в течение 12 месяцев отменить запрет на импорт и распространение индюшачьих хвостов	12	месяцев	2011 (снят 2013)	обязательство ВТО	Самоа	WTO briefing note MC8	https://www.wto.org/english/thewto_e/minist_e/min11_e/brief_samoa_e.htm	T1	2026-09-04	"Samoa would within 12 months of its accession eliminate the prohibition on the importation and domestic distribution of turkey tails and turkey tail products"	HIGH	FS; ABC 2013-05-20 "forced to lift a ban"
B6_anomalies_by_category.md	B6-055	Продажа lamb flaps на Фиджи запрещена Минторговли в феврале 2000 по решению кабинета от декабря 1999	02.2000	дата	2000	-	Фиджи	Food Policy 2010 (PDF, репозиторий FNU)	https://repository.fnu.ac.fj/3169/1/1-s2.0-S0306919210000771-main.pdf	T1	2026-09-04	"The sale of lamb flaps in Fiji was banned by the Ministry of Commerce in February 2000, in response to a December 1999 Cabinet decision"	MEDIUM	FS; ResearchGate: "only partially effective" (T3)
B6_anomalies_by_category.md	B6-056	Тонга запретила весь импорт mutton flaps (с 1 июля 2020)	2020-07-01	дата	2020	-	Тонга	RNZ	https://www.rnz.co.nz/national/programmes/first-up/audio/2018753159/tongan-body-builder-says-banning-mutton-flaps-great-idea	T2	2026-09-04	"Tonga has banned all imports of mutton flaps as it tries to tackle high rates of diabetes and obesity in the country"	MEDIUM	FS; дата - Wikipedia (T3)
B6_anomalies_by_category.md	B6-057	Гана внедрила стандарты, ограничивающие содержание жира в мясе и мясных отрубах (1990-е)	1990s	период	1990s	-	Гана	PMC4007633; PMC7050906	pmcid:PMC4007633	T1	2026-09-04	"The Government of Ghana has implemented an innovative food standards policy to limit the amount of fat in meat and meat cuts"	MEDIUM	RS; пороги не открыты
B6_anomalies_by_category.md	B6-058	Токелау ввело импортный запрет газированных напитков (2008); импорт значимо снизился в 2008-2012	2008	год	2008-2012	-	Токелау (терр. НЗ)	SPC discussion paper (PDF)	https://spccfpstore1.blob.core.windows.net/digitallibrary-docs/files/97/976c8073f210178f0f38651cdcc073da.pdf	T2	2026-09-04	"In Tokelau there was a significant decline in soft-drink imports for the period 2008–2012 after the introduction of an import ban on carbonated soft drinks"	MEDIUM	FS; phcc.org.nz: "since 2009 on one atoll" (T3) - расхождение
B6_anomalies_by_category.md	B6-059	Дания Order no. 160 (март 2003): максимум 2 г промышленных транс-жиров на 100 г жира	2	г/100 г жира	2003	лимит	Дания	PubMed 16713397	pmid:16713397	T1	2026-09-04	"impose a maximum level of 2 g/100 g fat on industrially produced TFA (IP-TFA) with the Danish Order no. 160 of March 2003"	HIGH	RS
B6_anomalies_by_category.md	B6-060	ВОЗ валидировала прогресс по элиминации транс-жиров у 9 стран (5 в янв. 2024: DK, LT, PL, SA, TH; +4 в мае 2025)	9	стран	2024-2025	число валидированных	Мир	who.int news 2024-06-24; 2025-05-19	https://www.who.int/news/item/24-06-2024-WHO-5-year-milestone-report-on-global-transfat-elimination-illustrates-latest-progress-up-to-2023	T1	2026-09-04	"In January 2024 WHO certified five countries for validating progress in eliminating industrially produced trans fat: Denmark, Lithuania, Poland, Saudi Arabia and Thailand"	HIGH	FS; "total number of countries validated to nine" (19-05-2025) - РП
B6_anomalies_by_category.md	B6-061	Литва запретила продавать, покупать и передавать энергетики лицам младше 18 (поправка к Maisto įstatymas, 2014)	<18	лет	2014	норма закона	Литва	e-seimas TAIS.439301	https://e-seimas.lrs.lt/portal/legalActPrint/lt?jfwid=-17i2t41wm2&documentId=TAIS.439301&category=TAK	T1	2026-09-04	"Draudžiama parduoti, nupirkti ar kitaip perduoti energinius gėrimus jaunesniems kaip 18 metų asmenims"	HIGH	FS; "первая страна" - alkas.lt 2014-05-15 (T3)
B6_anomalies_by_category.md	B6-062	Латвийский закон об обороте энергетиков запрещает продажу лицам до 18; принят 21.01.2016, в силе 01.06.2016	<18	лет	2016	норма закона	Латвия	Likumi.lv	https://m.likumi.lv/ta/id/280078-energijas-dzerienu-aprites-likums	T1	2026-09-04	"Enerģijas dzērienus aizliegts pārdot personām, kuras ir jaunākas par 18 gadiem, un šīs personas nedrīkst tos iegādāties"	HIGH	FS; "Likums Saeimā pieņemts 2016.gada 21.janvārī"
B6_anomalies_by_category.md	B6-063	Польша с 01.01.2024 запретила продажу энергетиков (кофеин+таурин) несовершеннолетним	<18	лет	2024	норма	Польша	PMC11960718	pmcid:PMC11960718	T1	2026-09-04	"From 1 January 2024, the sale of energy drinks (EDs) containing caffeine (CAF) and taurine (TA) was legally banned in Poland for minors (under age 18 years)"	HIGH	RS; РП (LT, LV, PL, TR, UK)
B6_anomalies_by_category.md	B6-064	Турция (Tebliğ 2017/4) запретила продажу энергетиков лицам до 18 и их рекламу	<18	лет	2017	норма	Турция	avevrak (запись Danıştay); lexpera; Hürriyet	https://avevrak.com/danistay/23561509/ozelde-ayriligi-soforlerinin-genelde-ambulans-din-memur-isparta-lira-inceleyen	T3	2026-09-04	"18 yaş altı kişilere enerji içeceği satışının yasaklanması ile tanıtıma ilişkin yasaklamalar"	LOW	FS; Resmi Gazete (2017/06/20170930-23) открыт только URL
B6_anomalies_by_category.md	B6-065	Англия: правительство 16.07.2026 подтвердило запрет продажи высококофеиновых энергетиков (>150 мг/л) лицам до 16 с апреля 2027	<16; >150	лет; мг/л	решение 2026, в силу 2027	статус: принято решение, закон в подготовке	Великобритания (Англия)	GOV.UK news; consultation outcome	https://www.gov.uk/government/news/childrens-health-further-protected-with-energy-drinks-ban	T1	2026-09-04	"The government will ban the sale of high-caffeine energy drinks to under 16s in England from April 2027"	HIGH	FS `site:gov.uk energy drinks ban ...`; "any drink, other than tea or coffee, that contains over 150 milligrams of caffeine per litre"
B6_anomalies_by_category.md	B6-066	Конгресс Оахаки (авг. 2020) запретил продажу, раздачу и поставку сладких напитков и junk food несовершеннолетним	2020-08	дата	2020	норма штата	Мексика (Оахака)	CNN en Español 2020-08-05	https://www.cnn.com/videos/spanish/2020/08/05/oaxaca-prohibe-venta-comida-chatarra-menores-de-edad-ninos-obesidad-salud-refrescos-congreso-perspectivas-mexico.cnn	T2	2026-09-04	"El congreso de Oaxaca aprobó una ley que prohíbe la venta de productos chatarra, como bebidas azucaradas y alimentos altos en calorías"	MEDIUM	FS; текст декрета не открыт
B6_anomalies_by_category.md	B6-067	Чили: продукты "alto en" запрещено продавать/раздавать в киосках, столовых и программах питания школ и детсадов	запрет	-	2016	норма	Чили	PubMed 30549191	pmid:30549191	T1	2026-09-04	"Regulated foods were also forbidden to be sold or offered for free at kiosks, cafeterias, and feeding programme at schools and nurseries"	HIGH	RS
B6_anomalies_by_category.md	B6-068	В Новой Зеландии сменявшиеся правительства вводили и отменяли запреты junk food в школьных столовых	введены/отменены	-	2008-2009	статус: отменены	Новая Зеландия	PubMed 25928991	pmid:25928991	T1	2026-09-04	"successive governments enforcing, and then repealing laws to ban junk food from canteen menus"	MEDIUM	RS
B6_anomalies_by_category.md	B6-069	Ley 20.606: запрещено использовать "ganchos comerciales" (игрушки, аксессуары, наклейки, стимулы) в продуктах "alto en"	запрет	-	2012 (в силе 2016)	норма закона	Чили	BCN Ley Chile, Ley 20606	https://www.bcn.cl/leychile/navegar?idNorma=1041570	T1	2026-09-04	"En ningún caso se podrán utilizar ganchos comerciales tales como juguetes, accesorios, adhesivos, incentivos u otros similares."	HIGH	FS `site:bcn.cl Ley 20606 ...`; "Kinder"-эффект
B6_anomalies_by_category.md	B6-070	Чили: реклама "alto en", направленная на детей до 14 лет, запрещена (в т.ч. персонажи)	<14	лет	2016	норма	Чили	BCN Ley 20606; PMC6375144	https://www.bcn.cl/leychile/Navegar?idNorma=1041570&idParte=9271898&idVersion=	T1	2026-09-04	"menores de 14 años de edad"	HIGH	FS; "cannot be promoted to children under 14yo" (PMC6375144)
B6_anomalies_by_category.md	B6-071	Закон Чили 2016 - первое национальное регулирование, совместно вводящее предупредительные марки, ограничение детского маркетинга и запрет продаж в школах	первое	-	2016	оценка первенства	Чили	PMC7012389	pmcid:PMC7012389	T1	2026-09-04	"was the first national regulation to jointly mandate front-of-package warning labels, restrict child-directed marketing, and ban sales in schools"	HIGH	RS
B6_anomalies_by_category.md	B6-072	Квебек с 1980 запрещает коммерческую рекламу детям до 13 лет; остальная Канада - саморегулирование	<13	лет	1980	норма	Канада (Квебек)	PubMed 36913461	pmid:36913461	T1	2026-09-04	"In Canada, Quebec banned commercial advertising to children under the age of 13 y in 1980, whereas advertising to children is self-regulated by industry in the rest of the country"	HIGH	RS
B6_anomalies_by_category.md	B6-073	Сингапур ввёл обязательную маркировку Nutri-Grade для напитков в декабре 2022	12.2022	дата	2022	-	Сингапур	PMC13277477	pmcid:PMC13277477	T1	2026-09-04	"In December 2022, Singapore implemented mandatory Nutri-Grade front-of-pack labels for beverages"	HIGH	RS
B6_anomalies_by_category.md	B6-074	HPB (обновл. 15.07.2026): с середины 2027 маркировка и запрет рекламы Grade D распространяются на ключевые источники натрия и насыщенных жиров	сер. 2027	дата	2026-2027	статус: принято, не вступило	Сингапур	HPB Measures for Nutri-Grade	https://www.hpb.gov.sg/healthy-living/food-and-beverage/nutri-grade/	T1	2026-09-04	"From mid-2027, the Ministry of Health (MOH) will extend Nutri-Grade labelling requirements and advertising prohibitions to key contributors of sodium and saturated fat intake"	HIGH	FS `site:hpb.gov.sg Nutri-Grade ...`; "advertisements promoting the sale of SSSIO products graded "D" will be prohibited"
B6_anomalies_by_category.md	B6-075	Норвегия: forskrift о запрете маркетинга нездоровой еды детям (до 18) принят 25.04.2025, в силе с 25.10.2025	<18	лет	2025	норма; статус: в силе	Норвегия	Regjeringen.no (HOD) 24.10.2025	https://www.regjeringen.no/no/aktuelt/nytt-markedsforingsforbud/id3126894/	T1	2026-09-04	"Forskriften ble vedtatt 25. april i år, og starter å gjelde fra 25. oktober 2025."	HIGH	FS `site:regjeringen.no forbud markedsføring ...`; "aldersgrensen 18 år ... aktivt tilsyn"; forskrift 2025-04-25-684
B6_anomalies_by_category.md	B6-076	Великобритания: 9pm watershed на ТВ и полный запрет платной онлайн-рекламы less healthy food вступили в силу 5 января 2026	2026-01-05	дата	2026	статус: в силе	Великобритания	GOV.UK collection	https://www.gov.uk/government/collections/less-healthy-food-or-drink-advertising-and-promotions-restrictions	T1	2026-09-04	"the advertising regulations will come into force UK-wide on 5 January 2026"	HIGH	FS; "a 9pm watershed ... a total restriction on paid-for advertising of less healthy food or drink online"; бизнес >=250 сотрудников
B6_anomalies_by_category.md	B6-077	Израиль с января 2020 ввёл обязательную красную предупредительную FOP-маркировку (и добровольную зелёную)	01.2020	дата	2020	-	Израиль	PMC8356694; PMC7353345	pmcid:PMC8356694	T1	2026-09-04	"In January 2020, Israel launched a reform mandating Front-of-Package (FOP) labeling on food products"	HIGH	RS
B6_anomalies_by_category.md	B6-078	Эквадор в 2014 первым в Латинской Америке ввёл светофорную маркировку как госполитику	2014	год	2014	-	Эквадор	PubMed 28013557	pmid:28013557	T1	2026-09-04	"In 2014, Ecuador became the first country in Latin America to adopt the nutritional traffic light labeling system as a public policy"	HIGH	RS
B6_anomalies_by_category.md	B6-079	Шри-Ланка: светофорная маркировка SSB в 2016 и налог на SSB в 2017	2016/2017	годы	2016-2017	-	Шри-Ланка	PMC10795608	pmcid:PMC10795608	T1	2026-09-04	"the traffic light labelling (TLL) system for sugar-sweetened beverages (SSBs) in 2016 and taxation on SSBs in 2017"	MEDIUM	RS
B6_anomalies_by_category.md	B6-080	Иран: светофорная маркировка (соль, сахар, жир, транс-жир) обязательна для всех продуктов с 2016	2016	год	2016	-	Иран	PubMed 33355396	pmid:33355396	T1	2026-09-04	"Nutritional traffic light labelling, which indicates the content of salt, sugar, fat and trans fat in foods, has been mandatory for all foods since 2016"	MEDIUM	RS
B6_anomalies_by_category.md	B6-081	В Америке 7 стран внедрили FOPNL (AR, CL, EC, MX, PE, UY, VE), 11 приняли, 30 формально внесли	7 / 11 / 30	стран	2022	счётчик РП	Америка	PMC9950544	pmcid:PMC9950544	T1	2026-09-04	"eleven have adopted FOPNL, and seven countries (Argentina, Chile, Ecuador, Mexico, Peru, Uruguay and Venezuela) have implemented FOPNL"	HIGH	RS; РАСПРОСТРАНЁННАЯ ПРАКТИКА
B6_anomalies_by_category.md	B6-082	Австралия: порог значительных затрат (SCT) для health requirement - AUD 86 000; превышение = несоответствие	86 000	AUD	действует	порог	Австралия	Dept of Home Affairs	https://immi.homeaffairs.gov.au/help-support/meeting-our-requirements/health/protecting-health-care-and-community-services	T1	2026-09-04	"If your estimated costs are assessed by the MOC to be above the SCT value of $86,000, you will exceed the SCT and therefore not meet the health requirement."	HIGH	FS `site:immi.homeaffairs.gov.au ... significant cost threshold`
B6_anomalies_by_category.md	B6-083	Immigration NZ: ожирение само по себе не означает несоответствие приемлемому стандарту здоровья	-	-	действует	позиция INZ	Новая Зеландия	Immigration New Zealand	https://www.immigration.govt.nz/about-us/news-centre/acceptable-standard-of-health/	T1	2026-09-04	"Obesity alone does not mean that a visa applicant does not have an acceptable standard of health."	HIGH	FS; опровергает тезис "отказ по BMI"; A4.10 не открыт
B6_anomalies_by_category.md	B6-084	Канада (Temporary Public Policy, июнь 2018): "excessive demand" - ожидаемые затраты выше среднеканадских per capita	среднее per capita	CAD	2018	определение порога	Канада	Canada.ca / IRCC	https://www.canada.ca/en/immigration-refugees-citizenship/corporate/mandate/policies-operational-instructions-agreements/excessive-demand-june-2018.html	T1	2026-09-04	"Excessive demand is: a demand on health services or social services for which the anticipated costs would likely exceed average Canadian per"	HIGH	FS `site:canada.ca excessive demand ...`; фраза обрывается
B6_anomalies_by_category.md	B6-085	Норма о медицинской недопустимости: отказ, если допуск вызовет чрезмерную нагрузку на здравоохранение/соцуслуги	норма	-	2002/2004	текст закона	Канада	PubMed 14979266	pmid:14979266	T1	2026-09-04	"if their admission would cause or might reasonably be expected to cause excessive demands on health or social services"	HIGH	RS
B6_anomalies_by_category.md	B6-086	Трудовые мигранты в страны GCC проходят медосмотр в стране происхождения и повторно по прибытии	2	осмотра	14 лет данных	требование	GCC (KSA)	PubMed 24975313	pmid:24975313	T1	2026-09-04	"Expatriate workers must be medically examined in their country of origin at accredited centres prior to their arrival in any Gulf Cooperation Council (GCC) country"	MEDIUM	RS; связь с диабетом/ожирением не подтверждена
B6_anomalies_by_category.md	B6-087	DVLA: водители группы 2 на инсулине должны измерять глюкозу не реже чем каждые 2 часа в пути	2	часа	действует	правило	Великобритания	GOV.UK guidance	https://www.gov.uk/guidance/diabetes-mellitus-assessing-fitness-to-drive	T1	2026-09-04	"Group 2 bus and lorry - Glucose testing must take place: at least every 2 hours during the journey"	HIGH	FS `site:gov.uk diabetes insulin driving bus lorry Group 2 ...`
B6_anomalies_by_category.md	B6-088	Водитель автобуса/грузовика обязан прекратить вождение и уведомить DVLA при начале инсулинотерапии	обязанность	-	действует	правило	Великобритания	GOV.UK	https://www.gov.uk/diabetes-driving	T1	2026-09-04	"You must stop driving and tell DVLA when you start insulin treatment. DVLA will tell you when you can start driving again."	HIGH	FS
B6_anomalies_by_category.md	B6-089	Директива 2006/126/EC Annex III п. 10.3: выдача прав группы 2 водителям с диабетом "может рассматриваться" при условиях	п. 10.3	-	2006/2009	норма ЕС	ЕС	EUR-Lex консолид. текст 02006L0126-20180722	https://eur-lex.europa.eu/legal-content/EN/TXT/PDF/?uri=CELEX:02006L0126-20180722	T1	2026-09-04	"Group 2: 10.3. Consideration may be given to the issuing/renewal of group 2 licences to drivers with diabetes mellitus."	HIGH	FS `site:eur-lex.europa.eu 2006/126/EC Annex III diabetes`; 2009/113/EC; 2016/1106; РП (27 стран)
B6_anomalies_by_category.md	B6-090	ЕС: более одного эпизода тяжёлой гипогликемии за 12 месяцев ведёт к утрате прав	>1 за 12	эпизодов/мес.	2009-	правило	ЕС	PubMed 23215789; 18421936	pmid:23215789	T1	2026-09-04	"more than one episode of severe hypoglycaemia within 12 months would lead to the loss of a driving licence"	HIGH	RS; "excluded from driving trucks ... except ... "very exceptional cases"" (18421936)
B6_anomalies_by_category.md	B6-091	FMCSA 19.09.2018 опубликовала финальное правило "Qualifications of Drivers; Diabetes Standard", пересмотревшее стандарт для инсулин-зависимых водителей	2018-09-19	дата	2018	-	США	FMCSA	https://www.fmcsa.dot.gov/taxonomy/term/376?page=2	T1	2026-09-04	"On September 19, 2018, FMCSA published Qualifications of Drivers; Diabetes Standard final rule, which revised the physical qualifications standard for insulin"	HIGH	FS `site:fmcsa.dot.gov insulin-treated diabetes ...`; PubMed 31686223
B6_anomalies_by_category.md	B6-092	Водители с ITDM обязаны предоставить форму MCSA-5870 сертифицированному медэксперту в течение 45 дней после заполнения	45	дней	действует	правило	США	FMCSA MCSA-5870	https://www.fmcsa.dot.gov/regulations/medical/insulin-treated-diabetes-mellitus-assessment-form-mcsa-5870	T1	2026-09-04	"ITDM individuals are required to provide the ITDM Assessment Form, MCSA-5870, to the Certified Medical Examiner within 45 days of completion"	HIGH	FS
B6_anomalies_by_category.md	B6-093	Austroads: для коммерческих водителей на инсулине рассматриваются не менее 3 месяцев записей глюкозы	3	месяца	действует	стандарт	Австралия	Austroads AP-G56	https://austroads.gov.au/publications/assessing-fitness-to-drive/ap-g56/diabetes-mellitus/medical-standards-for-licensing-2	T1	2026-09-04	"For commercial drivers receiving insulin treatment, at least three months of blood glucose monitoring records should be reviewed"	HIGH	FS `site:austroads.gov.au ...`; стандарт 2003 (PubMed 15892768)
B6_anomalies_by_category.md	B6-094	FAA в 2019 объявила протокол оценки инсулин-зависимых пилотов для special issuance 1-го/2-го класса	2019	год	2019	-	США	PubMed 36050848	pmid:36050848	T1	2026-09-04	"In 2019, the Federal Aviation Administration (FAA) announced a protocol to evaluate pilots with insulin treated diabetes mellitus (ITDM) for special issuance (SI) medical certification for first-/second-class pilots"	HIGH	RS
B6_anomalies_by_category.md	B6-095	Канада, Великобритания и США допускают отдельных инсулин-зависимых пилотов по протоколу с измерением глюкозы; ARA.MED.330 - UK, IE, AT	3-4	юрисдикции	2019-2023	счётчик	US/CA/UK/IE/AT	PubMed 31331425; 37384853	pmid:31331425	T1	2026-09-04	"Some authorities, such as those from Canada, the United Kingdom, and the United States, permit selected insulin-treated pilots (ITDM-pilots) to fly subject to a protocol"	HIGH	RS
B6_anomalies_by_category.md	B6-096	В Израиле пациенты с СД1 освобождены от призыва, но могут пойти добровольцами	освобождение	-	действует	правило	Израиль	PubMed 28471559	pmid:28471559	T1	2026-09-04	"Patients with type 1 diabetes (T1D) are exempt from conscript military service, but some volunteer for national service"	MEDIUM	RS
B6_anomalies_by_category.md	B6-097	Солдаты армии США с СД1 ранее считались негодными к службе	ранее	-	2018 (публ.)	-	США	PMC6134313	pmcid:PMC6134313	T1	2026-09-04	"US Army soldiers diagnosed with type 1 diabetes were previously considered unfit for duty"	MEDIUM	RS
B6_anomalies_by_category.md	B6-098	Диагноз СД1 дисквалифицирует от всех обязанностей военной авиации по всему миру	все	-	2005 (публ.)	-	Мир	PubMed 16173683	pmid:16173683	T1	2026-09-04	"Diagnosis of diabetes mellitus (DM) type 1 results in medical disqualification for all military aviation duties all over the world"	MEDIUM	RS; РП
B6_anomalies_by_category.md	B6-099	IRA ограничил out-of-pocket за инсулин $35 за 30 дней для бенефициаров Medicare с 2023	35	USD/30 дней	2023	потолок	США	PMC13242632	pmcid:PMC13242632	T1	2026-09-04	"The Inflation Reduction Act capped out-of-pocket costs for insulin at $35 per 30-day supply for Medicare beneficiaries in 2023"	HIGH	RS
B6_anomalies_by_category.md	B6-100	С января 2020 (Колорадо) 25 штатов и DC приняли законы о потолке копеймента за инсулин	25 + DC	штатов	2020-2024	счётчик	США	PMC11325206	pmcid:PMC11325206	T1	2026-09-04	"Starting January 2020 with Colorado, 25 states and the District of Columbia enacted laws that cap insulin copayments"	HIGH	RS; РП внутри США
B6_anomalies_by_category.md	B6-101	Колорадо первым ввёл потолок $100 за 30-дневный запас инсулина для полностью застрахованных планов	100	USD/30 дней	2020	потолок	США (CO)	PubMed 39102595	pmid:39102595	T1	2026-09-04	"In 2020, Colorado became the first state to cap out-of-pocket spending for insulin prescriptions, requiring fully insured health plans to cap out-of-pocket spending at $100"	HIGH	RS
B6_anomalies_by_category.md	B6-102	NPPA на 132-м заседании 15.05.2013 утвердила цены на Human Insulin Injection (ценовой контроль DPCO)	2013-05-15	дата	2013	ценовой контроль	Индия	NPPA 1540(E)	https://nppa.gov.in/1540e	T1	2026-09-04	"NPPA in its 132nd Authority Meeting held on 15.05.2013 duly considered the aforesaid price fixation order and approved the prices of Human Insulin Injection"	MEDIUM	FS; glargine pens Rs 217.74 -> 244.13/мл с 01.04.2023 (medicaldialogues, T3)
B6_anomalies_by_category.md	B6-103	В Австралии GLP-1 субсидируются PBS только при СД2; основной рост 2020-2025 - в частном доступе	-	-	2020-2025	-	Австралия	PubMed 42515931	pmid:42515931	T1	2026-09-04	"Trends in publicly subsidized and private access to GLP-1 medicines indicated for type 2 diabetes in Australia, 2020-2025 ... Most growth was in private access"	MEDIUM	RS
B6_anomalies_by_category.md	B6-104	Legge 3 ottobre 2025, n. 149 признала ожирение хроническим, прогрессирующим и рецидивирующим заболеванием	закон 149/2025	-	2025	норма	Италия	Consiglio regionale del Piemonte (infoleg PDF)	https://www.cr.piemonte.it/infolegint/visualizzaDocumentoSchede.do?idDocumento=15210	T2	2026-09-04	"L'obesità è stata riconosciuta come malattia cronica, progressiva e recidivante. Con l'approvazione della legge 3 ottobre 2025, n. 149"	MEDIUM	FS; GU 25G00158 (09.10.2025) - только URL; bollettinoadapt: art. 1; LEA - consiglioveneto
B6_anomalies_by_category.md	B6-105	Итальянский парламент первым признал ожирение хроническим рецидивирующим заболеванием (заголовок рецензируемой публикации)	первый	-	2025	оценка первенства	Италия	PubMed 41491104	pmid:41491104	T1 (заголовок, без абстракта)	2026-09-04	"The Italian parliament first to recognize obesity as a chronic and relapsing disease."	MEDIUM	RS; также 41138743 "Obesity legally recognised as a chronic disease in Italy."
B6_anomalies_by_category.md	B6-106	Despacho n.º 4571/2005 (DR 2.ª série, 2 марта 2005) закрепляет: ожирение - хроническое заболевание	despacho	-	2005	норма	Португалия	Diário da República	https://diariodarepublica.pt/dr/detalhe/despacho/4571-2005-2044965	T1	2026-09-04	"A obesidade é uma doença crónica, com génese multifactorial, que requer esforços continuados para ser controlada"	HIGH	FS; дата признания DGS "2004" - только T3 (Instagram) -> LOW для 2004
B6_anomalies_by_category.md	B6-107	Бундестаг 3 июля 2020 признал ожирение болезнью и инициировал DMP	2020-07-03	дата	2020	-	Германия	PubMed 36479649	pmid:36479649	T1	2026-09-04	"On July 3, 2020, the German Bundestag recognised obesity as a disease and initiated the development of a diseases management program (DMP)"	HIGH	RS; DMP - g-ba.de (B6-006)
B6_anomalies_by_category.md	B6-108	CJEU (C-354/13 FOA/Kaltoft): ожирение может считаться инвалидностью, если вызывает ограничение мобильности	C-354/13	-	2014	прецедент	ЕС	CURIA - Discrimination	https://curia.europa.eu/site/jcms/qua1_5964/en/discrimination	T1	2026-09-04	"it found that obesity could be considered a disability if it caused reduced mobility, (C-354/13 FOA (Kaltoft))"	HIGH	FS `site:curia.europa.eu Kaltoft C-354/13 ...`; AG opinion PDF cp140112en
B6_anomalies_by_category.md	B6-109	MCL 37.2202 (Elliott-Larsen): работодатель не вправе отказывать в найме по росту, весу и др.	ст. 37.2202	-	1976 (ред. 2023)	норма	США (MI)	Michigan Legislature	https://www.legislature.mi.gov/mileg.aspx?page=getObject&objectname=mcl-37-2202	T1	2026-09-04	"An employer shall not do any of the following: refuse to hire or recruit, ... height, weight, or marital status."	HIGH	FS `site:legislature.mi.gov Elliott-Larsen 37.2202 ...`; PA 6 of 2023
B6_anomalies_by_category.md	B6-110	Мичиган - единственный штат США с законом против дискриминации по весу (на 2020)	1	штат	2020	счётчик	США	PMC7511432	pmcid:PMC7511432	T1	2026-09-04	"there is only one state in the United States, Michigan, that has an antiweight discrimination law"	HIGH	RS; + NYC (2023), WA (суд 2019)
B6_anomalies_by_category.md	B6-111	NYC Local Law 61/2023: запрет дискриминации по росту/весу в занятости, жилье и public accommodations; подписан 26.05.2023, в силе 26.11.2023	2023-11-26	дата	2023	норма	США (NYC)	NYC Commission on Human Rights	https://www.nyc.gov/site/cchr/media/height-and-weight.page	T1	2026-09-04	"signed into Law by Mayor Eric Adams on May 26, 2023, and took effect on November 26, 2023"	HIGH	FS `site:nyc.gov Local Law 61 ...`; бриф указывал 22.11 - расхождение
B6_anomalies_by_category.md	B6-112	Верховный суд Вашингтона (2019): ожирение всегда является impairment по WLAD	всегда	-	2019	прецедент	США (WA)	Harvard Law Review vol. 133; Justia 9th Cir 16-35205	https://harvardlawreview.org/print/vol-133/taylor-v-burlington-northern-railroad-holdings-inc/	T2	2026-09-04	"Washington Supreme Court held that obesity is always an impairment under the Washington Law Against Discrimination (WLAD)"	MEDIUM	FS; текст решения courts.wa.gov не открыт
B6_anomalies_by_category.md	B6-113	В Германии тяжёлое ожирение у детей и подростков может считаться инвалидностью по SGB (BTHG)	-	-	2020 (публ.)	-	Германия	PubMed 32557488	pmid:32557488	T1	2026-09-04	"severe obesity in children and adolescents can be considered a" [disability]	MEDIUM	RS; обрыв абстракта
B6_anomalies_by_category.md	B6-114	NHC Китая в марте 2024 запустила трёхлетний "Год управления весом" (2024-2026)	3	года	2024-2026	-	Китай	PMC11724133; PMC12970020	pmcid:PMC11724133	T1	2026-09-04	"the National Health Commission launched a comprehensive three-year "Year of Weight Management" initiative in March 2024"	HIGH	RS
B6_anomalies_by_category.md	B6-115	Минздрав Сингапура в апреле 2016 объявил "War on Diabetes"	04.2016	дата	2016	-	Сингапур	PMC7869520	pmcid:PMC7869520	T1	2026-09-04	"In April 2016, the Singapore Ministry of Health (MOH) declared War on Diabetes (WoD) to rally a whole-of-nation effort"	HIGH	RS
B6_anomalies_by_category.md	B6-116	Health Japan 21 запущен MHLW в 2000; второй срок 2013-2022 - 53 цели	53	целей	2013-2022	-	Япония	PubMed 33259610; 26598843	pmid:33259610	T1	2026-09-04	"Health Japan 21 (second term) set 53 targets for the period between 2013 and 2022"	MEDIUM	RS
B6_anomalies_by_category.md	B6-117	В Узбекистане и Киргизии с 2021 внедряются школьные нутриционные политики против НИЗ	2021	год	2021	-	Узбекистан/Киргизия	PMC11349503	pmcid:PMC11349503	T1	2026-09-04	"Implementation of School Nutrition Policies to Address Noncommunicable Diseases in Uzbekistan and Kyrgyzstan ... In 2021, national stakeholders"	LOW	RS; деталей нет
B6_anomalies_by_category.md	B6-118	Профилактика НИЗ - приоритет КНДР; пилот WHO PEN в поликлиниках	-	-	2017	-	КНДР	PubMed 28857065	pmid:28857065	T1	2026-09-04	"The prevention and control of noncommunicable diseases (NCDs) is a priority for the Democratic People's Republic of Korea"	LOW	RS
B6_anomalies_by_category.md	B6-119	Муниципалитет Дубая (2013, "Your Weight in Gold") платил 1 г золота за 1 кг потерянного веса	1	г золота/кг	2013	размер стимула	ОАЭ (Дубай)	CNBC 2013-07-18; Gulf News	https://www.cnbc.com/2013/07/18/worth-their-weight-dubai-offers-dieters-gold-for-shedding-pounds.html	T2	2026-09-04	"Dubai offers dieters gold for shedding pounds"	MEDIUM	FS; "one gram of gold for each kilogram shed" - g-labs (T3); dm.gov.ae не открылся
B6_anomalies_by_category.md	B6-120	National Steps Challenge (Сингапур): оценка на 696 907 взрослых - трекеры, шаговые цели и денежные вознаграждения	696 907	взрослых	~2015-2019	выборка оценки	Сингапур	PMC9238668	pmcid:PMC9238668	T1	2026-09-04	"The main intervention components comprised device-based daily physical activity recording paired with step count goals and financial rewards"	HIGH	RS
B6_anomalies_by_category.md	B6-121	NSC зачислил более 2.1 млн человек за 9 лет	>2.1	млн чел.	9 лет	охват	Сингапур	PMC13015732	pmcid:PMC13015732	T1	2026-09-04	"The National Steps Challenge (NSC) is a physical activity intervention that has enrolled over 2.1 million people in Singapore across 9 years"	HIGH	RS
B6_anomalies_by_category.md	B6-122	С GKV-Modernisierungsgesetz 2004 больничные кассы Германии могут выдавать бонусы за здоровое поведение	2004	год	2004	-	Германия	PubMed 18681336	pmid:18681336	T1	2026-09-04	"With the implementation of the Health Care Modernization Act in 2004 sickness funds in Germany were given the opportunity to award bonuses to their insured for health-promoting behavior"	HIGH	RS; РП
B6_anomalies_by_category.md	B6-123	Vitality HealthyFood (ЮАР): до 25% cashback на здоровые продукты	25	%	2016 (публ.)	размер стимула	ЮАР	PMC5168560	pmcid:PMC5168560	T1	2026-09-04	"HealthyFood (HF), an incentive-based programme designed to encourage healthier diets by providing up to 25% cashback on healthy food purchases"	HIGH	RS; частный страховщик
B6_anomalies_by_category.md	B6-124	Yokohama Walking Point запущен городом Йокогама в 2014	2014	год	2014	-	Япония	PubMed 33361668	pmid:33361668	T1	2026-09-04	""Yokohama Walking Point (YWP)," a program launched by Yokohama City in 2014"	HIGH	RS; 6 муниципалитетов (PMC10568989)
B6_anomalies_by_category.md	B6-125	Пилот NHS Eastern and Coastal Kent "Pounds for Pounds": вознаграждения £70-£425 в год за выполнение плана	70-425	£/год	~2009-2010	размер стимула	Великобритания	PubMed 21447522	pmid:21447522	T1	2026-09-04	"Rewards, which were received after successful plan completion, ranged from £70 to £425 per year"	MEDIUM	RS
B6_anomalies_by_category.md	B6-126	AUGE/GES определяет юридически принудительные права на явные медицинские гарантии	-	-	2013 (публ.)	-	Чили	PubMed 23921988	pmid:23921988	T1	2026-09-04	"The programme, called AUGE, defines legally enforceable rights to explicit healthcare benefits"	HIGH	RS
B6_anomalies_by_category.md	B6-127	В Европе независимо от страны пациенты с сопутствующими заболеваниями имеют право на бариатрию при BMI 35	35	kg/m2	2015 (публ.)	критерий РП	Европа	PMC4498278	pmcid:PMC4498278	T1	2026-09-04	"Irrespective of the country, patients with comorbidities were eligible if they had a BMI of 35 kg/m(2)"	HIGH	RS; РАСПРОСТРАНЁННАЯ ПРАКТИКА
B6_anomalies_by_category.md	B6-128	Ни одна страна не внедрила всеобъемлющее регулирование всех форм маркетинга нездоровой еды (на 2024)	0	стран	2024	счётчик	Мир	PMC11695118	pmcid:PMC11695118	T1	2026-09-04	"To date, no country has implemented comprehensive regulations restricting all forms of unhealthy food marketing"	MEDIUM	RS; контекст для NO/UK/CL
B6_anomalies_by_category.md	B6-129	Мексика ввела предупредительные FOP-марки в октябре 2020	10.2020	дата	2020	-	Мексика	PubMed 41921494	pmid:41921494	T1	2026-09-04	"This policy, implemented in October 2020, aims to inform consumers about the excessive content of calories and health-harming nutrients"	HIGH	RS; РП
B6_anomalies_by_category.md	B6-130	В 2023 Мексика приняла реформу Закона об образовании, усиливающую запрет продажи junk food в школах	2023	год	2023	-	Мексика	PMC11086919	pmcid:PMC11086919	T1	2026-09-04	"In 2023, Mexico approved a reform to the General Education Law to strengthen the ban of sales and"	MEDIUM	RS; обрыв абстракта; Lancet 2025 "Mexico's school junk food ban" (40812335)
B6_anomalies_by_category.md	B6-131	11 стран Восточного Средиземноморья ввели национальный акциз на газированные SSB	11	стран	2024 (публ.)	счётчик РП	EMR	PubMed 39722630	pmid:39722630	T1	2026-09-04	"Eleven EMR countries imposed the national excise tax on carbonated SSBs and 10 imposed excise tax on at least one type of beverage other than carbonated SSBs"	HIGH	RS; РП
B6_anomalies_by_category.md	B6-132	FOSHU (токухо) - система маркировки функциональных продуктов создана Минздравом Японии в 1991; "Foods with health claims" - с апреля 2001	1991 / 2001	годы	1991-2001	-	Япония	PubMed 9503397; 12074195	pmid:12074195	T1	2026-09-04	"The Japanese government enacted a new regulatory system called 'Foods with health claims' in April 2001, which consists of 'Foods for Specified Health Use' (FOSHU)"	MEDIUM	RS; добровольная система - не обязывающая, не аномалия по 2.3
B7_hypotheses.md	B7-001	Закон обязывает страховщиков проводить особый медосмотр застрахованным от 40 лет	40	лет (нижняя граница)	в силе	обязанность 保険者 по ст.20	Япония	高齢者の医療の確保に関する法律 (e-Gov)	https://laws.e-gov.go.jp/law/357AC0000000080	T1	2026-09-04	保険者は、特定健康診査等実施計画に基づき、厚生労働省令で定めるところにより、四十歳以上の加入者に対し、特定健康診査を行うものとする。	HIGH	firecrawl_search
B7_hypotheses.md	B7-002	Осмотр ежегодный, для застрахованных 40-74 лет (до 75)	40-74	лет	ежегодно, в силе	省令157 ст.1	Япония	特定健康診査及び特定保健指導の実施に関する基準 (e-Gov)	https://laws.e-gov.go.jp/law/419M60000100157	T1	2026-09-04	毎年度、当該年度の四月一日における加入者であって、当該年度において四十歳以上七十五歳以下の年齢に達するもの（七十五歳未満の者に限り	HIGH	firecrawl_search
B7_hypotheses.md	B7-003	Порог окружности талии: 85 см мужчины, 90 см женщины (или BMI>=25) для отбора на 保健指導	85 / 90	см	в силе	省令157 ст.4	Япония	特定健康診査及び特定保健指導の実施に関する基準 (e-Gov)	https://laws.e-gov.go.jp/law/419M60000100157	T1	2026-09-04	腹囲が八十五センチメートル以上である男性若しくは腹囲が九十センチメートル以上である女性…ＢＭＩが二十五以上の者	HIGH	firecrawl_search
B7_hypotheses.md	B7-004	Все страховщики Японии обязаны проводить SHC/SHG с 2008 г.	2008	год	2008-	мандат страховщикам	Япония	Tsushita et al., J Atheroscler Thromb (PMC5906184)	https://pmc.ncbi.nlm.nih.gov/articles/PMC5906184/	T1	2026-09-04	All health insurers in Japan are mandated to provide Specific Health Checkups and Specific Health Guidance … beginning in 2008	HIGH	firecrawl_research (абстракт)
B7_hypotheses.md	B7-005	Страховщики обязаны проводить SHC/SHG для застрахованных и иждивенцев 40-74	40-74	лет	в силе	обязанность страховщика	Япония	pmid:41790001 (Return on investment of SHG)	https://pubmed.ncbi.nlm.nih.gov/41790001/	T1	2026-09-04	healthcare insurers are required to conduct Specific Health Checkups (SHC) and Specific Health Guidance (SHG) for insured individuals and their dependents aged 40-74	HIGH	firecrawl_research (абстракт)
B7_hypotheses.md	B7-006	Надбавка к взносу на медицину 75+ применяется при доле охвата SHC/SHG ниже 0,1% (метод 2017 фин. года)	0.1	% охвата	2017 фин. год	後期高齢者支援金 加算	Япония	MHLW PDF 後期高齢者支援金（2017年度）の加算・減算の方法	https://www.mhlw.go.jp/content/12401000/001294108.pdf	T1	2026-09-04	後期高齢者支援金の加算は、特定健診又は特定保健指導の実施率が0.1%未満	MEDIUM	firecrawl_search (фрагмент обрезан)
B7_hypotheses.md	B7-007	Ориентиры оценки страховщиков: охват осмотра 70%, охват保健指導 20%	70 / 20	%	текущая дискуссия	加算・減算 критерии	Япония	MHLW 第47回保険者による健診・保健指導等に関する検討会議事録	https://www.mhlw.go.jp/stf/newpage_73524.html	T1	2026-09-04	実施率の絶対値を基準として判定する … 実施率70%、特定保健指導については実施率20%	MEDIUM	firecrawl_search
B7_hypotheses.md	B7-008	Японский закон предписывает вмешательство при талии >90 см (ж) / >85 см (м) и отличается от целей США	85/90	см	2009 (статья)	описание закона	Япония	PMC2769976	https://pmc.ncbi.nlm.nih.gov/articles/PMC2769976/	T1	2026-09-04	a recent law in Japan mandating intervention for older adults with WC exceeding 90 cm (women) and 85 cm (men)	HIGH	firecrawl_research; уникальность - наша оценка: аналог не найден
B7_hypotheses.md	B7-009	INZ: BMI сам по себе сейчас не используется как мера acceptable standard of health	-	-	текущее	политика INZ	Новая Зеландия	Immigration NZ - Acceptable Standard of Health	https://www.immigration.govt.nz/about-us/news-centre/acceptable-standard-of-health/	T1	2026-09-04	A Body Mass Index (BMI) measurement on its own is not currently used as a measure of whether a visa applicant has an acceptable standard of	HIGH	firecrawl_search
B7_hypotheses.md	B7-010	INZ: ожирение само по себе не означает отсутствие acceptable standard of health	-	-	текущее	политика INZ	Новая Зеландия	Immigration NZ - Acceptable Standard of Health	https://www.immigration.govt.nz/about-us/news-centre/acceptable-standard-of-health/	T1	2026-09-04	Obesity alone does not mean that a visa applicant does not have an acceptable standard of health. Obesity can be a risk factor for medical	HIGH	firecrawl_search
B7_hypotheses.md	B7-011	A4.10.2 - оценка, что заявитель на резидентскую визу unlikely to impose significant costs на здравоохранение	-	-	версия 04/09/…	инструкция A4.10	Новая Зеландия	INZ Operational Manual A4.10	https://www.immigration.govt.nz/opsmanual/82036.htm	T1	2026-09-04	A4.10.2 Assessment of whether an applicant for a residence class visa is unlikely to impose significant costs on New Zealand's health services.	HIGH	firecrawl_search
B7_hypotheses.md	B7-012	Кейс 2013: виза отклонена, т.к. заявитель "no longer had an acceptable standard of health" (ожирение)	1	кейс	2013-07	медиа-кейс	Новая Зеландия	CNN, Chef in immigration limbo because of obesity-related problems	https://www.cnn.com/2013/07/30/health/new-zealand-visa	T2	2026-09-04	New Zealand immigration authorities say the visa was denied because the man "no longer had an acceptable standard of health"	MEDIUM	firecrawl_search; дублируется WTKR
B7_hypotheses.md	B7-013	Библиотека Конгресса США (2013) сообщала об отказах в визах NZ по BMI	-	-	2013-07-31	правовой блог	Новая Зеландия	Law Library of Congress, In Custodia Legis	https://blogs.loc.gov/law/2013/07/how-big-is-too-big-for-new-zealand/	T2	2026-09-04	BMI scores being denied New Zealand visas	LOW	firecrawl_search; порог 35 во фрагменте отсутствует
B7_hypotheses.md	B7-014	Самоа сняла запрет на turkey tails как часть вступления в ВТО в 2011 г.	2011	год	2011	торговая мера	Самоа	Thow et al., Bull WHO 2017 (PMC5689196)	https://pmc.ncbi.nlm.nih.gov/articles/PMC5689196/	T1	2026-09-04	The Government of Samoa removed its ban on turkey tails as part of its accession to the World Trade Organization (WTO) in 2011.	HIGH	firecrawl_search (PMC-страница)
B7_hypotheses.md	B7-015	Запрет жирного мяса Самоа был снят ради вступления в ВТО	-	-	до 2018	описание	Самоа	pmid:30388231	https://pubmed.ncbi.nlm.nih.gov/30388231/	T1	2026-09-04	replacing a fatty-meat ban lifted for accession to the WTO	HIGH	firecrawl_research
B7_hypotheses.md	B7-016	Самоа запретила импорт turkey tails из США в 2007 г.	2007	год	2007	импортный запрет	Самоа	NPR The Salt	https://www.npr.org/sections/thesalt/2013/05/14/182568333/samoans-await-the-return-of-the-tasty-turkey-tail	T2	2026-09-04	In 2007, Samoa banned the import of turkey tails from the U.S. to try to improve public health.	MEDIUM	firecrawl_search
B7_hypotheses.md	B7-017	Самоа вынуждена снять запрет (май 2013)	2013-05	дата	2013	отмена запрета	Самоа	ABC News	https://www.abc.net.au/news/2013-05-20/an-samoa-lifts-ban-on-high-fat-turkey-tails/4699506	T2	2026-09-04	Samoa has been forced to lift a ban on high-fat turkey tails, which was introduced amid concerns about diabetes, obesity and heart disease.	MEDIUM	firecrawl_search
B7_hypotheses.md	B7-018	Фиджи запретила продажу mutton flaps в 2000 г. по Trading Standards Act	2000	год	2000	запрет продажи	Фиджи	Snowdon & Thow, Obesity Reviews 2013 (via Ovid)	https://www.ovid.com/journals/obesr/fulltext/10.1111/obr.12090~trade-policy-and-obesity-prevention-challenges-and	T1	2026-09-04	In 2000, Fiji banned the supply of mutton flaps under the Trading Standards Act (68). The ban resulted in a dramatic reduction in the import of flaps	HIGH	firecrawl_search
B7_hypotheses.md	B7-019	Тонга ввела пошлины на mutton flaps и turkey tails (2016)	2016	год	2016	импортные пошлины	Тонга	Bell et al., Global Health 2021 (PMC8626938)	https://pmc.ncbi.nlm.nih.gov/articles/PMC8626938/	T1	2026-09-04	Additional import duties were applied to soft drinks and dripping and other fats in 2016 and duties were also applied to high fat meats, mutton flaps and turkey tails.	HIGH	firecrawl_research (абстракт)
B7_hypotheses.md	B7-020	Тонга запретила весь импорт mutton flaps	-	-	2020 (дата - T3)	импортный запрет	Тонга	RNZ First Up	https://www.rnz.co.nz/national/programmes/first-up/audio/2018753159/tongan-body-builder-says-banning-mutton-flaps-great-idea	T2	2026-09-04	Tonga has banned all imports of mutton flaps as it tries to tackle high rates of diabetes and obesity in the country.	MEDIUM	firecrawl_search; дата 01.07.2020 только Wikipedia (T3)
B7_hypotheses.md	B7-021	Гана: стандарты ограничения жирного мяса применяются к импортному и отечественному мясу	-	-	2014 (статья)	стандарт	Гана	Thow et al., BMC Public Health 2014 (PMC4007633)	https://pmc.ncbi.nlm.nih.gov/articles/PMC4007633/	T1	2026-09-04	The standards apply to both imported and domestic meat, and were designed to be compliant with Ghana's multilateral trade commitments.	HIGH	firecrawl_research (абстракт)
B7_hypotheses.md	B7-022	Дубайский муниципалитет запустил "Your Weight in Gold" (старт 19 июля)	2013-07-19	дата	2013	кампания-стимул	ОАЭ (Дубай)	Gulf News	https://gulfnews.com/lifestyle/health-fitness/lose-your-weight-in-gold-initiative-launches-in-dubai-1.1209743	T2	2026-09-04	The Dubai Municipality announced on Tuesday the launch of its weight loss programme, "Your Weight in Gold," which will run from July 19 to	MEDIUM	firecrawl_search; год из URL CNN/CNBC 2013
B7_hypotheses.md	B7-023	Условие: минимум 2 кг, 1 г золота за каждый сброшенный кг	1 г / 1 кг; мин 2 кг	г золота / кг	2013	правило выплаты	ОАЭ (Дубай)	Gulf News	https://gulfnews.com/uae/health/dubai-municipality-campaign-uae-resident-sheds-kilos-and-gains-gold-1.1252639	T2	2026-09-04	two kilograms in weight to gain one gram for every kilo of weight lost.	MEDIUM	firecrawl_search
B7_hypotheses.md	B7-024	Дубай предлагает золото за снижение веса; запуск на неделе 19.07.2013	2013	год	2013	кампания	ОАЭ (Дубай)	CNN	https://www.cnn.com/2013/07/19/health/dubai-gold-diet	T2	2026-09-04	The city of Dubai is offering gold as an incentive for a weight loss initiative it will launch this week.	MEDIUM	firecrawl_search
B7_hypotheses.md	B7-025	Три лучших участника - розыгрыш золотой монеты $5 400	5400	USD	2013	приз	ОАЭ (Дубай)	BBC News	https://www.bbc.com/news/business-23373186	T2	2026-09-04	The three participants who lose the most weight will be entered into a draw to win a gold coin worth $5,400.	MEDIUM	firecrawl_search
B7_hypotheses.md	B7-026	Итог кампании: 16,9 кг золота выплачено	16.9	кг золота	(год не виден)	выплата	ОАЭ (Дубай)	The National	https://www.thenationalnews.com/uae/weight-loss-champions-in-dubai-cash-in-with-16-9kg-in-gold-1.655921	T2	2026-09-04	Weight-loss champions in Dubai cash in with 16.9kg in gold	LOW	firecrawl_search; год в фрагменте отсутствует
B7_hypotheses.md	B7-027	Существовало второе издание и версия для детей "Your Child in Gold"	2	издания	(год не виден)	кампания	ОАЭ (Дубай)	Khaleej Times	https://www.khaleejtimes.com/lifestyle/health/every-kilo-of-weight-lost-will-turn-to-gold	T2	2026-09-04	Dubai Municipality's weight-loss drive named Your Child in Gold focuses on obesity in kids … second edition of its "Your Weight in Gold"	LOW	firecrawl_search
B7_hypotheses.md	B7-028	План "体重管理年" разработан НКЗ и ещё 15 ведомствами (16)	16	ведомств	2024	документ 国卫医急发〔2024〕21号	Китай	国家卫生健康委员会	https://www.nhc.gov.cn/ylyjs/gzdt/202406/41c64b9fd9774352af22f5274c1e831d.shtml	T1	2026-09-04	国家卫生健康委等16个部门联合制定了《"体重管理年"活动实施方案》	HIGH	firecrawl_search
B7_hypotheses.md	B7-029	Горизонт кампании: с 2024 г. около трёх лет	3	года	2024-2026	план	Китай	国家卫生健康委员会	https://www.nhc.gov.cn/ylyjs/gzdt/202406/41c64b9fd9774352af22f5274c1e831d.shtml	T1	2026-09-04	自2024年起，力争通过三年左右时间，实现体重管理支持性环境广泛建立	HIGH	firecrawl_search
B7_hypotheses.md	B7-030	План 2024 г. лишь поощряет учреждения открывать клиники управления весом	-	-	2024	формулировка "鼓励"	Китай	国家卫生健康委员会	https://www.nhc.gov.cn/ylyjs/gzdt/202406/41c64b9fd9774352af22f5274c1e831d.shtml	T1	2026-09-04	鼓励医疗卫生机构设置体重管理门诊或肥胖防治中心，整合相关专业资源，提供肥胖症诊疗服务。	HIGH	firecrawl_search
B7_hypotheses.md	B7-031	Ведомственные и провинциальные больницы обязаны открыть клиники веса к концу июня 2025	2025-06-30	срок	2025	国卫办医政函〔2025〕113号	Китай	国家卫生健康委员会	https://www.nhc.gov.cn/wjw/c100378/202504/f94979ff66e0418aa5d610d12a12c848.shtml	T1	2026-09-04	国家卫生健康委、国家中医药局属（管）、省（区、市）属综合医院、儿童医院、中医医院要在2025年6月底前基本实现健康体重管理门诊设置全覆盖。	HIGH	firecrawl_search; дата документа 2025-03-25
B7_hypotheses.md	B7-032	2026: все третичные государственные больницы общего профиля должны предоставлять клинику веса	все 三级公立综合医院	-	2026	实事项目 2026	Китай	国家卫生健康委员会	https://www.nhc.gov.cn/bgt/c100023/202602/73b8afd52eff4be4980ac5431cefa190.shtml	T1	2026-09-04	（三）三级公立综合医院均提供健康体重管理门诊服务。	HIGH	firecrawl_search
B7_hypotheses.md	B7-033	НКЗ запустил трёхлетнюю инициативу в марте 2024	2024-03	дата	2024	описание	Китай	PMC11724133	https://pmc.ncbi.nlm.nih.gov/articles/PMC11724133/	T1	2026-09-04	the National Health Commission launched a comprehensive three-year "Year of Weight Management" initiative in March 2024	HIGH	firecrawl_research (абстракт)
B7_hypotheses.md	B7-034	Nutri-Grade маркировка и запрет рекламы вступили в силу 30.12.2022	2022-12-30	дата	2022	правило HPB	Сингапур	HPB Measures for Nutri-Grade	https://www.hpb.gov.sg/healthy-living/food-and-beverage/nutri-grade/	T1	2026-09-04	The Nutri-Grade labelling and advertising prohibition measures for beverages … have come into effect on 30 December 2022.	HIGH	firecrawl_search
B7_hypotheses.md	B7-035	Расширение на свежеприготовленные напитки с 30.12.2023	2023-12-30	дата	2023	правило HPB	Сингапур	HPB Measures for Nutri-Grade	https://www.hpb.gov.sg/healthy-living/food-and-beverage/nutri-grade/	T1	2026-09-04	From 30 December 2023, these requirements will be extended to freshly prepared beverages intended for sale at specified settings in Singapore.	HIGH	firecrawl_search
B7_hypotheses.md	B7-036	Реклама напитков Grade D запрещена на всех медиаплатформах	Grade D	класс	в силе	запрет рекламы	Сингапур	HPB Measures for Nutri-Grade	https://www.hpb.gov.sg/healthy-living/food-and-beverage/nutri-grade/	T1	2026-09-04	Advertisements of Nutri-Grade beverages graded "D", are prohibited across all media platforms (e.g. broadcast, print, out-of-home, on-ground, online)	HIGH	firecrawl_search
B7_hypotheses.md	B7-037	Решение о маркировке и запрете рекламы объявлено 10.10.2019	2019-10-10	дата	2019	анонс MOH	Сингапур	MOH press release 30.12.2021	https://www.moh.gov.sg/newsroom/mandatory-nutrition-labelling-and-advertising-prohibitions-for-nutri-grade-beverages-from-30-december-2022/	T1	2026-09-04	The Ministry of Health (MOH) announced the decision to introduce labelling requirements and advertising prohibitions on 10 October 2019	HIGH	firecrawl_search
B7_hypotheses.md	B7-038	MOH объявил War on Diabetes в апреле 2016	2016-04	дата	2016	нацкампания	Сингапур	PMC7869520	https://pmc.ncbi.nlm.nih.gov/articles/PMC7869520/	T1	2026-09-04	In April 2016, the Singapore Ministry of Health (MOH) declared War on Diabetes (WoD) to rally a whole-of-nation effort	HIGH	firecrawl_research (абстракт)
B7_hypotheses.md	B7-039	Ley 20.606 ст.5: маркировка "alto en calorías/sal" и др. по определению Минздрава	-	-	в силе	текст закона	Чили	BCN Ley Chile	https://www.bcn.cl/leychile/navegar?idNorma=1041570	T1	2026-09-04	Este tipo de alimentos se deberá rotular como "alto en calorías", "alto en sal" o con otra denominación equivalente, según sea el caso.	HIGH	firecrawl_search
B7_hypotheses.md	B7-040	Ley 20.606 ст.6: запрет продажи/рекламы таких продуктов в детсадах и школах	-	-	в силе (изм. Ley 21778, D.O. 25.11.2025)	текст закона	Чили	BCN Ley Chile	https://www.bcn.cl/leychile/navegar?idNorma=1041570	T1	2026-09-04	no se podrán expender, comercializar, promocionar y publicitar dentro de establecimientos de educación parvularia, básica y media	HIGH	firecrawl_search
B7_hypotheses.md	B7-041	Ley 20.606 ст.7: реклама не может быть направлена на детей до 14 лет	14	лет	в силе	текст закона	Чили	BCN Ley Chile	https://www.bcn.cl/leychile/navegar?idNorma=1041570	T1	2026-09-04	Artículo 7°.- La publicidad de los productos descritos en el artículo 5°, no podrá ser dirigida a niños menores de catorce años.	HIGH	firecrawl_search
B7_hypotheses.md	B7-042	Закон принят 2012, регламент 2015, внедрён 2016	2012/2015/2016	годы	2012-2016	хронология	Чили	Corvalán et al., Obes Rev 2019 (pmid:30549191)	https://pubmed.ncbi.nlm.nih.gov/30549191/	T1	2026-09-04	Chile approved the law of food labelling and advertising in 2012; … implementation details were published in 2015, and the law was implemented finally in 2016	HIGH	firecrawl_research (абстракт)
B7_hypotheses.md	B7-043	Семь стран Америк внедрили FOPNL (на 2023)	7	стран	2023	FOPNL внедрено	Америки	PAHO policy study (PMC9950544)	https://pmc.ncbi.nlm.nih.gov/articles/PMC9950544/	T1	2026-09-04	seven countries (Argentina, Chile, Ecuador, Mexico, Peru, Uruguay and Venezuela) have implemented FOPNL.	HIGH	firecrawl_research (абстракт); также "eleven have adopted"
B7_hypotheses.md	B7-044	Чили - первая страна, внедрившая FoP warning label; за ней последовали другие	1-я	-	2016	первенство	Чили	PMC6615240	https://pmc.ncbi.nlm.nih.gov/articles/PMC6615240/	T1	2026-09-04	Chile was the first country worldwide to implement a FoP warning label and thereafter several countries have followed this model.	HIGH	firecrawl_research
B7_hypotheses.md	B7-045	Перу внедрило первый этап warning labels в 2019	2019	год	2019	FOPWL	Перу	PMC13448568	https://pmc.ncbi.nlm.nih.gov/articles/PMC13448568/	T1	2026-09-04	In 2019, Peru implemented the first phase of a front-of-package warning label (FOPWL) policy	HIGH	firecrawl_research
B7_hypotheses.md	B7-046	Мексика заменила GDA на warning labels в октябре 2020	2020-10	дата	2020	FOPL	Мексика	PMC10157591	https://pmc.ncbi.nlm.nih.gov/articles/PMC10157591/	T1	2026-09-04	In October 2020, Mexico revised its FOPL regulations to replace industry-based Guideline Daily Amount (GDA) FOPLs with 'Warning' FOPLs	HIGH	firecrawl_research
B7_hypotheses.md	B7-047	Оахака добавила ст. 20 bis, запрещающую [продажу junk food детям]	-	-	2020 (ссылка 2023)	закон штата	Мексика (Оахака)	Congreso de Oaxaca, Gaceta 22.11.2023 (PDF)	https://www.congresooaxaca.gob.mx/docs65.congresooaxaca.gob.mx/gaceta/20231122a/21.pdf	T1	2026-09-04	Se trata de la adición del artículo 20 bis a la Ley de Derechos de Niñas, Niños y Adolescentes del Estado de Oaxaca, que prohíbe en todo el	MEDIUM	firecrawl_search (фрагмент обрезан)
B7_hypotheses.md	B7-048	Оахака: запрет продажи chatarra (шоколад, хлеб, кондитерка, газировка) лицам до 18	18	лет	2020-08	закон штата	Мексика (Оахака)	Hartford Courant / AP (исп.)	https://www.courant.com/2020/08/06/un-estado-de-mxico-prohbe-la-venta-de-alimentos-chatarra/	T2	2026-09-04	La modificación prohíbe la venta de productos conocidos como chatarra, entre ellos chocolates, pan, confitería y refrescos, a menores de 18 años	MEDIUM	firecrawl_search
B7_hypotheses.md	B7-049	DOF 30.09.2024: Acuerdo SEP+Salud устанавливает Lineamientos для всех школ Sistema Educativo Nacional	-	-	2024-09-30	федеральный акт	Мексика	Diario Oficial de la Federación	https://www.dof.gob.mx/nota_detalle.php?codigo=5740005&fecha=30/09/2024	T1	2026-09-04	ACUERDO mediante el cual se establecen los Lineamientos generales a los que deberán sujetarse la preparación, la distribución y el expendio de los alimentos y bebidas	HIGH	firecrawl_search (сохранённый вывод)
B7_hypotheses.md	B7-050	Lineamientos запрещают продукты с предупредительными печатями (sellos)	-	-	2024-2025	правило	Мексика	Diario Oficial de la Federación	https://www.dof.gob.mx/nota_detalle.php?codigo=5740005&fecha=30/09/2024	T1	2026-09-04	prohibiendo las que sean acreedoras a sellos de advertencia por el exceso de macronutrientes o a leyendas, de acuerdo con la modificación a la NOM-051	HIGH	firecrawl_search
B7_hypotheses.md	B7-051	Применение Lineamientos обязательно через 180 календарных дней после вступления в силу	180	дней	2025	переходное положение	Мексика	Diario Oficial de la Federación	https://www.dof.gob.mx/nota_detalle.php?codigo=5740005&fecha=30/09/2024	T1	2026-09-04	será obligatoria conforme a lo siguiente: a) En todas las escuelas del tipo básico: en el plazo de 180 días naturales	HIGH	firecrawl_search
B7_hypotheses.md	B7-052	В 2023 Мексика реформировала Ley General de Educación для усиления запрета продаж/рекламы в школах	2023	год	2023	реформа закона	Мексика	PMC11086919	https://pmc.ncbi.nlm.nih.gov/articles/PMC11086919/	T1	2026-09-04	In 2023, Mexico approved a reform to the General Education Law to strengthen the ban of sales and advertising of nonessential energy-dense food and beverages	HIGH	firecrawl_research
B7_hypotheses.md	B7-053	Medicare Part D: не более $35 за месячный запас инсулина с 01.01.2023	35	USD/мес	2023-	ценовой потолок	США	CMS fact sheet	https://www.cms.gov/newsroom/fact-sheets/anniversary-inflation-reduction-act-update-cms-implementation	T1	2026-09-04	Starting January 1, 2023, people enrolled in a Medicare prescription drug plan began paying no more than $35 for a month's supply of each insulin product	HIGH	firecrawl_search
B7_hypotheses.md	B7-054	Medicare Part B (помпы): потолок $35 с 01.07.2023	35	USD/мес	2023-	ценовой потолок	США	CMS fact sheet	https://www.cms.gov/newsroom/fact-sheets/anniversary-inflation-reduction-act-update-cms-implementation	T1	2026-09-04	As of July 1, people with Medicare Part B and Medicare Advantage coverage who get their insulin for use with a traditional pump have their out-of-pocket cost … capped at $35	HIGH	firecrawl_search
B7_hypotheses.md	B7-055	К 2026 г. 29 штатов и DC ввели потолки OOP на инсулин	29 + DC	штатов	2019-2026	законы штатов	США	pmid:42378410	https://pubmed.ncbi.nlm.nih.gov/42378410/	T1	2026-09-04	By 2026, 29 states and Washington, DC, had enacted OOP caps on insulin, covering an estimated 0.99 million individuals	HIGH	firecrawl_research (абстракт)
B7_hypotheses.md	B7-056	Награда health-contingent wellness не должна превышать 30% стоимости покрытия	30	%	в силе	29 CFR 2590.702(f)	США	eCFR 29 CFR 2590.702	https://www.ecfr.gov/current/title-29/subtitle-B/chapter-XXV/subchapter-L/part-2590/subpart-B/section-2590.702	T1	2026-09-04	the reward for the wellness program, $600, does not exceed the applicable percentage of 30 percent of the total annual cost of employee-only coverage	HIGH	firecrawl_search; для табака 50% (45 CFR 146.121)
B7_hypotheses.md	B7-057	Финальное правило 2013 подняло максимум с 20% до 30%	20 -> 30	%	2013	регулирование	США	Final rule, Fed Reg 2013 (pmid:23734399)	https://pubmed.ncbi.nlm.nih.gov/23734399/	T1	2026-09-04	increase the maximum permissible reward under a health-contingent wellness program … from 20 percent to 30 percent of the cost of coverage.	HIGH	firecrawl_research
B7_hypotheses.md	B7-058	Act 1220 (2003) требует ежегодную оценку BMI каждого ученика госшкол Арканзаса	2003	год	2003-	закон штата	США (Арканзас)	ACHI - BMI Measurement in Arkansas Schools	https://achi.net/publications/bmi-measurement-arkansas/	T2	2026-09-04	The Arkansas General Assembly passed Act 1220 of 2003, requiring every public school student to have an annual body mass index (BMI) assessment	HIGH	firecrawl_search; подтверждает T1 pmid:18076417
B7_hypotheses.md	B7-059	Act 1220 требует оценивать BMI и ежегодно сообщать родителям	ежегодно	-	2003-	закон штата	США (Арканзас)	pmid:18076417	https://pubmed.ncbi.nlm.nih.gov/18076417/	T1	2026-09-04	the Act requires each public school student to have his/her body mass index (BMI) assessed and reported annually to parents.	HIGH	firecrawl_research
B7_hypotheses.md	B7-060	Законы о BMI-скрининге приняты в 25 штатах США	25	штатов	2014 (обзор)	законодательство штатов	США	pmid:25440454	https://pubmed.ncbi.nlm.nih.gov/25440454/	T1	2026-09-04	legislation for body mass index (BMI) surveillance and screening programs has passed in 25 states	MEDIUM	firecrawl_research; другой T1 (pmid:23958766) - 21 штат
B7_hypotheses.md	B7-061	Heberprot-P - кубинский препарат rhEGF, снижающий ампутации	-	-	2013	описание	Куба	MEDICC Review (pmid:23396236)	https://pubmed.ncbi.nlm.nih.gov/23396236/	T1	2026-09-04	Heberprot-P is an innovative Cuban product containing recombinant human epidermal growth factor … reduces diabetes-related amputations.	HIGH	firecrawl_research
B7_hypotheses.md	B7-062	С 2001 г. препаратом пролечено >159 000 пациентов в 25 странах	159000 / 25	пациентов / стран	2001-2016	охват	Куба	pmid:30531767	https://pubmed.ncbi.nlm.nih.gov/30531767/	T1	2026-09-04	For 15 years, from 2001 … More than 159,000 patients were treated around the world, from 25 countries	MEDIUM	firecrawl_research (абстракт)
B7_hypotheses.md	B7-063	На Кубе создана программа комплексной помощи при язве диабетической стопы с использованием Heberprot-P	-	-	(год не виден)	нацпрограмма	Куба	Humanidades Médicas (sld.cu)	https://humanidadesmedicas.sld.cu/index.php/hm/article/download/373/346?inline=1	T1	2026-09-04	Se ha establecido un Programa de atención integral al paciente con úlcera del pie diabético que incluye el uso del Heberprot-P.	MEDIUM	firecrawl_search; кубинский рецензируемый журнал
B7_hypotheses.md	B7-064	Дания: закон о налоге на насыщенный жир - Lov nr 247 (2011)	247	№ закона	2011	текст закона	Дания	Retsinformation	https://www.retsinformation.dk/eli/lta/2011/247/pdf	T1	2026-09-04	Lov om afgift af mættet fedt i visse fødevarer (fedtafgiftsloven) … § 1. Der betales afgift til statskassen af vægten af mættet fedt i følgende fødevarer	HIGH	firecrawl_search
B7_hypotheses.md	B7-065	Законопроект об отмене fedtafgiftsloven	-	-	2012	отмена	Дания	Retsinformation	https://www.retsinformation.dk/api/pdf/143968	T1	2026-09-04	Forslag til Lov om ophævelse af fedtafgiftsloven og om ændring af	HIGH	firecrawl_search
B7_hypotheses.md	B7-066	Налог действовал с октября 2011 по январь 2013	2011-10 - 2013-01	период	2011-2013	срок действия	Дания	Bødker et al., Prev Med 2015 (pmid:25982852)	https://pubmed.ncbi.nlm.nih.gov/25982852/	T1	2026-09-04	the Danish fat tax, effective from October 2011 to January 2013	HIGH	firecrawl_research
B7_hypotheses.md	B7-067	Дания - единственная страна с налогом на насыщенный жир	1	страна	2011-2012	уникальность	Дания	Jensen & Smed, Proc Nutr Soc 2018 (pmid:29166954)	https://pubmed.ncbi.nlm.nih.gov/29166954/	T1	2026-09-04	Denmark has been the only country in the world to operate a tax on saturated fat content in foods, from 2011 to 2012.	HIGH	firecrawl_research
B7_hypotheses.md	B7-068	Налог отменён через 15 месяцев	15	месяцев	2011-2013	срок	Дания	Bødker et al., Health Policy 2015 (pmid:25840733)	https://pubmed.ncbi.nlm.nih.gov/25840733/	T1	2026-09-04	In 2011, Denmark introduced the world's first tax on saturated fat, but only 15 months later the fat tax was abolished.	HIGH	firecrawl_research
B7_hypotheses.md	B7-069	ВВП Дании 2023: +1,8%, вклад фарминдустрии 1,8 п.п.	1.8 / 1.8	% / п.п.	2023	реальный ВВП, вклад отрасли	Дания	Danmarks Statistik, Nationalregnskab 4. kvt. 2023	https://www.dst.dk/nytpdf/46520	T1	2026-09-04	I 2023 voksede BNP med 1,8 pct. Her bidrog medicinalindustrien med 1,8 procentpoint af væksten	HIGH	firecrawl_search; фрагмент далее "op på 1,4 procentpoint" - контекст обрезан
B7_hypotheses.md	B7-070	2024: промышленность дала 2,8 п.п. роста ВВП, из них 2,3 п.п. - фарма	2.8 / 2.3	п.п.	2024	вклад в рост ВВП	Дания	Danmarks Statistik, Nationalregnskab (år) 2023-2025	https://www.dst.dk/nytpdf/52231	T1	2026-09-04	Den samlede industri bidrog med 2,8 procentpoint til BNP-væksten i 2024, hvoraf hele 2,3 procentpoint kan tilskrives medicinalindustrien.	HIGH	firecrawl_search
B7_hypotheses.md	B7-071	1 кв. 2025: BVT фармы −15,3%, BVT экономики −1,3%	−15.3 / −1.3	%	2025 Q1 (ревизия)	BVT, сезонно скорр.	Дания	Danmarks Statistik NYT 49805	https://www.dst.dk/nyt/49805	T1	2026-09-04	Medicinalindustriens BVT faldt med 15,3 pct., mens BVT for den samlede økonomi faldt med 1,3 pct. ligesom BNP.	HIGH	firecrawl_search
B7_hypotheses.md	B7-072	Без фармы экономика выросла бы на 0,7% (2024, по DST)	0.7	%	2024	рост без фармы	Дания	CNBC 20.11.2025	https://www.cnbc.com/2025/11/20/weight-loss-drugmaker-novo-nordisk-helps-drive-denmarks-fastest-growth-in-years.html	T2	2026-09-04	The main driver of growth was the pharmaceutical industry, the agency said. Excluding pharma, the economy would have grown by 0.7%.	MEDIUM	firecrawl_search; период во фрагменте не назван явно
B7_hypotheses.md	B7-073	Прогноз правительства 2024: рост ВВП 3,0% (было 1,9%), 2025 - 2,9%	3.0 / 2.9	%	прогноз 2024/2025	ПРОГНОЗ	Дания	Reuters 05.12.2024	https://www.reuters.com/markets/europe/denmark-raises-2025-gdp-outlook-benefits-novo-nordisks-growth-2024-12-05/	T2	2026-09-04	GDP for 2024 is now expected to grow by 3.0%, up from 1.9% seen in August, while the projection for 2025 was raised to 2.9% from 2.2%	MEDIUM	firecrawl_search; прогноз
B7_hypotheses.md	B7-074	Венгрия: закон 2011. évi CIII. о налоге на продукты общественного здоровья	CIII/2011	№ закона	2011- (в силе)	текст закона	Венгрия	Nemzeti Jogszabálytár	https://njt.hu/jogszabaly/2011-103-00-00	T1	2026-09-04	2011. évi CIII. törvény a népegészségügyi termékadóról	HIGH	firecrawl_search
B7_hypotheses.md	B7-075	Первоначальные ставки: энергетики 250 Ft/л, сладкие фасованные 100 Ft/кг, солёные снеки 200 Ft/кг	250 / 100 / 200	Ft/л, Ft/кг	2011 (ред. .1)	ставка налога	Венгрия	Nemzeti Jogszabálytár (ред. .1)	https://njt.hu/jogszabaly/2011-103-00-00.1	T1	2026-09-04	b) energiaital esetében 250 forint/liter, c) előrecsomagolt cukrozott készítmény esetében 100 forint/kilogramm, d) sós snack esetében 200 forint/kilogramm	HIGH	firecrawl_search
B7_hypotheses.md	B7-076	Налог охватывает также приправы, ароматизированное пиво/алкогольные напитки и джемы	250 / 20 / 500	Ft/кг, Ft/л, Ft/кг	ред. .5	категории	Венгрия	Nemzeti Jogszabálytár (ред. .5)	https://njt.hu/jogszabaly/2011-103-00-00.5	T1	2026-09-04	e) ételízesítő esetében 250 forint/kilogramm, f) ízesített sör és alkoholos frissítő esetében 20 forint/liter, g) gyümölcsíz esetén 500 forint/kilogramm	HIGH	firecrawl_search
B7_hypotheses.md	B7-077	Действующая редакция (.13): сладкие 160 Ft/кг, снеки 300 Ft/кг, приправы 300, джем 600	160 / 300 / 300 / 600	Ft/кг	ред. .13	ставка налога	Венгрия	Nemzeti Jogszabálytár (ред. .13)	https://njt.hu/jogszabaly/2011-103-00-00.13	T1	2026-09-04	előrecsomagolt cukrozott készítmény esetében 160 forint/kilogramm, d) sós snack esetében 300 forint/ … e) ételízesítő esetében 300 forint/kilogramm … g) gyümölcsíz esetén 600 forint/kilogramm	HIGH	firecrawl_search
B7_hypotheses.md	B7-078	Налог введён в сентябре 2011	2011-09	дата	2011	внедрение	Венгрия	Csákvári et al., CEJPH 2023 (pmid:37086420)	https://pubmed.ncbi.nlm.nih.gov/37086420/	T1	2026-09-04	Hungary's public health product tax (PHPT) since its implementation in September 2011	HIGH	firecrawl_research
B7_hypotheses.md	B7-079	PBS: два GLP-1 включены только для лечения T2DM	2	препарата	текущее	PBS-листинг	Австралия	PBS - PBAC advice on equitable access to GLP-1 obesity treatments	https://www.pbs.gov.au/info/reviews/PBAC-advice-equitable-access-to-GLP-1-obesity-treatments	T1	2026-09-04	Two GLP-1s are listed on the PBS for the treatment of type 2 diabetes, semaglutide (Ozempic®) and dulaglutide (Trulicity®).	HIGH	firecrawl_search
B7_hypotheses.md	B7-080	GLP-1 не субсидируются PBS для снижения веса	0	субсидируемых	текущее	PBS	Австралия	PBS consumer input summary (PDF)	https://www.pbs.gov.au/reviews/obesity-treatments-files/OBESITY-Consumer-input-summary.PDF	T1	2026-09-04	Currently, GLP-1s are not subsidised through the PBS for the purpose of losing weight. People who want to use GLP-1s to lose weight must pay	HIGH	firecrawl_search
B7_hypotheses.md	B7-081	PBAC дал рекомендации по доступу на заседании ноябрь 2025; листинг - условно ("if listed")	-	-	2025-11 / 2026-03	статус	Австралия	PBS - PBAC advice (PDF)	https://www.pbs.gov.au/reviews/obesity-treatments-files/PBAC-advice-on-GLP1.PDF	T1	2026-09-04	The PBAC advised that, if listed, a slow and managed roll-out of access to PBS-subsidised GLP-1 treatments	HIGH	firecrawl_search
B7_hypotheses.md	B7-082	TGA: изменения применяются ко всем GLP-1 RA, приготовленным compounding с 01.10.2024	2024-10-01	дата	2024	регулирование compounding	Австралия	TGA media release	https://www.tga.gov.au/news/media-releases/update-glucagon-peptide-1-receptor-agonists-glp-1-ras-pharmacy-compounding-changes	T1	2026-09-04	These amendments will apply to all medicines containing GLP-1 RA analogues, regardless of dosage form, compounded on or after 1 October 2024.	HIGH	firecrawl_search
B7_hypotheses.md	B7-083	NICE TA875: семаглутид - максимум 2 года в специализированной службе	2	года	в силе	условие рекомендации	Великобритания	NICE TA875, 1.1	https://www.nice.org.uk/guidance/ta875/chapter/1-Recommendations	T1	2026-09-04	it is used for a maximum of 2 years, and within a specialist weight management service providing multidisciplinary management of overweight or obesity	HIGH	firecrawl_search
B7_hypotheses.md	B7-084	SGB V §34(1): исключены препараты для похудения/подавления аппетита/регулирования веса	-	-	в силе	законодательное исключение	Германия	Gesetze im Internet, §34 SGB V	https://www.gesetze-im-internet.de/sgb_5/__34.html	T1	2026-09-04	Ausgeschlossen sind insbesondere Arzneimittel, die überwiegend … zur Abmagerung oder zur Zügelung des Appetits, zur Regulierung des Körpergewichts … dienen.	HIGH	firecrawl_search
B7_hypotheses.md	B7-085	В Германии препараты против ожирения не покрываются даже частично общей страховкой	0	покрытие	2023	описание	Германия	pmid:37185039	https://pubmed.ncbi.nlm.nih.gov/37185039/	T1	2026-09-04	Although effective and safe anti-obesity drugs are currently available, it is not even partially covered by general health insurance.	MEDIUM	firecrawl_research
B7_hypotheses.md	B7-086	ЕС Annex III: для группы 2 при гипогликемической терапии - нет тяжёлых эпизодов за 12 месяцев	12	месяцев	в силе (консолид. 2020)	Directive 2006/126/EC Annex III	ЕС	EUR-Lex 02006L0126-20201101	https://eur-lex.europa.eu/legal-content/EN/TXT/HTML/?uri=CELEX:02006L0126-20201101	T1	2026-09-04	hypoglycaemia (that is, with insulin, and some tablets), the following criteria should apply: — no severe hypoglycaemic events have occurred in the previous 12 months	HIGH	firecrawl_search
B7_hypotheses.md	B7-087	2009/113/EC: лицензии не выдаются при рецидивирующей тяжёлой гипогликемии / нарушенном распознавании	-	-	2009	Directive 2009/113/EC	ЕС	EUR-Lex OJ L 223/31	https://eur-lex.europa.eu/LexUriServ/LexUriServ.do?uri=OJ:L:2009:223:0031:0035:EN:PDF	T1	2026-09-04	Driving licences shall not be issued to, nor renewed for, applicants or drivers who have recurrent severe hypoglycaemia or/and impaired	HIGH	firecrawl_search
B7_hypotheses.md	B7-088	DVLA Group 2 (инсулин): полное распознавание гипогликемии, 0 тяжёлых эпизодов за 12 мес., глюкометр с памятью 4 недели	0 / 12 / 4	эпизодов / мес / недель	в силе	стандарт DVLA	Великобритания	GOV.UK Diabetes mellitus: assessing fitness to drive	https://www.gov.uk/guidance/diabetes-mellitus-assessing-fitness-to-drive	T1	2026-09-04	full awareness of hypoglycaemia … no episode of severe hypoglycaemia in the preceding 12 months … must use a glucose meter with sufficient memory to store 4 weeks	HIGH	firecrawl_search
B7_hypotheses.md	B7-089	DVLA Group 2: ежегодный осмотр независимым консультантом-диабетологом	12	месяцев	в силе	стандарт DVLA	Великобритания	GOV.UK	https://www.gov.uk/guidance/diabetes-mellitus-assessing-fitness-to-drive	T1	2026-09-04	attend an examination every 12 months by an independent consultant specialist in diabetes	HIGH	firecrawl_search
B7_hypotheses.md	B7-090	FMCSA 2018: лица с ITDM могут быть квалифицированы для CMV без индивидуального exemption	2018-09-19	дата	2018	финальное правило	США	Federal Register 83 FR 47486	https://www.federalregister.gov/documents/2018/09/19/2018-20161/qualifications-of-drivers-diabetes-standard	T1	2026-09-04	FMCSA revises its regulations to permit individuals with a stable insulin regimen and properly controlled insulin-treated diabetes mellitus (ITDM) to be qualified to operate commercial motor vehicles	HIGH	firecrawl_search
B7_hypotheses.md	B7-091	FMCSA: после тяжёлого гипогликемического эпизода водитель ITDM не вправе управлять CMV до оценки клиницистом	-	-	в силе	49 CFR 391.46	США	Federal Register 83 FR 47486	https://www.federalregister.gov/documents/2018/09/19/2018-20161/qualifications-of-drivers-diabetes-standard	T1	2026-09-04	who experiences a severe hypoglycemic episode after being certified … is prohibited from operating a commercial motor vehicle, and must report such occurrence	HIGH	firecrawl_search
B7_hypotheses.md	B7-092	FAA допускает special issuance для некоторых пилотов на инсулине; для 1-го/2-го класса нужны данные CGM	-	-	в силе	политика FAA	США	FAA Guide for AMEs - ITDM	https://www.faa.gov/ame_guide/dec_cons/disease_prot/itdm	T1	2026-09-04	For consideration for first- or second-class airman certification, the airman must submit Continuous Glucose Monitoring (CGM) data and ALL the	HIGH	firecrawl_search
B7_hypotheses.md	B7-093	FAA-протокол 2019: 55 SI выдано, 22 отказано (первые годы)	55 / 22	пилотов	2019-	результаты	США	pmid:36050848	https://pubmed.ncbi.nlm.nih.gov/36050848/	T1	2026-09-04	In 2019, the FAA announced a protocol to evaluate pilots with ITDM for special issuance (SI) … 55 received SIs and 22 were denied.	MEDIUM	firecrawl_research (абстракт)
B7_hypotheses.md	B7-094	Austroads: для коммерческих водителей на инсулине - минимум 3 месяца записей глюкозы	3	месяца	в силе	AP-G56	Австралия	Austroads Assessing Fitness to Drive	https://austroads.gov.au/publications/assessing-fitness-to-drive/ap-g56/diabetes-mellitus/medical-standards-for-licensing-2	T1	2026-09-04	For commercial drivers receiving insulin treatment, at least three months of blood glucose monitoring records should be reviewed in assessing fitness to drive.	HIGH	firecrawl_search
B7_hypotheses.md	B7-095	Россия, ПП № 1604 (29.12.2014): перечень противопоказаний - психические расстройства, ПАВ, эпилепсия, ахроматопсия, слепота; диабет не указан	-	-	в силе (ред. 03.08.2019)	перечень противопоказаний	Россия	Гарант (ПП РФ № 1604)	https://www.garant.ru/products/ipo/prime/doc/70736098/	T2	2026-09-04	8. Эпилепсия G40 … 9. Ахроматопсия Н53.51 … 10. Слепота обоих глаз Н54.0	MEDIUM	firecrawl_search; отсутствие диабета - по открытому фрагменту перечня; дубль normativ.kontur.ru
B7_hypotheses.md	B7-096	Австрия: инсулин/СМ/глиниды влекут 5-летнее ограничение срока прав	5	лет	2026	позиция ÖDG	Австрия	PMC13190499 (ÖDG position paper 2026)	https://pmc.ncbi.nlm.nih.gov/articles/PMC13190499/	T1	2026-09-04	Sulfonylureas, glinides and insulin belong to this group and are therefore automatically associated with the requirement of a 5-year limitation of the driver's license.	MEDIUM	firecrawl_research (абстракт)
B7_hypotheses.md	B7-097	ЕС-законодательство исключает водителей на инсулине из грузовиков/автобусов, кроме "very exceptional cases" (до 2009)	-	-	2007 (статья)	описание	ЕС	pmid:18421936	https://pubmed.ncbi.nlm.nih.gov/18421936/	T1	2026-09-04	diabetic patients taking insulin are excluded from driving trucks, heavy goods vehicles, and buses, except for small trucks in "very exceptional cases"	MEDIUM	firecrawl_research; описывает режим до 2009/113
B7_hypotheses.md	B7-098	CJEU C-354/13 Kaltoft: ожирение работника составляет "инвалидность" по Директиве 2000/78 [при условии длительного ограничения]	-	-	2014-12-18	решение суда	ЕС	InfoCuria, Kaltoft	https://infocuria.curia.europa.eu/tabs/redirect/juris/document/document.jsf?docid=160935&doclang=EN	T1	2026-09-04	Directive 2000/78 must be interpreted as meaning that the obesity of a worker constitutes a 'disability' within the meaning of that directive	HIGH	firecrawl_search; условие во фрагменте обрезано
B7_hypotheses.md	B7-099	Решение вынесено Четвёртой палатой 18.12.2014	2014-12-18	дата	2014	решение суда	ЕС	InfoCuria C-354/13	https://infocuria.curia.europa.eu/tabs/redirect/juris/liste.jsf?num=C-354/13	T1	2026-09-04	Judgment of the Court (Fourth Chamber) of 18 December 2014 (request for a preliminary ruling from the Retten i Kolding, Civilretten)	HIGH	firecrawl_search
B7_hypotheses.md	B7-100	Италия: закон об ожирении окончательно одобрен 1 октября 2025 (Atto Senato 1483)	2025-10-01	дата	2025	принятие закона	Италия	Senato della Repubblica	https://www.senato.it/export/ddl/full/59138	T1	2026-09-04	Disposizioni per la prevenzione e la cura dell'obesità … Iter. 1 ottobre 2025: approvato definitivamente.	HIGH	firecrawl_search
B7_hypotheses.md	B7-101	Legge 3 ottobre 2025, n. 149 опубликована в GU n.235 от 9.10.2025	149	№ закона	2025	публикация	Италия	OMCeO Grosseto (PDF текста закона)	https://www.omceogrosseto.it/modulistica-docman/comunicati-fnomceo/842-legge-149-25.html	T2	2026-09-04	LEGGE 3 ottobre 2025, n. 149. Disposizioni per la prevenzione e la cura dell'obesita'. (25G00158). (GU n.235 del 9-10-2025).	MEDIUM	firecrawl_search; gazzettaufficiale.it/normattiva не открылись
B7_hypotheses.md	B7-102	Ожирение юридически признано хронической болезнью в Италии (Lancet D&E)	-	-	2025	заголовок статьи	Италия	pmid:41138743	https://pubmed.ncbi.nlm.nih.gov/41138743/	T1	2026-09-04	Obesity legally recognised as a chronic disease in Italy.	HIGH	firecrawl_research (только заголовок)
B7_hypotheses.md	B7-103	Итальянский парламент - первый, признавший ожирение хронической рецидивирующей болезнью	1-й	-	2025	первенство	Италия	pmid:41491104	https://pubmed.ncbi.nlm.nih.gov/41491104/	T1	2026-09-04	The Italian parliament first to recognize obesity as a chronic and relapsing disease.	MEDIUM	firecrawl_research (заголовок); T2 RaiNews: "la prima al mondo"
B7_hypotheses.md	B7-104	Бундестаг признал ожирение болезнью 3 июля 2020 и инициировал DMP	2020-07-03	дата	2020	резолюция	Германия	pmid:36479649	https://pubmed.ncbi.nlm.nih.gov/36479649/	T1	2026-09-04	On July 3, 2020, the German Bundestag recognised obesity as a disease and initiated the development of a diseases management program (DMP)	MEDIUM	firecrawl_research (абстракт)
B7_hypotheses.md	B7-105	Еврокомиссия классифицировала ожирение как хроническую болезнь (2021)	-	-	2021	заголовок	ЕС	pmid:34087168	https://pubmed.ncbi.nlm.nih.gov/34087168/	T1	2026-09-04	European Commission classifies obesity as a chronic disease.	MEDIUM	firecrawl_research (только заголовок)
B7_hypotheses.md	B7-106	KSA: инициатива "Rashaqa" MoH+MoE - цель снизить ожирение детей на 5% в выбранных школах	5	%	2017-	цель программы	Саудовская Аравия	MOH news 13.02.2017	https://www.moh.gov.sa/en/ministry/mediacenter/news/pages/news-2017-02-13-004.aspx	T1	2026-09-04	the initiative aims to reduce obesity prevalence rates amongst children and adolescents in the Kingdom by 5% in selected schools	HIGH	firecrawl_search
B7_hypotheses.md	B7-107	Rashaka - национальная школьная программа, введена в 2016-2017 уч. году	2016-2017	уч. год	2016-	программа	Саудовская Аравия	PMC11218882	https://pmc.ncbi.nlm.nih.gov/articles/PMC11218882/	T1	2026-09-04	The Rashaka initiative is a Saudi national school-based multicomponent intervention that was introduced in the school year 2016-2017	HIGH	firecrawl_research
B7_hypotheses.md	B7-108	KSA MoH создал National School-Based Screening Program, включая скрининг ожирения	-	-	2019 (данные)	нацпрограмма	Саудовская Аравия	PMC8544408	https://pmc.ncbi.nlm.nih.gov/articles/PMC8544408/	T1	2026-09-04	The Saudi Ministry of Health (MOH) established a National School-Based Screening Program (NSBSP) for health screening of schoolchildren	HIGH	firecrawl_research
B7_hypotheses.md	B7-109	В нацскрининге школ KSA участвовали 1 134 317 детей (1, 4, 7, 10 классы)	1134317	детей	(период статьи)	охват	Саудовская Аравия	PMC10661595	https://pmc.ncbi.nlm.nih.gov/articles/PMC10661595/	T1	2026-09-04	1 134 317 children in first, fourth, seventh, and tenth school grades who participated in the national school screening program	MEDIUM	firecrawl_research
B7_hypotheses.md	B7-110	KSA MoH: центр бариатрии в Араре выполнил 120 sleeve за 3 месяца	120	операций	2021	госбольница MoH	Саудовская Аравия	MOH news 13.04.2021	https://www.moh.gov.sa/en/ministry/mediacenter/news/pages/news-2021-04-13-001.aspx	T1	2026-09-04	120 Gastric Sleeve Surgeries Conducted by Bariatric Surgery Center- Arar in 3 Months	MEDIUM	firecrawl_search; финансирование не сформулировано
B7_hypotheses.md	B7-111	UAE: национальный гайд школьного скрининга 2024 - все ученики 4+ лет, BMI-скрининг школьной медсестрой	4+	лет	2024	нацгайд	ОАЭ	MoHAP National School Health Screening Guideline 2024	https://mohap.gov.ae/en/assets/686b4f1a/national-school-health-screening-guideline-2024-pdf.aspx	T1	2026-09-04	All students in UAE aged 4 years and above. … Body mass index (BMI) screening process for school nurse.	HIGH	firecrawl_search
B7_hypotheses.md	B7-112	UAE: National Programme to Combat Childhood Obesity	-	-	текущее	нацпрограмма	ОАЭ	MoHAP news	https://mohap.gov.ae/en/w/mohap-hosts-two-training-workshops-on-how-to-promote-health-in-schools-manage-childhood-obesity	T1	2026-09-04	supporting students dealing with or at risk of obesity and managing the use of electronic screens, National Programme to Combat Childhood Obesity.	MEDIUM	firecrawl_search
B7_hypotheses.md	B7-113	Qatar MoPH: национальный клинический гайд по бариатрии, опубликован 23.01.2025	2025-01-23	дата	2025	нацгайд	Катар	MoPH National Clinical Guidelines	https://www.moph.gov.qa/_layouts/download.aspx?SourceUrl=/Admin/Lists/ClinicalGuidelinesAttachments/Attachments/226/THE%20MANAGEMENT%20OF%20BARIATRIC%20AND%20SURGERY%20IN%20ADULTS%20NCG%20English.pdf	T1	2026-09-04	METABOLIC AND BARIATRIC SURGERY IN ADULTS Ministry of Public Health P.O. Box: 42 Doha, Qatar Date of Publication: 23rd January 2025	HIGH	firecrawl_search (PDF)
B7_hypotheses.md	B7-114	Qatar 2018: 21,2% школьников с избыточным весом и 21,5% с ожирением	21.2 / 21.5	%	2018	распространённость среди школьников	Катар	MoPH HiAP Policy Framework	https://hiap.moph.gov.qa/EN/Documents/Library/Policy%20Framework.pdf	T1	2026-09-04	In 2018, Qatar's Ministry of Public Health (MoPH) found that 21.2% of students were found to be overweight and an additional 21.5% were obese	MEDIUM	firecrawl_search (PDF)
B7_hypotheses.md	B7-115	Кувейт: создана первая национальная база бариатрических операций	1	база	2020	национальный регистр	Кувейт	PMC7685619	https://pmc.ncbi.nlm.nih.gov/articles/PMC7685619/	T1	2026-09-04	we created the first Kuwait National Bariatric Surgery Database to report on	MEDIUM	firecrawl_research
B7_hypotheses.md	B7-116	Кувейт: регистр собирает данные из семи государственных больниц	7	больниц	текущее	регистр	Кувейт	Dendrite Clinical Systems (news)	https://www.e-dendrite.com/news/state-of-kuwait-ministry-of-health-publishes-3rd-national-bariatric-registry-report	T3	2026-09-04	The Kuwait National Bariatric Registry currently comprises data being submitted from seven public hospitals	LOW	firecrawl_search; вендор
B7_hypotheses.md	B7-117	NZ: публично финансируемая бариатрия для ограниченного числа лиц 18-60 (аналог для оценки уникальности)	18-60	лет	текущее	публичное финансирование	Новая Зеландия	Health New Zealand	https://www.healthnz.govt.nz/health-topics/tests-and-treatments/surgery/bariatric-weight-loss-surgery	T1	2026-09-04	A limited number of people aged between 18 and 60 are eligible for publicly funded weight loss surgery.	HIGH	firecrawl_search
B7_hypotheses.md	B7-118	Египет: в 2018-2019 кампания охватила скринингом 57 млн граждан, пролечено ~4 млн	57 / 4	млн человек	2018-2019	охват скрининга HCV	Египет	pmid:41839719	https://pubmed.ncbi.nlm.nih.gov/41839719/	T1	2026-09-04	In 2018-2019, the "100 Million Healthy Lives" campaign screened 57 million citizens and treated about 4 million	HIGH	firecrawl_research
B7_hypotheses.md	B7-119	Все старше 18 были протестированы, затем расширено на детей 12+; >60 млн тестов 2018-2022	60	млн тестов	2018-2022	охват	Египет	WHO World health statistics 2024 / WHO feature	https://iris.who.int/server/api/core/bitstreams/74b12494-f213-4b5b-9533-18442147e1fb/content	T1	2026-09-04	Through the campaign, everyone over 18 was tested, later expanding to children 12 years and older. Between 2018 and 2022, over 60 million people were tested	HIGH	firecrawl_search (PDF)
B7_hypotheses.md	B7-120	Кампания запущена в 2018, массовый скрининг проведён поэтапно за 9 месяцев	9	месяцев	2018-2019	этапность	Египет	World Bank feature 05.04.2024	https://www.worldbank.org/en/news/feature/2024/04/05/how-egypt-won-its-battle-against-hepatitis-c	T1	2026-09-04	the "100 Million Healthy Lives" campaign was launched in 2018. The nationwide mass screening campaign was phased over 9 months.	HIGH	firecrawl_search
B7_hypotheses.md	B7-121	21 259 093 гражданина прошли скрининг в президентской инициативе по раннему выявлению хронических болезней	21259093	человек	(дата новости не видна)	охват	Египет	SIS (State Information Service)	https://sis.gov.eg/en/media-center/news/health-ministry-over-212-million-citizens-screened-in-chronic-disease-early-detection-initiative/	T1	2026-09-04	The Ministry of Health and Population announced that 21259093 citizens nationwide have been screened as part of the Presidential Initiative for the	MEDIUM	firecrawl_search
B7_hypotheses.md	B7-122	>71,8 млн скринингов школьников начальных классов на недоедание (включая анемию)	71.8	млн скринингов	к 2026-08	охват школьников	Египет	SIS 31.08.2026	https://sis.gov.eg/en/media-center/news/health-minister-100-million-healthy-lives-initiatives-deliver-289-million-services/	T1	2026-09-04	The initiatives subsequently expanded to include more than 71.8 million screenings of primary school students for malnutrition, including anemia	MEDIUM	firecrawl_search
B7_hypotheses.md	B7-123	Инициативы "100 млн здоровых жизней" оказали 289 млн услуг (на 31.08.2026)	289	млн услуг	2018-2026	суммарный охват	Египет	SIS 31.08.2026	https://sis.gov.eg/en/media-center/news/health-minister-100-million-healthy-lives-initiatives-deliver-289-million-services/	T1	2026-09-04	Health Minister: 100 million healthy lives initiatives deliver 289 million services. 31 August, 2026.	MEDIUM	firecrawl_search
B7_hypotheses.md	B7-124	Инициатива нацелена на искоренение вируса C и неинфекционных болезней	-	-	2018-	цель	Египет	UN Network on Migration	https://migrationnetwork.un.org/practice/migrant-access-100-million-healthy-lives	T2	2026-09-04	Egypt has launched 100-Million Healthy Lives Presidential Initiative to eradicate Virus C and non-communicable diseases	MEDIUM	firecrawl_search
B7_hypotheses.md	B7-125	Бразилия: бариатрия в SUS - 76 специализированных больниц, 2010-2014 (аналог для уникальности H16)	76	больниц	2010-2014	публичная система	Бразилия	pmid:27522602	https://pubmed.ncbi.nlm.nih.gov/27522602/	T1	2026-09-04	analyze the production of 76 specialist hospitals for the morbidly obese in Brazil's public healthcare system (SUS) from 2010 to 2014	MEDIUM	firecrawl_research
C1_keywords_diabetes.md	C1-001	Запрос про Рамадан и инсулин на Reddit возвращает многочисленные тематические треды	9 из 10	тредов	даты треда не показаны в выдаче	число результатов firecrawl_search по запросу `site:reddit.com r/diabetes Ramadan fasting insulin`, релевантных диабету+Рамадану	Global (Reddit)	Reddit (r/diabetes)	https://www.reddit.com/r/diabetes/comments/1j0gux2/first_ramadan_with_t1d_need_your_tips_experiences/	T3	2026-09-04	"My doctor said it's okay to fast as long as my blood sugar doesn't drop below 80 mg/dL or go above 300 mg/dL"	LOW	firecrawl_search; кластер 1 подтверждён также HealthUnlocked (см. C1-002) -> MEDIUM для темы в целом
C1_keywords_diabetes.md	C1-002	Тема "диабет и Рамадан" встречается в индийском диабет-сообществе HealthUnlocked	2 из 10	результатов	не показано	число результатов firecrawl_search по запросу `site:healthunlocked.com diabetes Ramadan fasting`, релевантных теме	India	HealthUnlocked (Diabetes India)	https://healthunlocked.com/diabetesindia/posts/1238266/diabetes-and-ramadan-fasting...	T3	2026-09-04	"The Ramadan fasting is around the corner. as the fasting is a religious ritual all Muslims will g..." (обрезано в выдаче Firecrawl)	LOW	firecrawl_search; второй независимый источник для кластера 1
C1_keywords_diabetes.md	C1-003	Хранение инсулина без холодильника в жару — активно обсуждаемая тема на Reddit	10 из 10	тредов	не показано	число результатов firecrawl_search по запросу `site:reddit.com insulin storage travel heat without fridge`	Global (Reddit)	Reddit (r/Type1Diabetes)	https://www.reddit.com/r/Type1Diabetes/comments/1mzwidc/how_to_store_insulin_in_hostels_where_we_dont/	T3	2026-09-04	"there are these insulin coolers called „Frio", you just soak them in water and they keep cool via evaporation for about a week"	LOW	firecrawl_search
C1_keywords_diabetes.md	C1-004	Та же тема подтверждена на Quora большим числом независимых вопросов	9 из 10	вопросов	не показано	число результатов firecrawl_search по запросу `site:quora.com keep insulin cool traveling without refrigerator`, релевантных теме	Global (Quora)	Quora	https://www.quora.com/How-do-I-pack-my-insulin-to-keep-it-cold-on-a-plane	T3	2026-09-04	"Insulin does NOT have to be refrigerated - all insulins can be kept at room temperature for up to about a month"	LOW	firecrawl_search; второй независимый источник для кластера 2 -> MEDIUM для темы
C1_keywords_diabetes.md	C1-005	Аллергия/раздражение кожи от CGM-пластыря — частый вопрос на Reddit	10 из 10	тредов	не показано	число результатов firecrawl_search по запросу `site:reddit.com CGM adhesive skin irritation allergy rash`	Global (Reddit)	Reddit (r/diabetes_t1)	https://www.reddit.com/r/diabetes_t1/comments/1g3qxze/anyone_else_allergic_to_cgms_have_you_found_a/	T3	2026-09-04	"opening the applicator and letting it air out for a few hours/overnight has pretty much solved the issue entirely"	LOW	firecrawl_search
C1_keywords_diabetes.md	C1-006	Та же тема подтверждена на форуме DiabetesDaily	10 из 10	тредов	не показано	число результатов firecrawl_search по запросу `site:diabetesdaily.com CGM adhesive skin irritation`	Global (DiabetesDaily forum)	Diabetes Daily Forums	https://www.diabetesdaily.com/forum/threads/allergic-skin-reaction-to-libre3-sensor-how-are-you-managing-this.144183/	T3	2026-09-04	"Skin irritation similar to adhesive tape reaction....red, itchy. try putting on a thin Nitrile glove"	LOW	firecrawl_search; второй независимый источник для кластера 3 -> MEDIUM
C1_keywords_diabetes.md	C1-007	Формула конвертации A1C в eAG обсуждается на Reddit, включая отдельный тематический сабреддит	10 из 10	тредов	не показано	число результатов firecrawl_search по запросу `site:reddit.com A1C to average glucose conversion eAG`	Global (Reddit)	Reddit (r/Diabetes_A1c)	https://www.reddit.com/r/Diabetes_A1c/comments/1eg684g/a1c_calculator/	T3	2026-09-04	"EAG (mg/dL) = HbA1c (%) × 28.7 - 46.7"	LOW	firecrawl_search; существование отдельного сабреддита — доп. сигнал устойчивого спроса
C1_keywords_diabetes.md	C1-008	Та же формула/вопрос массово встречается на Quora	10 из 10	вопросов	не показано	число результатов firecrawl_search по запросу `site:quora.com A1C average blood glucose conversion calculator`	Global (Quora)	Quora	https://www.quora.com/Can-you-calculate-a1c-from-average-blood-sugar	T3	2026-09-04	"The relationship between A1C and the eAG is obtained by the formula 28.7 X A1C - 46.7= the average blood glucose"	LOW	firecrawl_search; второй независимый источник для кластера 4 -> MEDIUM
C1_keywords_diabetes.md	C1-009	Диабетические носки vs нейропатия — тема на Reddit	10 из 10	тредов	не показано	число результатов firecrawl_search по запросу `site:reddit.com diabetic socks neuropathy feet swelling`	Global (Reddit)	Reddit (r/diabetes)	https://www.reddit.com/r/diabetes/comments/1vy36mw/are_diabetic_socks_ready_worth_it_for_neuropathy/	T3	2026-09-04	"Diabetic foot problems like neuropathy tend to be caused by inadequate blood flow to the feet"	LOW	firecrawl_search
C1_keywords_diabetes.md	C1-010	Та же тема подтверждена на форуме DiabetesDaily	10 из 10	тредов	не показано	число результатов firecrawl_search по запросу `site:diabetesdaily.com diabetic socks shoes recommendations`	Global (DiabetesDaily forum)	Diabetes Daily Forums	https://www.diabetesdaily.com/forum/threads/socks-recommendations.141665/	T3	2026-09-04	"I really like Doctor's Choice Diabetic socks from Amazon... be sure to get 100% cotton"	LOW	firecrawl_search; второй независимый источник для кластера 5 -> MEDIUM
C1_keywords_diabetes.md	C1-011	Десерты без сахара/тяга к сладкому при диабете — тема на Reddit, включая сабреддит про гестационный диабет	10 из 10	тредов	не показано	число результатов firecrawl_search по запросу `site:reddit.com diabetes sugar free dessert recipe craving`	Global (Reddit)	Reddit (r/GestationalDiabetes)	https://www.reddit.com/r/GestationalDiabetes/comments/1lflknq/snacks_that_satisfy_that_dessert_craving/	T3	2026-09-04	"Sugar free jello pudding, Yasso bars, Skinny Dipped peanut butter cups... have been able to work for me"	LOW	firecrawl_search
C1_keywords_diabetes.md	C1-012	Та же тема подтверждена на Quora	10 из 10	вопросов	не показано	число результатов firecrawl_search по запросу `site:quora.com diabetic dessert sugar free recipe`	Global (Quora)	Quora	https://www.quora.com/How-do-you-make-a-sugar-free-keto-cheesecake	T3	2026-09-04	"you need to use Stevia or Erythritol (sugar substitute) instead of sugar. The base is made from almond flour"	LOW	firecrawl_search; второй независимый источник для кластера 6 -> MEDIUM
C1_keywords_diabetes.md	C1-013	PCOS и инсулинорезистентность/метформин — активная тема на Reddit в нескольких сабреддитах	10 из 10	тредов	не показано	число результатов firecrawl_search по запросу `site:reddit.com PCOS insulin resistance metformin diagnosis`	Global (Reddit)	Reddit (r/PCOS)	https://www.reddit.com/r/PCOS/comments/1qrrg00/metformin_made_me_realize_how_much_pcos_actually/	T3	2026-09-04	"I started with 500mg/day for a month then increased to 1,000mg/day after it was confirmed that I have insulin resistance"	LOW	firecrawl_search
C1_keywords_diabetes.md	C1-014	Та же тема подтверждена на HealthUnlocked, включая отдельное сообщество PCOS UK (Verity)	10 из 10	результатов	не показано	число результатов firecrawl_search по запросу `site:healthunlocked.com PCOS insulin resistance`	UK (HealthUnlocked / Verity PCOS UK)	HealthUnlocked	https://healthunlocked.com/verity-pcos/posts/149262180/pcos-insulin-resistance-weight-loss	T3	2026-09-04	"The 'feeling hungry' because of the Insulin resistance but scared to eat because of the pain it causes"	LOW	firecrawl_search; второй независимый источник для кластера 7 -> MEDIUM
C1_keywords_diabetes.md	C1-015	Dawn phenomenon — регулярно повторяющийся вопрос на Reddit в нескольких сабреддитах	10 из 10	тредов	не показано	число результатов firecrawl_search по запросу `site:reddit.com dawn phenomenon high morning blood sugar fasting`	Global (Reddit)	Reddit (r/diabetes_t2)	https://www.reddit.com/r/diabetes_t2/comments/1bxq1wk/is_the_dawn_phenomena_really_something_negative/	T3	2026-09-04	"this seems to be seen as a negative thing because it causes our fasting blood sugar level to be higher in the morning"	LOW	firecrawl_search
C1_keywords_diabetes.md	C1-016	Та же тема подтверждена на форуме и в статьях DiabetesDaily	10 из 10	результатов	не показано	число результатов firecrawl_search по запросу `site:diabetesdaily.com dawn phenomenon morning high blood sugar`	Global (DiabetesDaily)	Diabetes Daily Forums / Everyday Health	https://www.diabetesdaily.com/forum/threads/dawn-phenomenon-runs-late.92055/	T3	2026-09-04	"the liver releases glucose in the pre-dawn hours. It happens naturally to everyone-- diabetic or not"	LOW	firecrawl_search; второй независимый источник для кластера 8 -> MEDIUM
C1_keywords_diabetes.md	C1-017	Ночная гипогликемия и страх "не проснуться" — частая тема на Reddit в нескольких сабреддитах	10 из 10	тредов	не показано	число результатов firecrawl_search по запросу `site:reddit.com nocturnal hypoglycemia scared sleep low blood sugar`	Global (Reddit)	Reddit (r/Hypoglycemia)	https://www.reddit.com/r/Hypoglycemia/comments/1ha15p2/whats_going_on_im_literally_so_scared_of/	T3	2026-09-04	"I've now started experiencing Noctural hypoglycemic crashes which are WAY worse than the normal daytime ones"	LOW	firecrawl_search
C1_keywords_diabetes.md	C1-018	Та же тема, включая упоминание "dead in bed syndrome", подтверждена на форуме DiabetesDaily	7 из 10	результатов	не показано	число результатов firecrawl_search по запросу `site:diabetesdaily.com nocturnal hypoglycemia night lows sleep scared`, релевантных теме	Global (DiabetesDaily forum)	Diabetes Daily Forums	https://www.diabetesdaily.com/forum/threads/the-verdict-on-t1-hypos-by-my-endo-a-bit-disturbing.79606/	T3	2026-09-04	"She said dead in bed syndrome is real. One can indeed not wake up from a [severe low]"	LOW	firecrawl_search; второй независимый источник для кластера 9 -> MEDIUM
C1_keywords_diabetes.md	C1-019	TSA и досмотр с помпой/CGM — активно обсуждаемая тема на Reddit, включая r/tsa	10 из 10	тредов	не показано	число результатов firecrawl_search по запросу `site:reddit.com TSA insulin pump airport security screening`	US (Reddit)	Reddit (r/diabetes_t1)	https://www.reddit.com/r/diabetes_t1/comments/1hkkryd/psa_if_you_wear_an_insulin_pump_and_fly_in_the_us/	T3	2026-09-04	"All you have to say is 'this needs a hand check.' That's it 95% of the time"	LOW	firecrawl_search
C1_keywords_diabetes.md	C1-020	Та же тема подтверждена на форуме DiabetesDaily	9 из 10	тредов	не показано	число результатов firecrawl_search по запросу `site:diabetesdaily.com airport security insulin pump TSA`, релевантных теме	US (DiabetesDaily forum)	Diabetes Daily Forums	https://www.diabetesdaily.com/forum/threads/airport-security-and-780g.153883/	T3	2026-09-04	"Medtronic recommends not putting any insulin pump (regardless of pump series) through airport x-ray machines"	LOW	firecrawl_search; второй независимый источник для кластера 10 -> MEDIUM
C1_keywords_diabetes.md	C1-021	DIY looping (OpenAPS/AndroidAPS/Loop) обсуждается на Reddit, включая отдельный тематический сабреддит r/AndroidAPS	10 из 10	результатов	не показано	число результатов firecrawl_search по запросу `site:reddit.com DIY looping AndroidAPS Loop open source pancreas`	Global (Reddit)	Reddit (r/diabetes)	https://www.reddit.com/r/diabetes/comments/bmzouy/doityourself_artificial_pancreas_systems_what/	T3	2026-09-04	"Sadly there are currently no plans to bring Loop to Android. OpenSource version of Loop"	LOW	firecrawl_search
C1_keywords_diabetes.md	C1-022	Та же тема встречается на форуме DiabetesDaily (слабее, 3 релевантных результата)	3 из 10	результатов	не показано	число результатов firecrawl_search по запросу `site:diabetesdaily.com DIY looping OpenAPS Loop closed loop`, релевантных теме	Global (DiabetesDaily forum)	Diabetes Daily Forums	https://www.diabetesdaily.com/forum/threads/why-dont-we-have-a-better-solution-yet.125708/	T3	2026-09-04	"In the last month I've procured a compatible pump and started 'looping' myself"	LOW	firecrawl_search; второй независимый источник для кластера 11 -> MEDIUM (слабее обычного)
C1_keywords_diabetes.md	C1-023	Сравнение Libre 3 и Dexcom G7 — массовая тема на Reddit в нескольких сабреддитах	10 из 10	тредов	не показано	число результатов firecrawl_search по запросу `site:reddit.com Libre 3 vs Dexcom G7 accuracy comparison`	Global (Reddit)	Reddit (r/dexcom)	https://www.reddit.com/r/dexcom/comments/1adljjb/dexcom_g7_vs_libre_3/	T3	2026-09-04	"study's show the Libre 3 is more accurate. the G7 is far superior... it's maximum 10 and sometimes it's less than 5 mg/dl"	LOW	firecrawl_search
C1_keywords_diabetes.md	C1-024	Та же тема подтверждена на форуме DiabetesDaily, включая упоминание сторонних MARD-тестов	10 из 10	тредов	не показано	число результатов firecrawl_search по запросу `site:diabetesdaily.com Libre 3 Dexcom G7 compare which better`	Global (DiabetesDaily forum)	Diabetes Daily Forums	https://www.diabetesdaily.com/forum/threads/3rd-part-testing-of-cgms-and-glucometers.153526/	T3	2026-09-04	"significantly lower MARD with the FreeStyle Libre 3 sensor vs the Dexcom G7 sensor (8.9% vs 13.6%, respectively, P < .0001)"	LOW	firecrawl_search; цифра MARD — из пересказа пользователя стороннего исследования, НЕ проверена в этой сессии по первичному источнику; второй независимый источник для кластера 12 -> MEDIUM
C1_keywords_diabetes.md	C1-025	"Diabetes burnout" — регулярная тема на Reddit в нескольких сабреддитах	10 из 10	тредов	не показано	число результатов firecrawl_search по запросу `site:reddit.com diabetes burnout tired of managing exhausted`	Global (Reddit)	Reddit (r/diabetes_t1)	https://www.reddit.com/r/diabetes_t1/comments/10qtt6o/how_to_deal_with_diabetes_burnout/	T3	2026-09-04	"I've found the solution to diabetes burnout (for me), is the same as effective BS management"	LOW	firecrawl_search
C1_keywords_diabetes.md	C1-026	Тема институционально признана НКО Beyond Type 1 (профильная НКО, T2 по определениям)	10 из 10	результатов	не показано	число результатов firecrawl_search по запросу `site:beyondtype1.org diabetes burnout mental health`	Global (Beyond Type 1)	Beyond Type 1	https://beyondtype1.org/diabetes-burnout/	T2	2026-09-04	"experiencing prolonged or frequent burnout may indicate that a person with diabetes is depressed"	MEDIUM	firecrawl_search; T2-источник (профильная НКО) подтверждает кластер 13 на уровне организации, не только пользователей
C1_keywords_diabetes.md	C1-027	"Compression low(s)" — специфичный жаргонный термин, устойчиво встречается на Reddit	10 из 10	тредов	не показано	число результатов firecrawl_search по запросу `site:reddit.com "compression low" CGM sleeping on sensor`	Global (Reddit)	Reddit (r/dexcom)	https://www.reddit.com/r/dexcom/comments/1cevt84/why_does_no_one_warn_about_compression_lows/	T3	2026-09-04	"the likelihood of a compression low are drastically increased when on your arm because of sleeping on your back"	LOW	firecrawl_search
C1_keywords_diabetes.md	C1-028	Тот же термин используется на форуме DiabetesDaily тем же самым образом	10 из 10	тредов	не показано	число результатов firecrawl_search по запросу `site:diabetesdaily.com compression low CGM sleeping`	Global (DiabetesDaily forum)	Diabetes Daily Forums	https://www.diabetesdaily.com/forum/threads/sleeping-on-your-libre-sensor-can-give-a-false-reading.140874/	T3	2026-09-04	"It's commonly called a 'compression low', and it's fairly common"	LOW	firecrawl_search; второй независимый источник для кластера 14 -> MEDIUM
C1_keywords_diabetes.md	C1-029	Ozempic/GLP-1 у людей с T1D off-label — активная дискуссия на Reddit	10 из 10	тредов	не показано	число результатов firecrawl_search по запросу `site:reddit.com Ozempic type 1 diabetes off label GLP-1`	Global (Reddit)	Reddit (r/diabetes_t1)	https://www.reddit.com/r/diabetes_t1/comments/1r6s14u/type_1s_cant_get_glp1s/	T3	2026-09-04	"it's being widely used off label for t1 with seemingly a great effect [but] none of the glp-1 medications are FDA approved"	LOW	firecrawl_search
C1_keywords_diabetes.md	C1-030	Тема уже освещена редакционно на DiabetesDaily/Everyday Health	10 из 10	результатов	не показано	число результатов firecrawl_search по запросу `site:diabetesdaily.com Ozempic type 1 diabetes GLP-1 off label`	Global (DiabetesDaily/Everyday Health)	Diabetes Daily / Everyday Health	https://www.diabetesdaily.com/blog/why-we-take-ozempic-for-type-1-diabetes-730785/	T2	2026-09-04	"GLP-1 drugs like Ozempic and Mounjaro have significant health benefits for type 1 diabetes, including weight loss, despite associated risks"	MEDIUM	firecrawl_search; DiabetesDaily/Everyday Health — крупное медиа, T2 по определениям (если рассматривать как "крупные медиа со ссылкой на T1"; здесь это редакционная статья, не user-контент)
C1_keywords_diabetes.md	C1-031	Алкоголь снижает сахар у диабетиков на инсулине — устойчивая тема на Reddit в нескольких сабреддитах	10 из 10	тредов	не показано	число результатов firecrawl_search по запросу `site:reddit.com diabetes alcohol drinking blood sugar drop low`	Global (Reddit)	Reddit (r/diabetes_t2)	https://www.reddit.com/r/diabetes_t2/comments/13pvo6d/blood_glucose_drops_after_drinking_alcohol/	T3	2026-09-04	"Your liver prioritizes processing alcohol over dealing with sugar, so it causes your sugars to be lower"	LOW	firecrawl_search
C1_keywords_diabetes.md	C1-032	Та же тема подтверждена статьями и форумом DiabetesDaily	10 из 10	результатов	не показано	число результатов firecrawl_search по запросу `site:diabetesdaily.com alcohol drinking blood sugar low insulin`	Global (DiabetesDaily)	Diabetes Daily Forums / Everyday Health	https://www.diabetesdaily.com/forum/threads/alcohol-and-diabetes.83731/	T3	2026-09-04	"insulin need is lower the next day after drinking. If you get drunk, expect your body to almost not need insulin at all"	LOW	firecrawl_search; второй независимый источник для кластера 16 -> MEDIUM
C1_keywords_diabetes.md	C1-033	Испаноязычный пост "diabetes gestacional y antojos" существует как органический (не автоперевод) контент на Reddit	1 из 10	результатов (остальные 9 — автоперевод Reddit UI)	не показано	число результатов firecrawl_search по запросу `site:reddit.com diabetes gestacional antojos dulce embarazo` БЕЗ параметра `?tl=` в URL (органический испаноязычный контент)	Global (Reddit, испаноязычные пользователи)	Reddit (r/GestationalDiabetes)	https://www.reddit.com/r/GestationalDiabetes/comments/1u4c5w1/diabetes_gestacional_y_antojos/	T3	2026-09-04	"Y este embarazo me trae loca con los dulces... simplemente quiero un chocolate real a toda costa"	LOW	firecrawl_search; методологическое примечание — 9 остальных результатов исключены как автоперевод
C1_keywords_diabetes.md	C1-034	Испаноязычный спрос на десерты для диабетиков подтверждён на es.quora.com	10 из 10	вопросов	не показано	число результатов firecrawl_search по запросу `site:es.quora.com diabetes gestacional antojos dulce`	Global (es.quora.com)	Quora (испанский домен)	https://es.quora.com/Qu%C3%A9-tipo-de-postres-puede-comer-un-diab%C3%A9tico	T3	2026-09-04	"Que los diabéticos no puedan comer dulces es un mito. Los diabéticos pueden comer de todo, pero tienen que controlar lo que comen"	LOW	firecrawl_search; второй независимый источник для кластера 17 -> MEDIUM
C1_keywords_diabetes.md	C1-035	Тату и размещение CGM-сенсора — тема на Reddit в нескольких сабреддитах	10 из 10	тредов	не показано	число результатов firecrawl_search по запросу `site:reddit.com diabetes tattoo CGM sensor placement`	Global (Reddit)	Reddit (r/Type1Diabetes)	https://www.reddit.com/r/Type1Diabetes/comments/1fturxr/cgm_on_a_tattooed_area/	T3	2026-09-04	"Sensor placement is important. Choose a site: At least 3 inches from insulin pump infusion set or injection site"	LOW	firecrawl_search
C1_keywords_diabetes.md	C1-036	Слабое подтверждение той же темы на форуме DiabetesDaily (1 результат)	1 из 1	результат	не показано	число результатов firecrawl_search по запросу `site:diabetesdaily.com tattoo sensor CGM placement`	Global (DiabetesDaily forum)	Diabetes Daily Forums	https://www.diabetesdaily.com/forum/threads/gcm-glunovo-flash.145986/	T3	2026-09-04	"placement on tattoos or hairy body parts should be avoided. The manual later clearly shows the intended locations"	LOW	firecrawl_search; второй источник для кластера 18 крайне слабый (1 результат) — кластер пограничный
C1_keywords_diabetes.md	C1-037	DVLA и вождение при диабете — тема на Reddit, включая r/drivingUK	10 из 10	тредов	не показано	число результатов firecrawl_search по запросу `site:reddit.com diabetes driving license DVLA hypo behind wheel`	UK (Reddit)	Reddit (r/diabetes_t1)	https://www.reddit.com/r/diabetes_t1/comments/vp39p4/the_dvla_need_to_start_asking_relevant_questions/	T3	2026-09-04	"Although the DVLA rules say that the minimum level that is normally safe to drive is 5.0"	LOW	firecrawl_search
C1_keywords_diabetes.md	C1-038	Слабое подтверждение той же темы на HealthUnlocked (1 релевантный результат)	1 из 2	результатов	не показано	число результатов firecrawl_search по запросу `site:healthunlocked.com DVLA diabetes driving licence hypo`, релевантных теме	UK (HealthUnlocked)	HealthUnlocked (British Heart Foundation community)	https://healthunlocked.com/bhf/posts/139245426/trucker	T3	2026-09-04	"let me drive class 1 with type1 diabetes, knowing there was a possibility of me having a hypo. The DVLA follow a rule book"	LOW	firecrawl_search; второй источник для кластера 19 слабый (1 результат, не диабет-специфичное сообщество) — кластер пограничный
C1_keywords_diabetes.md	C1-039	"Honeymoon phase" при T1D — массовая тема на Reddit в нескольких сабреддитах	10 из 10	тредов	не показано	число результатов firecrawl_search по запросу `site:reddit.com "honeymoon phase" type 1 diabetes ending`	Global (Reddit)	Reddit (r/diabetes_t1)	https://www.reddit.com/r/diabetes_t1/comments/1ea9jyg/how_long_does_the_honeymoon_phase_last/	T3	2026-09-04	"My honeymoon phase lasted ~6 years. Everyone is different, especially those diagnosed as adults"	LOW	firecrawl_search
C1_keywords_diabetes.md	C1-040	Та же тема подтверждена форумом и редакционной статьёй DiabetesDaily	10 из 10	результатов	не показано	число результатов firecrawl_search по запросу `site:diabetesdaily.com "honeymoon phase" type 1 diabetes`	Global (DiabetesDaily)	Diabetes Daily Forums / Everyday Health	https://www.diabetesdaily.com/forum/threads/type-1-diabetes-honeymoon-or-possible-remission.86644/	T3	2026-09-04	"I was diagnosed 2.5 months ago and I'm still in the honeymoon phase myself... completely off insulin"	LOW	firecrawl_search; второй независимый источник для кластера 20 -> MEDIUM
C2_keywords_obesity_glp1.md	C2-001	Повторный запрос по теме "food noise" на r/Ozempic вернул 20 результатов, включая исходно заявленные треды	20	результатов в data.web (limit 20)	снимок 2026-09-04	число записей по запросу в firecrawl_search	США (Reddit, англ.)	Reddit r/Ozempic	https://www.reddit.com/r/Ozempic/comments/18wd9qc/food_noise_is_back/	T3	2026-09-04	"Food noise is back"	HIGH	firecrawl_search; запрос `site:reddit.com r/Ozempic "food noise"`
C2_keywords_obesity_glp1.md	C2-002	Тред r/Ozempic формулирует вопрос о продолжительности исчезновения "food noise"	-	-	-	-	США	Reddit r/Ozempic	https://www.reddit.com/r/Ozempic/comments/1um8b7y/how_long_did_it_take_for_the_food_noise_to_go_away/	T3	2026-09-04	"How long did it take for the food noise to go away?"	HIGH	firecrawl_search
C2_keywords_obesity_glp1.md	C2-003	Повторный запрос "sulfur burps" на r/Zepbound вернул 20 результатов, все r/Zepbound	20	результатов в data.web (limit 20)	снимок 2026-09-04	число записей по запросу	США	Reddit r/Zepbound	https://www.reddit.com/r/Zepbound/comments/1se8g7y/cracked_the_code_on_my_sulfur_burps/	T3	2026-09-04	"Cracked the code on my sulfur burps"	HIGH	firecrawl_search; запрос `site:reddit.com r/Zepbound "sulfur burps"`
C2_keywords_obesity_glp1.md	C2-004	Тред r/Zepbound спрашивает, означают ли серные отрыжки, что препарат работает	-	-	-	-	США	Reddit r/Zepbound	https://www.reddit.com/r/Zepbound/comments/1gf9wko/do_the_sulfur_burps_mean_its_working/	T3	2026-09-04	"Do the sulfur burps mean it's working?"	HIGH	firecrawl_search
C2_keywords_obesity_glp1.md	C2-005	Повторный запрос о пропущенной дозе Mounjaro вернул 20 результатов	20	результатов в data.web (limit 20)	снимок 2026-09-04	число записей по запросу	США	Reddit r/Mounjaro	https://www.reddit.com/r/Mounjaro/comments/1ov1yfo/missed_dose_13_days_without_mounjaro_worried/	T3	2026-09-04	"Missed dose, 13 days without Mounjaro, worried about restarting"	HIGH	firecrawl_search; запрос `site:reddit.com r/Mounjaro "missed dose" OR "late dose" OR "forgot my shot"`
C2_keywords_obesity_glp1.md	C2-006	Тред r/Mounjaro спрашивает об опасности приёма дозы с опозданием в 4 дня	-	-	-	-	США	Reddit r/Mounjaro	https://www.reddit.com/r/Mounjaro/comments/1nv7xce/is_it_dangerous_to_take_10mg_4_days_late/	T3	2026-09-04	"Is it dangerous to take 10mg 4 days late?"	HIGH	firecrawl_search
C2_keywords_obesity_glp1.md	C2-007	Повторный запрос о хранении/поездках с пеном на r/Semaglutide и r/Wegovy вернул 20 результатов	20	результатов в data.web (limit 20)	снимок 2026-09-04	число записей по запросу	США	Reddit r/Semaglutide	https://www.reddit.com/r/Semaglutide/comments/18hjflt/traveling_with_my_pen/	T3	2026-09-04	"I bought a insulin cooler travel tube with 2 freezer packs"	HIGH	firecrawl_search; запрос `site:reddit.com r/Semaglutide OR r/Wegovy travel pen "out of the fridge" OR "refrigerate" OR "cooler"`
C2_keywords_obesity_glp1.md	C2-008	Тред r/Semaglutide описывает забытые вне холодильника пены	-	-	-	-	США	Reddit r/Semaglutide	https://www.reddit.com/r/Semaglutide/comments/1qx49y0/forgot_to_refrigerate_pens/	T3	2026-09-04	"Forgot to refrigerate pens!"	HIGH	firecrawl_search
C2_keywords_obesity_glp1.md	C2-009	Повторный запрос "golden dose"/"5th dose" на r/mounjarouk вернул 20 результатов, все r/mounjarouk	20	результатов в data.web (limit 20)	снимок 2026-09-04	число записей по запросу	Великобритания	Reddit r/mounjarouk	https://www.reddit.com/r/mounjarouk/wiki/index/removal-of-5th-dose/	T3	2026-09-04	"For those who have been using the leftover medication ... to administer a '5th dose' this will no longer be possible"	HIGH	firecrawl_search; запрос `site:reddit.com r/mounjarouk "golden dose" OR "5th dose" OR "fifth dose" OR "extra dose" kwikpen`
C2_keywords_obesity_glp1.md	C2-010	Тред r/mounjarouk спрашивает, новый ли это KwikPen без "золотой дозы"	-	-	-	-	Великобритания	Reddit r/mounjarouk	https://www.reddit.com/r/mounjarouk/comments/1uknnjm/is_this_the_new_kwikpen_with_no_golden_dose/	T3	2026-09-04	"Is this the new Kwikpen with no Golden Dose ? :("	HIGH	firecrawl_search
C2_keywords_obesity_glp1.md	C2-011	Повторный запрос "microdosing"/"microdose" на r/Ozempic, r/Zepbound, r/Semaglutide вернул 20 результатов	20	результатов в data.web (limit 20)	снимок 2026-09-04	число записей по запросу	США	Reddit r/Semaglutide	https://www.reddit.com/r/Semaglutide/comments/1i3lo7p/micro_dosing_below_25_any_experience/	T3	2026-09-04	"Micro dosing below .25 - any experience?"	HIGH	firecrawl_search; запрос `site:reddit.com r/Ozempic OR r/Zepbound OR r/Semaglutide "microdosing" OR "microdose"`
C2_keywords_obesity_glp1.md	C2-012	Тред r/Semaglutide обсуждает микродозинг для поддержания веса после достижения цели	-	-	-	-	США	Reddit r/Semaglutide	https://www.reddit.com/r/Semaglutide/comments/1s6w4uj/goal_weight_achieved_but_i_want_to_micro_dose_for/	T3	2026-09-04	"Goal weight achieved but I want to micro dose for maintenance"	HIGH	firecrawl_search
C2_keywords_obesity_glp1.md	C2-013	Повторный запрос "grey market"/"gray market" на r/tirzepatidecompound вернул 20 результатов, состав по подсабам совпал (11/6/3)	20	результатов в data.web (limit 20)	снимок 2026-09-04	число записей по запросу	США	Reddit r/tirzepatidecompound	https://www.reddit.com/r/ProactiveHealth/comments/1svazt4/i_ran_the_math_on_grey_market_tirzepatide_vs/	T3	2026-09-04	"I ran the math on grey market tirzepatide vs LillyDirect"	HIGH	firecrawl_search; запрос `site:reddit.com r/tirzepatidecompound "gray market" OR "grey market"`
C2_keywords_obesity_glp1.md	C2-014	Тред r/GLP1ResearchTalk обсуждает цены на "grey market" тирзепатид	-	-	-	-	США	Reddit r/GLP1ResearchTalk	https://www.reddit.com/r/GLP1ResearchTalk/comments/1v0d9kl/can_i_talk_about_pricing_for_grey_market_tirz/	T3	2026-09-04	"Can I talk about pricing for grey market tirz?"	HIGH	firecrawl_search
C2_keywords_obesity_glp1.md	C2-015	Повторный запрос по дозированию ретатрутида вернул 20 результатов; состав по подсабреддитам скорректирован (исправлено при завершении: 12 r/Retatrutide + 8 смежных, не "16+4")	20	результатов в data.web (limit 20)	снимок 2026-09-04	число записей по запросу	США	Reddit r/Retatrutide	https://www.reddit.com/r/Retatrutide/comments/1iq2ty8/dosage/	T3	2026-09-04	"Would someone just tell me how much bac water to put in my 20mg Reta powder?"	HIGH	firecrawl_search; запрос `site:reddit.com retatrutide "reta" dosing OR source OR vendor OR "how much" r/Retatrutide`
C2_keywords_obesity_glp1.md	C2-016	Тред r/Retatrutide "Beginners Guide 2026" подтверждён в индексе на дату доступа	-	-	-	-	США	Reddit r/Retatrutide	https://www.reddit.com/r/Retatrutide/comments/1t4ivlu/beginners_guide_2026/	T3	2026-09-04	"Beginners Guide 2026"	HIGH	firecrawl_search
C2_keywords_obesity_glp1.md	C2-017	Повторный запрос "prior authorization" denied/appeal на r/Zepbound вернул 20 результатов, r/Zepbound 18 - совпадает с исходным	20	результатов в data.web (limit 20)	снимок 2026-09-04	число записей по запросу	США	Reddit r/Zepbound	https://www.reddit.com/r/Zepbound/comments/1rc7hdy/prior_authorization_ran_out_now_renewal_denied/	T3	2026-09-04	"Prior authorization ran out, now renewal denied without step therapy"	HIGH	firecrawl_search; запрос `site:reddit.com r/Zepbound "prior authorization" denied OR appeal OR "savings card"`
C2_keywords_obesity_glp1.md	C2-018	Автор треда r/Zepbound называет себя специалистом по prior authorization и проводит AMA	-	-	-	-	США	Reddit r/Zepbound	https://www.reddit.com/r/Zepbound/comments/1abk7em/i_am_a_prior_authorization_specialist_ama/	T3	2026-09-04	"I am a prior authorization specialist. AMA"	HIGH	firecrawl_search
C2_keywords_obesity_glp1.md	C2-019	Повторный запрос о дефиците доз ("shortage"/"out of stock") на r/Mounjaro, r/Zepbound, r/Wegovy вернул 20 результатов	20	результатов в data.web (limit 20)	снимок 2026-09-04	число записей по запросу	США	Reddit r/Mounjaro	https://www.reddit.com/r/Mounjaro/comments/1ern73f/there_is_no_shortage/	T3	2026-09-04	"There is no shortage"	HIGH	firecrawl_search; запрос `site:reddit.com r/Mounjaro OR r/Zepbound OR r/Wegovy "shortage" OR "out of stock" OR "backordered" pharmacy "can't find"`
C2_keywords_obesity_glp1.md	C2-020	Тред r/Zepbound "7.5 shortage - What Regions" подтверждён в индексе	-	-	-	-	США	Reddit r/Zepbound	https://www.reddit.com/r/Zepbound/comments/1bjhgc5/75_shortage_what_regions/	T3	2026-09-04	"7.5 shortage - What Regions"	HIGH	firecrawl_search
C2_keywords_obesity_glp1.md	C2-021	Повторный запрос о прекращении приёма/регейне вернул 20 результатов на r/Mounjaro и r/Zepbound	20	результатов в data.web (limit 20)	снимок 2026-09-04	число записей по запросу	США	Reddit r/Mounjaro	https://www.reddit.com/r/Mounjaro/comments/1j947gc/stopping_mounjaro/	T3	2026-09-04	"Is there anyone who has stopped taking Mounjaro and been able to keep the weight off naturally?"	HIGH	firecrawl_search; запрос `site:reddit.com r/Ozempic OR r/Zepbound OR r/Mounjaro "stopped taking" OR "coming off" OR "getting off" regain OR "gained it all back" OR "maintenance"`
C2_keywords_obesity_glp1.md	C2-022	Тред r/Mounjaro собирает позитивные истории удержания веса после отмены	-	-	-	-	США	Reddit r/Mounjaro	https://www.reddit.com/r/Mounjaro/comments/1ckl3zj/any_positive_stories_of_keeping_the_weight_loss/	T3	2026-09-04	"Any positive stories of keeping the weight loss off after stopping Mounjaro?"	HIGH	firecrawl_search
C2_keywords_obesity_glp1.md	C2-023	Повторный запрос об алкоголе/отсутствии желания пить вернул 20 результатов, r/Zepbound 16 - совпадает с исходным	20	результатов в data.web (limit 20)	снимок 2026-09-04	число записей по запросу	США	Reddit r/Zepbound	https://www.reddit.com/r/Zepbound/comments/1n4vod5/alcohol_desire_gone/	T3	2026-09-04	"No desire to drink"	HIGH	firecrawl_search; запрос `site:reddit.com r/GLP1 OR r/Ozempic OR r/Zepbound alcohol "don't want to drink" OR "no desire to drink" OR "lost interest in alcohol"`
C2_keywords_obesity_glp1.md	C2-024	Тред r/Zepbound заявляет об исчезновении алкоголизма	-	-	-	-	США	Reddit r/Zepbound	https://www.reddit.com/r/Zepbound/comments/1d0hrva/my_alcoholism_has_completely_disappeared/	T3	2026-09-04	"My Alcoholism Has Completely Disappeared"	LOW	firecrawl_search; медицинское самоутверждение пользователя, не подтверждено клинически
C2_keywords_obesity_glp1.md	C2-025	Повторный запрос о выпадении волос вернул 20 результатов на r/Semaglutide, r/Mounjaro, r/Zepbound	20	результатов в data.web (limit 20)	снимок 2026-09-04	число записей по запросу	США	Reddit r/Zepbound	https://www.reddit.com/r/Zepbound/comments/1fmhiv5/how_the_f_are_we_coping_with_hair_loss_here/	T3	2026-09-04	"how the f are we coping with hair loss here"	HIGH	firecrawl_search; запрос `site:reddit.com r/Semaglutide OR r/Mounjaro OR r/Zepbound "hair loss" OR "hair shedding" OR "telogen effluvium"`
C2_keywords_obesity_glp1.md	C2-026	Тред r/Zepbound "Hair loss" опубликован за 16 часов до доступа к индексу	-	-	-	-	США	Reddit r/Zepbound	https://www.reddit.com/r/Zepbound/comments/1w6ea61/hair_loss/	T3	2026-09-04	"16 hours ago"	HIGH	firecrawl_search
C2_keywords_obesity_glp1.md	C2-027	Повторный запрос о запоре (constipation/miralax/magnesium) вернул 20 результатов на r/Zepbound, r/Mounjaro, r/Ozempic	20	результатов в data.web (limit 20)	снимок 2026-09-04	число записей по запросу	США	Reddit r/Mounjaro	https://www.reddit.com/r/Mounjaro/comments/1mku02u/what_are_your_constipation_tips/	T3	2026-09-04	"What are your constipation tips?"	HIGH	firecrawl_search; запрос `site:reddit.com r/Zepbound OR r/Mounjaro OR r/Ozempic "constipation" OR "constipated" miralax OR magnesium`
C2_keywords_obesity_glp1.md	C2-028	Кросс-ссылка в выдаче подтверждает тред "For the 'I tried everything' constipated user" с 670 upvotes/194 comments	-	-	-	-	США	Reddit r/Zepbound	https://www.reddit.com/r/Zepbound/comments/1vh31hz/constipation/	T3	2026-09-04	"For the 'I tried everything' constipated user. 669 upvotes · 194 comments"	HIGH	firecrawl_search
C2_keywords_obesity_glp1.md	C2-029	Повторный запрос о потере мышц/белке вернул 20 результатов на r/Zepbound, r/Mounjaro, r/Ozempic	20	результатов в data.web (limit 20)	снимок 2026-09-04	число записей по запросу	США	Reddit r/Zepbound	https://www.reddit.com/r/Zepbound/comments/1m109i2/asked_chatgpt_how_much_protein_i_should_consume/	T3	2026-09-04	"Asked ChatGPT how much protein I should consume"	HIGH	firecrawl_search; запрос `site:reddit.com r/Zepbound OR r/Mounjaro OR r/Ozempic "muscle loss" protein "how much protein"`
C2_keywords_obesity_glp1.md	C2-030	Кросс-ссылка подтверждает тред "how much protein per day are you trying to get?" 208 comments, опубликован 20 дней назад	-	-	-	-	США	Reddit r/Zepbound	https://www.reddit.com/r/Zepbound/comments/1kishfc/how_many_grams_of_protein_is_your_goal/	T3	2026-09-04	"What is your current weight and how much protein per day are you trying to get? 29 upvotes · 208 comments"	HIGH	firecrawl_search
C2_keywords_obesity_glp1.md	C2-031	Повторный запрос о дряблой коже/"Ozempic face" вернул 20 результатов на r/Zepbound, r/Mounjaro	20	результатов в data.web (limit 20)	снимок 2026-09-04	число записей по запросу	США	Reddit r/Zepbound	https://www.reddit.com/r/Zepbound/comments/1r9b6zr/can_we_be_honest_about_the_loose_skin_and_how/	T3	2026-09-04	"Can we be honest about the loose skin and how we're managing it?"	HIGH	firecrawl_search; запрос `site:reddit.com r/Zepbound OR r/Mounjaro "loose skin" OR "excess skin" OR "Ozempic face" OR "Ozempic butt"`
C2_keywords_obesity_glp1.md	C2-032	Кросс-ссылка подтверждает тред r/Mounjaro "Loose skin is NOT the enemy" с 862 upvotes/196 comments	-	-	-	-	США	Reddit r/Mounjaro	https://www.reddit.com/r/Mounjaro/comments/1voedzw/loose_skin_is_not_the_enemy/	T3	2026-09-04	"Loose skin is NOT the enemy"	HIGH	firecrawl_search
C2_keywords_obesity_glp1.md	C2-033	Повторный запрос о колоноскопии/анестезии и GLP-1 вернул 20 результатов на r/Zepbound, r/Mounjaro, r/Ozempic	20	результатов в data.web (limit 20)	снимок 2026-09-04	число записей по запросу	США	Reddit r/Zepbound	https://www.reddit.com/r/Zepbound/comments/1v6fion/zepbound_and_anesthesiasurgery/	T3	2026-09-04	"Zepbound and anesthesia/surgery"	HIGH	firecrawl_search; запрос `site:reddit.com r/Zepbound OR r/Mounjaro OR r/Ozempic "colonoscopy" OR "endoscopy" OR "anesthesia" "hold" OR "stop" "before surgery"`
C2_keywords_obesity_glp1.md	C2-034	Тред r/Zepbound утверждает несовместимость GLP-1 и эндоскопии	-	-	-	-	США	Reddit r/Zepbound	https://www.reddit.com/r/Zepbound/comments/1u6o3v0/glps_and_endoscopy_does_not_mix/	T3	2026-09-04	"GLPs and Endoscopy does not mix"	HIGH	firecrawl_search
C2_keywords_obesity_glp1.md	C2-035	Повторный запрос о беременности/контрацепции вернул 20 результатов на r/Zepbound, r/Mounjaro, r/Ozempic	20	результатов в data.web (limit 20)	снимок 2026-09-04	число записей по запросу	США	Reddit r/Zepbound	https://www.reddit.com/r/Zepbound/comments/1o8wone/surprise_pregnancy/	T3	2026-09-04	"Surprise Pregnancy"	HIGH	firecrawl_search; запрос `site:reddit.com r/Zepbound OR r/Mounjaro OR r/Ozempic "birth control" OR "pregnant" OR "pregnancy" "Ozempic baby" OR "surprise"`
C2_keywords_obesity_glp1.md	C2-036	Тред r/Zepbound "Zepbound & Birth control" описывает переход на NuvaRing из-за опасений по эффективности таблетки	-	-	-	-	США	Reddit r/Zepbound	https://www.reddit.com/r/Zepbound/comments/1ttq47r/zepbound_birth_control/	T3	2026-09-04	"I ended up getting on the NuvaRing after hearing the pill could be less effective"	HIGH	firecrawl_search
C2_keywords_obesity_glp1.md	C2-037	Повторный запрос о плато/стале вернул 20 результатов на r/Zepbound, r/Mounjaro	20	результатов в data.web (limit 20)	снимок 2026-09-04	число записей по запросу	США	Reddit r/Mounjaro	https://www.reddit.com/r/Mounjaro/comments/1q78nkg/have_i_hit_a_plateau/	T3	2026-09-04	"A plateau (or stall) is a minimum of 4 weeks with ZERO weight loss"	HIGH	firecrawl_search; запрос `site:reddit.com r/Zepbound OR r/Mounjaro "plateau" OR "stall" "not losing" weeks "same dose"`
C2_keywords_obesity_glp1.md	C2-038	Тред r/Zepbound спрашивает про решение при плато на 12.5 мг: повышать до 15 мг или нет	-	-	-	-	США	Reddit r/Zepbound	https://www.reddit.com/r/Zepbound/comments/1n7cakr/125_mg_zepbound_plateau_go_to_15_mg_or_save_it/	T3	2026-09-04	"12.5 mg Zepbound plateau. Go to 15 mg or save it for later?"	HIGH	firecrawl_search
C2_keywords_obesity_glp1.md	C2-039	Повторный запрос "3 week stall" на BariatricPal вернул 20 результатов	20	результатов в data.web (limit 20)	снимок 2026-09-04	число записей по запросу	США	BariatricPal	https://www.bariatricpal.com/topic/441016-3-week-stall/	T3	2026-09-04	"I was just searching the forum for a post about the 3 week stall"	HIGH	firecrawl_search; запрос `site:bariatricpal.com "3 week stall" OR "three week stall"`
C2_keywords_obesity_glp1.md	C2-040	Форумчанин BariatricPal оценивает распространённость "трёхнедельного стала" как ~90% пользователей	-	-	-	-	США	BariatricPal	https://www.bariatricpal.com/topic/439190-weight-loss-stall/	T3	2026-09-04	"it's the infamous three-week stall (this early stall happens to probably 90% of us"	LOW	firecrawl_search; неподтверждённая клинически оценка пользователя форума
C2_keywords_obesity_glp1.md	C2-041	Повторный запрос о dumping syndrome и сахаре на r/GastricBypass, r/gastricsleeve вернул 20 результатов, r/GastricBypass 18 - совпадает с исходным	20	результатов в data.web (limit 20)	снимок 2026-09-04	число записей по запросу	США	Reddit r/GastricBypass	https://www.reddit.com/r/GastricBypass/comments/1snemu3/question_re_dumping_syndrome/	T3	2026-09-04	"About 85% of people who have gastric bypass will have some degree of dumping"	LOW	firecrawl_search; запрос `site:reddit.com r/gastricbypass OR r/gastricsleeve "dumping" sugar`; цифра 85% - пользовательское утверждение, не клинический источник
C2_keywords_obesity_glp1.md	C2-042	Тред r/GastricBypass "Dumping isn't happening" описывает отсутствие ожидаемой реакции на сахар	-	-	-	-	США	Reddit r/GastricBypass	https://www.reddit.com/r/GastricBypass/comments/1e3i08h/dumping_isnt_happening/	T3	2026-09-04	"Dumping isn't happening"	HIGH	firecrawl_search
C2_keywords_obesity_glp1.md	C2-043	Повторный запрос "transfer addiction" на BariatricPal вернул 20 результатов, включая точные даты исходных тредов	20	результатов в data.web (limit 20)	снимок 2026-09-04	число записей по запросу	США	BariatricPal	https://www.bariatricpal.com/topic/435818-alcohol-is-a-transfer-addiction/page/2/	T3	2026-09-04	"I am now in counseling for my alcohol addiction. Transfer addiction is definitely a real thing"	LOW	firecrawl_search; запрос `site:bariatricpal.com "transfer addiction"`; медицинское самоописание пользователя
C2_keywords_obesity_glp1.md	C2-044	Раздел форума BariatricPal подтверждает дату старта треда "Alcohol is a Transfer Addiction !!" - 28 февраля 2021	-	-	2021	дата публикации форумного поста	США	BariatricPal	https://www.bariatricpal.com/forum/1205-wls-veterans-forum/	T3	2026-09-04	"Started by BigHarleyGuy1, February 28, 2021"	HIGH	firecrawl_search
C2_keywords_obesity_glp1.md	C2-045	Повторный запрос о регейне/"pouch reset"/ревизии вернул 20 результатов на r/gastricsleeve, r/BariatricSurgery, r/GastricBypass	20	результатов в data.web (limit 20)	снимок 2026-09-04	число записей по запросу	США	Reddit r/gastricsleeve	https://www.reddit.com/r/gastricsleeve/comments/1duq67i/pouch_reset/	T3	2026-09-04	"Just skip the 'pouch reset' and go get GLP1"	LOW	firecrawl_search; запрос `site:reddit.com r/gastricsleeve OR r/BariatricSurgery OR r/GastricBypass "regain" "pouch reset" OR "sleeve regain" OR "revision"`; совет пользователя, не клиническая рекомендация
C2_keywords_obesity_glp1.md	C2-046	Тред r/BariatricSurgery "3 years post-op VSG and gained everything back" подтверждён в индексе	-	-	-	-	США	Reddit r/BariatricSurgery	https://www.reddit.com/r/BariatricSurgery/comments/1miurvi/3_years_postop_vsg_and_gained_everything_back/	T3	2026-09-04	"3 years post-op VSG and gained everything back. Tell me there's still ..."	HIGH	firecrawl_search
C2_keywords_obesity_glp1.md	C2-047	Повторный запрос о B12/инфузиях железа/бариатрических витаминах вернул 20 результатов на r/gastricsleeve, r/GastricBypass, r/BariatricSurgery	20	результатов в data.web (limit 20)	снимок 2026-09-04	число записей по запросу	США	Reddit r/GastricBypass	https://www.reddit.com/r/GastricBypass/comments/1j0jsqi/bariatric_vitamins_or_otc/	T3	2026-09-04	"B12, iron, magnesium, etc. can be over-the-counter"	HIGH	firecrawl_search; запрос `site:reddit.com r/gastricsleeve OR r/GastricBypass OR r/BariatricSurgery "B12" OR "iron infusion" OR "bariatric vitamins" OR "vitamin deficiency"`
C2_keywords_obesity_glp1.md	C2-048	Тред r/GastricBypass спрашивает, что делать, когда не хватает денег на витамины	-	-	-	-	США	Reddit r/GastricBypass	https://www.reddit.com/r/GastricBypass/comments/1jnx5yc/what_do_you_do_when_you_cant_afford_the_vitamins/	T3	2026-09-04	"What do you do when you can't afford the vitamins?"	HIGH	firecrawl_search
C2_keywords_obesity_glp1.md	C2-049	Повторный запрос о ПКОС/инсулинорезистентности/метформине/инозитоле на r/PCOS вернул 20 результатов	20	результатов в data.web (limit 20)	снимок 2026-09-04	число записей по запросу	США	Reddit r/PCOS	https://www.reddit.com/r/PCOS/comments/1ika4er/metformin_vs_glp1_vs_dieting_for_insulin/	T3	2026-09-04	"metformin VS glp-1 VS dieting for insulin resistance"	HIGH	firecrawl_search; запрос `site:reddit.com r/PCOS "insulin resistance" metformin OR inositol OR Ozempic OR Mounjaro weight`
C2_keywords_obesity_glp1.md	C2-050	Тред r/PCOS предупреждает не принимать инозитол без подтверждённой инсулинорезистентности	-	-	-	-	США	Reddit r/PCOS	https://www.reddit.com/r/PCOS/comments/1k764cl/do_not_take_inositol_if_youre_not_insulin/	LOW	2026-09-04	"DO NOT TAKE INOSITOL IF YOU'RE NOT INSULIN RESISTANT"	LOW	firecrawl_search; пользовательская медицинская рекомендация
C2_keywords_obesity_glp1.md	C2-051	Повторный запрос о сонном апноэ/CPAP и потере веса вернул 20 результатов на r/Zepbound, r/Mounjaro, r/loseit	20	результатов в data.web (limit 20)	снимок 2026-09-04	число записей по запросу	США	Reddit r/Zepbound	https://www.reddit.com/r/Zepbound/comments/1vd7c8h/for_those_on_cpap_that_no_longer_needed/	T3	2026-09-04	"For those on CPAP that no longer needed"	HIGH	firecrawl_search; запрос `site:reddit.com r/Zepbound OR r/Mounjaro OR r/loseit "sleep apnea" OR "CPAP" weight loss "no longer" OR "got rid of" OR "cured"`
C2_keywords_obesity_glp1.md	C2-052	Тред r/Zepbound "Goodbye CPAP!" поднимает вопрос о сохранении страхового покрытия Zepbound без диагноза апноэ	-	-	-	-	США	Reddit r/Zepbound	https://www.reddit.com/r/Zepbound/comments/1m07tme/goodbye_cpap/	T3	2026-09-04	"Will your insurance continue to cover Zepbound if you no longer have sleep [apnea]"	HIGH	firecrawl_search
C2_keywords_obesity_glp1.md	C2-053	Повторный запрос о seatbelt extender/"customer of size" на r/PlusSize, r/loseit вернул 20 результатов, r/PlusSize 18	20	результатов в data.web (limit 20)	снимок 2026-09-04	число записей по запросу	США	Reddit r/PlusSize	https://www.reddit.com/r/PlusSize/comments/1i3ipv3/flying_with_seatbelt_extender/	T3	2026-09-04	"Flying with seatbelt extender"	HIGH	firecrawl_search; запрос `site:reddit.com r/PlusSize OR r/loseit "seatbelt extender" OR "customer of size" OR "plane seat" flying`
C2_keywords_obesity_glp1.md	C2-054	Тред r/PlusSize описывает применение политики "customer of size" авиакомпании Southwest на выходе к посадке	-	-	-	-	США	Reddit r/PlusSize	https://www.reddit.com/r/PlusSize/comments/1slzvny/southwest_singled_me_out_at_the_gate_for_my_size/	T3	2026-09-04	"Southwest singled me out at the gate for my size ... customer of size policy"	HIGH	firecrawl_search
C2_keywords_obesity_glp1.md	C2-055	Повторный запрос "always cold"/"freezing"/"cold intolerance" вернул 20 результатов на r/Zepbound, r/Mounjaro, r/Ozempic	20	результатов в data.web (limit 20)	снимок 2026-09-04	число записей по запросу	США	Reddit r/Zepbound	https://www.reddit.com/r/Zepbound/comments/1solvog/why_am_i_always_cold/	T3	2026-09-04	"Why am I always cold?"	HIGH	firecrawl_search; запрос `site:reddit.com r/Zepbound OR r/Mounjaro OR r/Ozempic "always cold" OR "freezing" OR "cold all the time" OR "cold intolerance"`
C2_keywords_obesity_glp1.md	C2-056	Кросс-ссылка подтверждает тред r/Zepbound "Always cold" со 103 апвоутами	-	-	-	-	США	Reddit r/Zepbound	https://www.reddit.com/r/Zepbound/comments/1pd38ia/why_are_we_always_so_cold/	T3	2026-09-04	"Always cold · r/Zepbound. • 10mo ago. Always cold. 103"	HIGH	firecrawl_search
C2_keywords_obesity_glp1.md	C2-057	Повторный запрос про одежду/thrift/"nothing fits" в процессе похудения вернул 20 результатов на r/Zepbound, r/Mounjaro, r/loseit	20	результатов в data.web (limit 20)	снимок 2026-09-04	число записей по запросу	США	Reddit r/Zepbound	https://www.reddit.com/r/Zepbound/comments/1i6vigd/what_do_you_all_do_about_clothes_while_youre/	T3	2026-09-04	"What do you all do about clothes while you're losing?"	HIGH	firecrawl_search; запрос `site:reddit.com r/Zepbound OR r/Mounjaro OR r/loseit "clothes" "what size" OR "sizing down" OR "wardrobe" OR "thrift" OR "nothing fits"`
C2_keywords_obesity_glp1.md	C2-058	Тред r/loseit "My closet can't keep up with my weight loss" подтверждён в индексе	-	-	-	-	США	Reddit r/loseit	https://www.reddit.com/r/loseit/comments/153fmsj/my_closet_cant_keep_up_with_my_weight_loss/	T3	2026-09-04	"My closet can't keep up with my weight loss"	HIGH	firecrawl_search
C2_keywords_obesity_glp1.md	C2-059	Повторный запрос о лабораторных анализах (A1C/триглицериды/печёночные ферменты) вернул 20 результатов на r/Zepbound, r/Mounjaro	20	результатов в data.web (limit 20)	снимок 2026-09-04	число записей по запросу	США	Reddit r/Zepbound	https://www.reddit.com/r/Zepbound/comments/1qd20a5/labs_how_are_yours_doing_after_using_zepbound/	T3	2026-09-04	"Labs, how are yours doing after using Zepbound?"	HIGH	firecrawl_search; запрос `site:reddit.com r/Zepbound OR r/Mounjaro "labs" OR "bloodwork" "A1C" OR "triglycerides" OR "liver enzymes" OR "cholesterol" improved OR results`
C2_keywords_obesity_glp1.md	C2-060	Кросс-ссылка подтверждает тред "improved my labs because I'm on Zepbound" с 379 апвоутами	-	-	-	-	США	Reddit r/Zepbound	https://www.reddit.com/r/Zepbound/comments/1e10d60/confused_about_my_recent_labs/	T3	2026-09-04	"improved my labs because I'm on Zepbound. 379"	HIGH	firecrawl_search
C2_keywords_obesity_glp1.md	C2-061	Повторный запрос на kadinlarkulubu.com (mounjaro/ozempic побочные эффекты) вернул 20 результатов; страница /page-150/ подтверждает объём треда-трекера	20	результатов в data.web (limit 20)	снимок 2026-09-04	число записей по запросу	Турция	kadinlarkulubu.com	https://www.kadinlarkulubu.com/konu/mounjaro-bilgi-takip-grubu.1583154/page-150	T3	2026-09-04	"Mounjaro Bilgi/Takip Grubu ... Page 150"	HIGH	firecrawl_search; запрос `site:kadinlarkulubu.com mounjaro OR ozempic yan etki OR bulantı OR kabızlık OR "saç dökülmesi"`
C2_keywords_obesity_glp1.md	C2-062	Тред kadinlarkulubu.com "Mounjaro Deneyimim" описывает сильные побочные эффекты (рвота, диарея)	-	-	-	-	Турция	kadinlarkulubu.com	https://www.kadinlarkulubu.com/konu/mounjaro-deneyimim.1560585/	T3	2026-09-04	"Fakat çok yan etki yaşadım. Kusma ishal"	LOW	firecrawl_search; пользовательское медицинское описание
C2_keywords_obesity_glp1.md	C2-063	Повторный запрос на altibbi.com (أوزمبك/اوزمبك تخسيس) вернул 20 результатов с датированными вопросами пациентов	20	результатов в data.web (limit 20)	снимок 2026-09-04	число записей по запросу	арабоязычные страны (не уточнено)	altibbi.com	https://altibbi.com/اسئلة-طبية/علم-الصيدلة/ابي-استخدم-ابر-الاوزمبك-لتنزيل-الوزن-هل-فيها-خطوره-وهل-لازم-1665336	T3	2026-09-04	"ابي استخدم ابر الاوزمبك لتنزيل الوزن هل فيها خطورة"	HIGH	firecrawl_search; запрос `site:altibbi.com أوزمبك OR اوزمبك تخسيس أضرار OR "الآثار الجانبية" OR إمساك OR غثيان`
C2_keywords_obesity_glp1.md	C2-064	Вопрос пациентки на altibbi.com датирован 25 июня 2024, подтверждает датировку исходной выборки	-	-	2024	дата публикации вопроса на медицинской Q&A-платформе	арабоязычные страны	altibbi.com	https://altibbi.com/اسئلة-طبية/علم-الصيدلة/متى-افضل-وقت-لاخذ-ابرة-اوزمبك-لاني-اشتريت-الدواء-بهدف-خسارة-1682115	T3	2026-09-04	"Sara Ismail. 25 يونيو 2024"	HIGH	firecrawl_search
C2_keywords_obesity_glp1.md	C2-065	Реконструированный запрос "efecto rebote" ozempic/mounjaro/semaglutida вернул 20 результатов; из них 4 нативных испаноязычных треда без ?tl= (исправлено при завершении: не 2, как в исходной строке)	20	результатов в data.web (limit 20)	снимок 2026-09-04	число записей по запросу	Латинская Америка/Испания (смешанно)	Reddit r/Semaglutide	https://www.reddit.com/r/Semaglutide/comments/11yzk1h/thoughts_ozempic_rebound_most_people_regain/?tl=es-419	T3	2026-09-04	"Efecto rebote de Ozempic: La mayoría de la gente vuelve a subir de peso después de dejar el semaglutide"	HIGH	firecrawl_search; запрос реконструирован (`site:reddit.com "efecto rebote" ozempic OR mounjaro OR semaglutida`), точный текст исходного Q33 не сохранился в файле
C2_keywords_obesity_glp1.md	C2-066	Нативный (без ?tl=) испаноязычный тред r/MounjaroSpain спрашивает об опыте отмены Mounjaro и эффекте рикошета	-	-	-	-	Испания	Reddit r/MounjaroSpain	https://www.reddit.com/r/MounjaroSpain/comments/1ikhimm/alguien_que_haya_dejado_de_tomar_mounjaro/	T3	2026-09-04	"¿Habéis tenido efecto rebote?"	HIGH	firecrawl_search
C2_keywords_obesity_glp1.md	C2-067	Реконструированный запрос "司美格鲁肽 停药 反弹" вернул 20 результатов: 19 медиа/Zhihu/агрегаторов + 1 машинно-переведённый Reddit-тред (исправлено при завершении: не "0 форумных тредов", как в исходной строке)	20	результатов в data.web (limit 20)	снимок 2026-09-04	число записей по запросу	Китай (материковый, по языку контента)	zhuanlan.zhihu.com	https://zhuanlan.zhihu.com/p/1907833384564167502	T3	2026-09-04	"临床数据警示：《新英格兰医学杂志》2025 年追踪研究显示，未干预的停药者1 年内反弹率达65%"	LOW	firecrawl_search; запрос реконструирован, точный текст исходного Q35 не сохранился в файле; цифра 65% - в колонке Zhihu, не первичный источник NEJM
C2_keywords_obesity_glp1.md	C2-068	Машинно-переведённый Reddit-тред найден в китайской выдаче по теме отмены семаглутида	-	-	-	-	-	Reddit r/Semaglutide (MT zh-hans)	https://www.reddit.com/r/Semaglutide/comments/12hfbjd/did_you_get_your_weight_back_after_stopping/?tl=zh-hans	T3	2026-09-04	"你停了司美格鲁肽之后体重反弹了吗？你是怎么控制的？"	HIGH	firecrawl_search
C3_keywords_apps_amazon_quora.md	C3-001	Запрос про адгезию Dexcom G7 на YouTube возвращает ролики, посвящённые проблеме отклеивания сенсора	10 (9 об адгезии)	результатов запроса	2026	число результатов `firecrawl_search`, limit 10	YouTube	"Don't LOSE another Dexcom - How to Make Your CGM STAY ON"	https://www.youtube.com/watch?v=cgBSZawvd3E	T3	2026-09-04	«Dexcom used to send you a replacement if the sensor fell off, but...»	HIGH	канал: firecrawl_search; запрос V01 `site:youtube.com dexcom g7 sensor stay on adhesive overpatch`
C3_keywords_apps_amazon_quora.md	C3-002	На Amazon существует отдельная товарная категория «Dexcom G7 overpatch/adhesive patches» из множества конкурирующих брендов	10	листингов в выдаче	2026	число результатов `firecrawl_search`, limit 10	Amazon	Onida Dexcom G7 Over Patches 20PCS Waterproof CGM	https://www.amazon.com/Adhesive-Patches-Waterproof-Flexible-Continuous/dp/B0DBHF6SJS	T3	2026-09-04	«Onida dexcom g7 over patches are made with a strong durable adhesive designed to provide extended wear time»	HIGH	канал: firecrawl_search; запрос V02 `site:amazon.com dexcom g7 overpatch adhesive patches`; исходные ASIN раздела 1 (B0CJGV1QBH, B0DDLDJN22) в этой сессии повторно не переоткрыты - «исправлено при завершении»
C3_keywords_apps_amazon_quora.md	C3-003	Пользователи App Store жалуются на потерю Bluetooth-сигнала Dexcom G7 в отзывах приложения	8.5K	оценок (рейтинг 3.1)	2026	счётчик рейтинга на странице приложения	App Store	Dexcom G7 - App Store	https://apps.apple.com/us/app/dexcom-g7/id1569432518	T3	2026-09-04	«8.5K Ratings 3.1»	HIGH	канал: firecrawl_search; запрос V03 `site:apps.apple.com dexcom g7 reviews signal loss alarm`, 10 результатов, 6 упоминают signal loss
C3_keywords_apps_amazon_quora.md	C3-004	Abbott ввёл функцию «Silent mode» специально для отключения тревог о потере сигнала FreeStyle Libre	-	функция приложения	2026	текст описания приложения в Google Play	Google Play	Libre by Abbott - NZ	https://play.google.com/store/apps/details?id=com.abbott.adc.freestyle.libre.nz	T3-производитель	2026-09-04	«Silent mode lets users silence signal loss and alarms for a period of time as indicated in the user manual»	HIGH	канал: firecrawl_search; запрос V04 `site:play.google.com freestyle libre silent mode signal loss`, 1 результат (точное совпадение)
C3_keywords_apps_amazon_quora.md	C3-005	На YouTube существует устойчивый корпус видео с точным термином «compression low» применительно к Dexcom/Libre	6 из 6	результатов запроса	2026	число результатов `firecrawl_search`, limit 10 (вернулось 6)	YouTube	"Dexcom/Libre Waking You Up at 2 A.M.? Compression Lows 101"	https://www.youtube.com/shorts/aP6Ef39Ej6c	T3	2026-09-04	«Ever had a CGM show a sudden LOW reading at night—only to find your fingerstick is normal? That's a compression low»	HIGH	канал: firecrawl_search; запрос V05 `site:youtube.com "compression low" dexcom libre`
C3_keywords_apps_amazon_quora.md	C3-006	На Quora встречается синоним «compression artifacts» для описания ложных низких показаний CGM при сне на сенсоре	-	-	2026	дословное совпадение фрагмента	Quora	"What are the limitations of using a CGM to optimize your metabolic health"	https://www.quora.com/What-are-the-limitations-of-using-a-CGM-to-optimize-your-metabolic-health	T3	2026-09-04	«Compression artifacts are common — if you sleep on the arm with the sensor, the pressure temporarily restricts blood flow»	HIGH	канал: firecrawl_search; запрос V06 `site:quora.com CGM reading differ compression low sleeping`, 10 результатов
C3_keywords_apps_amazon_quora.md	C3-007	Отзыв на приложение Libre by Abbott указывает на отсутствие функции калибровки	-	-	2026	дословное совпадение фрагмента	App Store	Libre by Abbott	https://apps.apple.com/us/app/libre-by-abbott/id6670330506	T3	2026-09-04	«With the Libre app the use can see the reading and set alarms but no calibration feature»	HIGH	канал: firecrawl_search; запрос V07 `site:apps.apple.com libre reviews finger stick calibration burn in`, 10 результатов, 8 о finger stick/calibration/accuracy
C3_keywords_apps_amazon_quora.md	C3-008	Отзыв на приложение Stelo by Dexcom указывает на 24-часовой период приработки (burn-in) сенсора	24	часа	2026	дословное совпадение фрагмента	App Store	Stelo by Dexcom	https://apps.apple.com/us/app/stelo-by-dexcom/id6475610406	T3	2026-09-04	«It's at least a 24 hr burn in period and I check against a finger stick every morning»	HIGH	канал: firecrawl_search; запрос V07 (см. C3-007), тот же результат
C3_keywords_apps_amazon_quora.md	C3-009	Пользователь Quora утверждает, что показания CGM особенно ненадёжны в гипогликемическом диапазоне по сравнению с уколом в палец	-	-	2026	дословное совпадение фрагмента	Quora	"How did your CGM data compare to the data from your finger-stick glucose meters"	https://www.quora.com/How-did-your-CGM-data-compare-to-the-data-from-your-finger-stick-glucose-meters	T3	2026-09-04	«CGM measurements are less precise than fingerprick blood glucose measurements, CGM values are especially unreliable in the hypglycemic range»	MEDIUM (медицинское утверждение пользователя не верифицировано клинически)	канал: firecrawl_search; запрос V08 `site:quora.com CGM data compare finger stick glucose meters`, 10 результатов
C3_keywords_apps_amazon_quora.md	C3-010	На YouTube задокументирован дефект аппликатора Dexcom G7 с жаргонным названием «Gooseneck», для которого производитель предусмотрел опцию в форме замены	-	-	2026	дословное совпадение фрагмента	YouTube	"dexcomg7 Gooseneck and how to get a replacement through the Dexcom App"	https://www.youtube.com/shorts/k5s8TsWRNFU	T3	2026-09-04	«Clearly, it's not just happening to me, as Dexcom now has this listed as an option when you request a...»	HIGH	канал: firecrawl_search; запрос V09 `site:youtube.com dexcom g7 gooseneck replacement failed sensor`, 10 результатов, 9 об ошибках/замене
C3_keywords_apps_amazon_quora.md	C3-011	Автор другого ролика в той же выдаче оценивает частоту отказов сенсоров Dexcom G7 в 33-50% (личное мнение, не данные производителя)	33-50	% (личная оценка автора видео)	2026	дословное совпадение фрагмента	YouTube	"Common DEXCOM G7 ISSUES and SUGGESTED FIX"	https://www.youtube.com/watch?v=H7iwZ2_S8AE	T3	2026-09-04	«The sensor failure rate is between 33% - 50%. The replacement for the failed sensor failed yesterday»	LOW (неверифицированное личное утверждение пользователя, не данные производителя/T1)	канал: firecrawl_search; запрос V09, тот же результат, доп. позиция
C3_keywords_apps_amazon_quora.md	C3-012	На Quora подтверждён вопрос о возможности повторно вставить отклеившийся сенсор FreeStyle Libre	-	-	2026	дословное совпадение фрагмента	Quora	"Is it possible to reinsert the FreeStyle Libre sensor if it falls off?"	https://www.quora.com/Is-it-possible-to-reinsert-the-FreeStyle-Libre-sensor-if-it-falls-off-Has-anyone-tried-it	T3	2026-09-04	«Yes, actually it is. I carefully re-inserted the "needle" and it works. it less than a minute from it falling off»	MEDIUM (небезопасная практика, мнение одного пользователя, не рекомендация производителя)	канал: firecrawl_search; запрос V10 `site:quora.com freestyle libre sensor fall off reinsert glucose sensor keep failing`, 10 результатов
C3_keywords_apps_amazon_quora.md	C3-013	На Quora обсуждается кожное раздражение (зуд, влага) под сенсором Dexcom G6	-	-	2026	дословное совпадение фрагмента	Quora	"Moisture gets trapped under my Dexcom G6 sensor and makes it itchy, uncomfortable, and smelly. Any tips..."	https://www.quora.com/Moisture-gets-trapped-under-my-Dexcom-G6-sensor-and-makes-it-itchy-uncomfortable-and-smelly-Any-tips-on-how-to-avoid-this	T3	2026-09-04	«Q: "Moisture gets trapped under my Dexcom G6 sensor and makes it itchy, uncomfortable, and smelly. Any tips on how to avoid this?»	HIGH	канал: firecrawl_search; запрос V11 `site:quora.com continuous glucose monitor skin reaction itchy allergic adhesive`, 10 результатов; заменяет менее точную цитату исходного раздела 1 - «исправлено при завершении»
C3_keywords_apps_amazon_quora.md	C3-014	На Amazon существует отдельная товарная категория адгезивных барьерных салфеток (Skin-Tac) для защиты кожи под CGM/помпами	10	листингов в выдаче	2026	число результатов `firecrawl_search`, limit 10	Amazon	Skin Tac Adhesive Barrier Prep Wipe, 50/Box, by TORBOT	https://www.amazon.com/Skin-Adhesive-Barrier-TORBOT-GROUP/dp/B01AVJB0I0	T3	2026-09-04	«Protective Wipes for CGM Sensors»/«Improves adhesion of medical tapes, ostomy appliances, and wound dressings to skin for secure placement»	HIGH	канал: firecrawl_search; запрос V12 `site:amazon.com skin tac adhesive barrier wipes cgm`, тот же URL, что и в разделе 1
C3_keywords_apps_amazon_quora.md	C3-015	Карточка глюкометра AUVON на Amazon переоткрыта; заявленные в разделе 1 агрегированные цифры «customers mention accuracy» повторно не отображены	-	-	2026	дословное совпадение фрагмента (частично не совпало)	Amazon	AUVON Blood Glucose Monitor Kit for Accurate Test, 50 Strips, No Coding	https://www.amazon.com/AUVON-Blood-Glucose-Monitor-Accurate/dp/B0HCBMGVK1	T3	2026-09-04	«Customer Reviews	4.8 out of 5 stars 6,266	4.6 out of 5 stars 3,199
C3_keywords_apps_amazon_quora.md	C3-016	Пользователь Quora сообщает о разбросе показаний глюкометра при трёх последовательных проколах одного пальца	3	измерения подряд	2026	дословное совпадение фрагмента	Quora	"Does squeezing my finger to get blood for an at-home glucose monitor cause the result to be higher or lower..."	https://www.quora.com/Does-squeezing-my-finger-to-get-blood-for-an-at-home-glucose-monitor-cause-the-result-to-be-higher-or-lower-than-what-it-should-be	T3	2026-09-04	«I can take 3 readings in a row from the SAME finger and get wildly different results»	MEDIUM (медицинское наблюдение пользователя не верифицировано клинически)	канал: firecrawl_search; запрос V14 `site:quora.com glucose meter different readings same finger prick`, 10 результатов
C3_keywords_apps_amazon_quora.md	C3-017	На Quora активно обсуждается вопрос безопасности использования просроченных тест-полосок для глюкометра	10 из 10	результатов запроса	2026	число результатов `firecrawl_search`, limit 10	Quora	"Is it safe to use expired blood sugar test strips?"	https://www.quora.com/Is-it-safe-to-use-expired-blood-sugar-test-strips	T3	2026-09-04	«Using expired blood glucose test strips is not recommended as they can provide inaccurate readings, affecting diabetes management»	HIGH	канал: firecrawl_search; запрос V15 `site:quora.com expired blood sugar test strips safe use`
C3_keywords_apps_amazon_quora.md	C3-018	В Amazon Best Sellers по диабетическим тест-полоскам лидируют Contour Next и OneTouch Verio с десятками тысяч оценок	23368 / 13956	оценок (звёзды 4.7/4.7)	2026	счётчик рейтинга на странице Best Sellers	Amazon	Amazon Best Sellers: Best Diabetic Blood Test Strips	https://www.amazon.com/Best-Sellers-Diabetic-Blood-Test-Strips/zgbs/hpc/3762031	T3	2026-09-04	«Ascensia Contour Next Blood Glucose Diabetes Test Strips, 70 Count... 4.7 out of 5 stars 23,368»; «OneTouch Verio... 4.7 out of 5 stars 13,956»	HIGH	канал: firecrawl_search; запрос V16 `site:amazon.com best sellers diabetic blood test strips`; числа дословно совпали с разделом 1
C3_keywords_apps_amazon_quora.md	C3-019	В отзывах на MyFitnessPal в App Store массово встречается жалоба на перенос сканера штрихкодов за paywall	10 из 10	результатов запроса, 7 о paywall сканера	2026	число результатов `firecrawl_search`, limit 10	App Store	MyFitnessPal: Calorie Counter (CZ store)	https://apps.apple.com/cz/app/myfitnesspal-calorie-counter/id341232718?see-all=reviews&platform=iphone	T3	2026-09-04	«i am beyond gutted that you put the barcode scanning behind a paywall. the last few months the app kept logging me out randomly and this is the final straw»	HIGH	канал: firecrawl_search; запрос V17 `site:apps.apple.com myfitnesspal barcode scanner paywall premium reviews`
C3_keywords_apps_amazon_quora.md	C3-020	Конкурент MyNetDiary явно позиционирует себя как альтернативу с бесплатным сканером штрихкодов «без трюков с paywall»	-	-	2026	дословное совпадение фрагмента	App Store	Calorie Counter - MyNetDiary	https://apps.apple.com/us/app/calorie-counter-mynetdiary/id287529757	T3-производитель	2026-09-04	«Log meals in seconds with the free barcode scanner... No ads, no account required, no paywall tricks»	HIGH	канал: firecrawl_search; запрос V17, тот же результат, доп. позиция
C3_keywords_apps_amazon_quora.md	C3-021	Приложение MyFitnessPal для Android имеет 2,9+ млн оценок с рейтингом 4.4, что подтверждает масштаб аудитории, затронутой paywall-жалобами	2913183	оценок (рейтинг 4.4)	2026	счётчик рейтинга на странице Google Play	Google Play	MyFitnessPal: Calorie Counter	https://play.google.com/store/apps/details?id=com.myfitnesspal.android	T3	2026-09-04	«Rating 4.4(2,913,183)»	HIGH	канал: firecrawl_search; запрос V18 `site:play.google.com myfitnesspal calorie counter rating reviews`; число дословно совпало с разделом 1
C3_keywords_apps_amazon_quora.md	C3-022	В отзывах Noom на App Store (турецкий стор) пользователь сообщает о списании денег после отмены во время пробного периода	99	USD (списано, по утверждению пользователя)	2026	дословное совпадение фрагмента	App Store	Noom Weight Loss, Food Tracker (TR store)	https://apps.apple.com/tr/app/noom-weight-loss-food-tracker/id634598719?see-all=reviews&platform=iphone	T3	2026-09-04	«I had cancelled it. Dont get free trial at all … they still charged 99 USD! They withdrew 129$ from my credit card during the trial period»	MEDIUM (финансовое утверждение отдельного пользователя, не подтверждено платёжными документами)	канал: firecrawl_search; запрос V19 `site:apps.apple.com noom reviews cancel subscription charged trial`, 10 из 10 результатов о биллинге/отмене (сильнее оценки раздела 1: было «7 из 10»)
C3_keywords_apps_amazon_quora.md	C3-023	В другом отзыве (канадский стор) описывается системная жалоба: пользователи пытаются отменить подписку Noom во время пробного периода, но продолжают получать списания $20-40/мес	20-40	USD/месяц (по утверждению пользователя)	2026	дословное совпадение фрагмента	App Store	Noom Weight Loss, Food Tracker (CA store)	https://apps.apple.com/ca/app/noom-weight-loss-food-tracker/id634598719?see-all=reviews&platform=iphone	T3	2026-09-04	«consumers are trying to cancel during the free trial offer but are still being billed for between $20 and $40 in monthly subscription costs»	MEDIUM	канал: firecrawl_search; запрос V19, тот же результат, доп. позиция
C3_keywords_apps_amazon_quora.md	C3-024	На Quora существует прямой вопрос «как отменить Noom до конца пробного периода» с инструкцией через меню приложения	-	-	2026	дословное совпадение фрагмента	Quora	"How to cancel a noom before the trial ends"	https://www.quora.com/How-do-you-cancel-a-noom-before-the-trial-ends	T3	2026-09-04	«Simply tap on the sandwich menu icon in the top left corner of the Noom app, tap the Settings menu on your iOS or Android app, and click Manage...»	HIGH	канал: firecrawl_search; запрос V20 `site:quora.com cancel noom subscription before trial ends`, 10 результатов, 2 Noom-специфичных (в разделе 1 было указано 3 - расхождение зафиксировано)
C3_keywords_apps_amazon_quora.md	C3-025	На Quora массово (10 из 10 результатов) обсуждается расстройство желудка от sugar-free конфет	10 из 10	результатов запроса	2026	число результатов `firecrawl_search`, limit 10	Quora	"Why does sugar free candy upset my stomach so much?"	https://www.quora.com/Why-does-sugar-free-candy-upset-my-stomach-so-much	T3	2026-09-04	«The artificial sweeteners change the acidity level of the GI tract and healthy bacteria can no longer survive. Pathogenic bacteria take over...»	MEDIUM (медицинское утверждение пользователя не верифицировано клинически)	канал: firecrawl_search; запрос V21 `site:quora.com sugar free candy upset stomach diarrhea`
C3_keywords_apps_amazon_quora.md	C3-026	Healthline на одной странице утверждает, что аллюлоза может помогать регулировать сахар крови, а на другой - что она не влияет на сахар крови и инсулин	-	-	2026	сравнение двух дословных фрагментов одного T2-источника	Healthline	"Allulose: What It Is, Benefits, Risks, and More" / "Can You Use Allulose on the Keto Diet?"	https://www.healthline.com/nutrition/allulose ; https://www.healthline.com/nutrition/allulose-keto	T2	2026-09-04	«Allulose may turn out to be a powerful tool for managing diabetes» (стр.1) против «Allulose doesn't affect your blood sugar or insulin levels» (стр.2)	MEDIUM (внутреннее расхождение источника, зафиксировано, не сглажено)	канал: firecrawl_search; запрос V22 `site:healthline.com allulose blood sugar frequently asked questions`
C3_keywords_apps_amazon_quora.md	C3-027	На Quora чётко разграничены кето-определение «net carbs» и «diabetes net carbs» (только клетчатка вычитается, не все сахароспирты)	-	-	2026	дословное совпадение фрагмента	Quora	"Can sugar alcohols be subtracted from the carb count?"	https://www.quora.com/Can-sugar-alcohols-be-subtracted-from-the-carb-count	T3	2026-09-04	«The commonly accepted "net carbs" definition is carbs minus fiber and sugar alcohols. The actual diabetes "net carbs" definition is only to...»	MEDIUM (утверждение пользователя, не клиническая рекомендация)	канал: firecrawl_search; запрос V23 `site:quora.com net carbs sugar alcohols subtract diabetes`, 10 результатов
C3_keywords_apps_amazon_quora.md	C3-028	Приложение MyNetDiary Diabetes Tracker явно поддерживает три отдельных режима подсчёта углеводов: total carbs, net carbs и diabetes carb count	-	-	2026	дословное совпадение фрагмента (описание приложения)	App Store	Diabetes Tracker by MyNetDiary	https://apps.apple.com/jp/app/diabetes-tracker-by-mynetdiary/id541478695?l=en-US&platform=vision	T3-производитель	2026-09-04	«Supports total carbs, net carbs, and diabetes carb count»	HIGH	канал: firecrawl_search; запрос V24 `site:apps.apple.com diabetes carb count app total net carbs`, 10 результатов
C3_keywords_apps_amazon_quora.md	C3-029	Продукт FRIO на Amazon переименован под аудиторию GLP-1 и удерживает 4.4 звезды при 10 000+ оценках	10000+	оценок (звёзды 4.4)	2026	счётчик рейтинга на карточке товара	Amazon	FRIO Cooling Wallet - Insulin & GLP-1 Cooler for 45+ Hours	https://www.amazon.com/Insulin-Cooling-Reusable-Evaporative-Medication/dp/B0002262DA	T3	2026-09-04	«4.4 star rating from 10K+ customer ratings … keep insulin and temperature-sensitive medications cool for over 45 hours without electricity or ice»	HIGH	канал: firecrawl_search; запрос V25 `site:amazon.com FRIO insulin cooling wallet reviews`
C3_keywords_apps_amazon_quora.md	C3-030	На Quora есть прямой вопрос «сколько Ozempic можно хранить вне холодильника»	2	часа при комнатной температуре (ответ пользователя, не инструкция производителя)	2026	дословное совпадение фрагмента	Quora	"How long can ozempic be left unrefrigerated?"	https://www.quora.com/How-long-can-ozempic-be-left-unrefrigerated	T3	2026-09-04	«Ozempic can stay at room temperature for up to two hours before using it, but most people simply take it out and use it right away»	LOW (ответ пользователя расходится с найденной на той же выдаче цифрой «up to 56 days» из другого треда со ссылкой на сайт Ozempic - расхождение не устранено в этой сессии)	канал: firecrawl_search; запрос V26 `site:quora.com ozempic left unrefrigerated how long`, 10 результатов
C3_keywords_apps_amazon_quora.md	C3-031	В отзыве на приложение Aspect Health пользователь жалуется на скрытую доплату за глюкометр поверх цены подписки	119	USD/месяц (по утверждению пользователя)	2026	дословное совпадение фрагмента	App Store	Aspect Health	https://apps.apple.com/us/app/aspect-health/id1597252849	T3	2026-09-04	«Glucose monitors were then another $119/month on top of the $60 I spent on the app description»	MEDIUM (финансовое утверждение одного пользователя)	канал: firecrawl_search; запрос V27 `site:apps.apple.com shotsy glp-1 tracker reviews dose logging`, доп. позиция в той же выдаче
C3_keywords_apps_amazon_quora.md	C3-032	Приложение Nutrisense: Glucose Tracker в британском App Store прямо предупреждает о минимальной подписке $350/мес и что оно не для диабетиков	350	USD/месяц (минимум, согласно описанию)	2026	дословное совпадение фрагмента (описание приложения)	App Store	Nutrisense: Glucose Tracker (GB)	https://apps.apple.com/gb/app/nutrisense-glucose-tracker/id1479100171	T3-производитель	2026-09-04	«Not for diabetics · Requires min $350 /mth subscription»	HIGH	канал: firecrawl_search; запрос V37 `site:apps.apple.com nutrisense glucose tracker reviews price membership`, 10 результатов
C3_keywords_apps_amazon_quora.md	C3-033	Рынок независимых GLP-1-трекеров на iOS насчитывает минимум 10 конкурирующих приложений (Shotsy, DosesPro, Revio, MeAgain, Dose AI, Glowise и др.)	10	приложений в выдаче	2026	число результатов `firecrawl_search`, limit 10	App Store	Shotsy GLP-1 Tracker	https://apps.apple.com/us/app/shotsy-glp-1-tracker/id6499510249	T3	2026-09-04	«31K Ratings 4.8»; «Shotsy is the all-in-one GLP-1 medication tracker for weight loss injections and pills»	HIGH	канал: firecrawl_search; запрос V27 `site:apps.apple.com shotsy glp-1 tracker reviews dose logging`
C3_keywords_apps_amazon_quora.md	C3-034	На Google Play приложение «GLP-1 Tracker: Pep» имеет рейтинг 4.5 при 1830 оценках	1830	оценок (рейтинг 4.5)	2026	счётчик рейтинга на странице Google Play	Google Play	GLP-1 Tracker: Pep	https://play.google.com/store/apps/details?id=com.shredapps.glp1	T3	2026-09-04	«Rating 4.5(1,830) · Free · Android...Pep helps you track your Ozempic®, Wegovy®, Mounjaro®, Zepbound®...»	HIGH	канал: firecrawl_search; запрос V28 `site:play.google.com pep glp-1 rating reviews subscription`; число дословно совпало с разделом 1
C3_keywords_apps_amazon_quora.md	C3-035	На Quora подтверждено клиническое наблюдение о том, что 4-5-кратное повторное использование игл для шприц-ручек не приводит к прогрессирующей деформации кончика иглы	4-5	использований	2026	дословное совпадение фрагмента	Quora	"How many times can a single user reuse an insulin needle?"	https://www.quora.com/How-many-times-can-a-single-user-reuse-an-insulin-needle	T3 (со ссылкой на клиническое исследование внутри ответа, само исследование в этой сессии не открывалось отдельно)	2026-09-04	«Using pen needles four to five times does not lead to progressive needle tip deformity and does not increase pain intensity or unpleasantness»	MEDIUM (утверждение внутри ответа Quora, первичное исследование не открыто в этой сессии)	канал: firecrawl_search; запрос V29 `site:quora.com reuse insulin pen needle how many times`, 10 результатов
C3_keywords_apps_amazon_quora.md	C3-036	На Amazon продаются иглы для шприц-ручек «Universal Fit», в описании которых явно упомянута совместимость с Ozempic и пептидными инъекторами	-	-	2026	дословное совпадение фрагмента	Amazon	Pip Insulin Pen Needles 32G 4mm - 100 Count, Universal Fit for All Pens	https://www.amazon.com/clp/B08G59N69N	T3	2026-09-04	«Universal compatibility with all insulin pens: Securely fits Lantus, Victoza, Ozempic & all Type A medication pens including peptide pen injectors»	HIGH	канал: firecrawl_search; запрос V30 `site:amazon.com pen needles universal fit compatible zepbound ozempic`; тот же URL, что в разделе 1
C3_keywords_apps_amazon_quora.md	C3-037	На Quora есть прямой вопрос об утилизации использованных ланцетов при проживании в отеле	-	-	2026	дословное совпадение фрагмента	Quora	"What is the best way to dispose of used lancets when staying in a hotel?"	https://www.quora.com/What-is-the-best-way-to-dispose-of-used-lancets-when-staying-in-a-hotel	T3	2026-09-04	«Place each used lancet tip-first into a rigid, puncture-resistant container you bring... Ask the front desk for guidance»	HIGH	канал: firecrawl_search; запрос V31 `site:quora.com dispose used lancets hotel sharps container`; цитата уточнена относительно раздела 1 - «исправлено при завершении»
C3_keywords_apps_amazon_quora.md	C3-038	На Amazon существует отдельная товарная категория контейнеров для игл с бесплатной обратной отправкой по почте (mail-back sharps)	10	листингов в выдаче	2026	число результатов `firecrawl_search`, limit 10	Amazon	PureWay 1.4 Quart MailBack Sharps Disposal Container	https://www.amazon.com/Mailback-PureWay-Sharps-Disposal-System/dp/B0CWQJK3CZ	T3	2026-09-04	«Sharps container mail back kit includes a 1.4 Quart sharps disposal container, prepaid return label, compliance tracking, and certificate of destruction»	HIGH	канал: firecrawl_search; запрос V32 `site:amazon.com sharps container return shipping mail back`; тот же URL, что в разделе 1
C3_keywords_apps_amazon_quora.md	C3-039	В Amazon Best Sellers по диабетическим носкам доминирует лексика «edema/lymphedema/swollen feet», а не «diabetes»	-	-	2026	дословное совпадение заголовков листингов	Amazon	Amazon Best Sellers: Best Diabetic Socks & Insoles	https://www.amazon.com/Best-Sellers-Diabetic-Socks-Insoles/zgbs/hpc/8622211011	T3	2026-09-04	«Special Essentials Diabetic Crew Socks Men & Women, 12 Pairs, Non-Binding	For Neuropathy, Edema, Swollen & Sensitive Feet»	HIGH
C3_keywords_apps_amazon_quora.md	C3-040	На Quora обсуждается, что диабетические носки актуальны и для не-диабетиков с широкой стопой	-	-	2026	дословное совпадение фрагмента	Quora	"Can diabetic socks be worn by non-diabetics with wide feet comfortably? Will the socks slip down?"	https://www.quora.com/Can-diabetic-socks-be-worn-by-non-diabetics-with-wide-feet-comfortably-Will-the-socks-slip-down	T3	2026-09-04	«Diabetics are often advised to wear socks to bed, especially if they have poor circulation, to keep feet warm and protected»	HIGH	канал: firecrawl_search; запрос V34 `site:quora.com diabetic socks non-diabetics wide feet wear bed`, 10 результатов
C3_keywords_apps_amazon_quora.md	C3-041	На Quora пользователи расходятся во мнениях о ношении Crocs при диабетической нейропатии: один автор со ссылкой на подиатра говорит «нет», другие называют Crocs самой удобной обувью	-	-	2026	дословное совпадение двух противоречащих фрагментов	Quora	"Can people with diabetes and neuropathy wear Crocs?" / "What are the best shoes for people with peripheral neuropathy?"	https://www.quora.com/Can-people-with-diabetes-and-neuropathy-wear-Crocs ; https://www.quora.com/What-are-the-best-shoes-for-people-with-peripheral-neuropathy	T3	2026-09-04	«Foot doc said no to them» против «For me personally the most comfortable shoes are my Crocs»	MEDIUM (прямое расхождение мнений пользователей, не сглажено)	канал: firecrawl_search; запрос V35 `site:quora.com diabetes neuropathy crocs wear barefoot`, 10 результатов
C3_keywords_apps_amazon_quora.md	C3-042	На Amazon минимум 4 из 10 карточек диабетической обуви (линейка DARCO GentleStep) явно маркированы кодом Medicare A5500	4 из 10	листингов в выдаче	2026	число результатов `firecrawl_search`, limit 10	Amazon	DARCO GentleStep Diabetic Extra-Depth Comfort Shoes	https://www.amazon.com/clp/B075G34D1N	T3	2026-09-04	«Black Medicare Approved A5500. Elderly Foot Pain Relief Neuropathy - Black Medicare Approved»	HIGH	канал: firecrawl_search; запрос V36 `site:amazon.com diabetic shoes neuropathy medicare approved`; усиливает исходную формулировку раздела 1
C3_keywords_apps_amazon_quora.md	C3-043	Приложение Stelo by Dexcom на Google Play имеет низкий рейтинг 2.0 и жалобы на потерю связи с сенсором после обновления	1345	оценок (рейтинг 2.0)	2026	счётчик рейтинга на странице Google Play	Google Play	Stelo by Dexcom	https://play.google.com/store/apps/details?id=com.dexcom.stelo	T3	2026-09-04	«Rating 2.0(1,345)... Absolutely hate the new app. It loses connection to my sensor far more often than the previous version»	HIGH	канал: firecrawl_search; запрос V38 `site:play.google.com stelo dexcom rating reviews connection`; число и цитата дословно совпали с разделом 1
C3_keywords_apps_amazon_quora.md	C3-044	Google Play прямо ограничивает совместимость приложения Dexcom G7 «выбранными Android-устройствами» со ссылкой на страницу совместимости производителя	-	-	2026	дословное совпадение фрагмента (описание приложения)	Google Play	Dexcom G7	https://play.google.com/store/apps/details?id=com.dexcom.g7	T3-производитель	2026-09-04	«The Dexcom G7 Android app is compatible with select Android devices only. To view a list of compatible devices, visit dexcom.com/compatibility»	HIGH	канал: firecrawl_search; запрос V39 `site:play.google.com dexcom g7 android compatible devices pairing`; число оценок «3.3(13,933)», дословно совпало с разделом 1
C3_keywords_apps_amazon_quora.md	C3-045	Карточка Contour Next One на Amazon переоткрыта и заявляет совместимость по Bluetooth с iOS и Android, но агрегированный блок «Customers say» про проблемы Android-подключения повторно не отображён	-	-	2026	дословное совпадение фрагмента (частично не совпало)	Amazon	CONTOUR NEXT ONE Blood Glucose Monitoring System All-in-One Kit	https://www.amazon.com/CONTOUR-Glucose-Monitoring-System-Diabetes/dp/B08FV1SVSW	T3	2026-09-04	«BLUETOOTH ENABLED: Seamlessly connect wireless system with free app via bluetooth technology ... compatible with Apple Health on a compatible iOS or Android...»	MEDIUM (страница открыта, но конкретная фраза «issues with Android compatibility and pairing problems» из раздела 1 в этой сессии не переподтверждена - см. 1.1)	канал: firecrawl_search; запрос V40 `site:amazon.com contour next one bluetooth android compatibility customers say`
C4_clinical_adjacency.md	C4-001	Пожизненный риск язвы стопы у людей с диабетом составляет 19-34%.	19-34	%	н/д в сниппете (обзор)	lifetime risk of foot ulcer, люди с диабетом	мир	Etiology, Epidemiology, and Disparities in the Burden of Diabetic Foot Ulcers (PMC9797649)	https://pmc.ncbi.nlm.nih.gov/articles/PMC9797649/	T1	2026-09-04	"The lifetime risk of foot ulcer is 19% to 34%, and this number is rising with increased longevity and medical complexity of people with diabetes."	HIGH (согласуется с PMC7919962: "between 19% and 34%")	firecrawl_research (абстракт)
C4_clinical_adjacency.md	C4-002	CDC рекомендует проверять стопы ежедневно даже без симптомов.	-	-	страница CDC, дата не в фрагменте	рекомендация	США	CDC "Your Feet and Diabetes"	https://www.cdc.gov/diabetes/diabetes-complications/diabetes-and-your-feet.html	T1 (гос.)	2026-09-04	"Check your feet every day, even if they feel fine."	HIGH (NIDDK: "Get a foot checkup at each visit with your health care team.")	firecrawl_search site:cdc.gov
C4_clinical_adjacency.md	C4-003	Около половины людей с диабетом имеют ту или иную форму повреждения нервов (CDC).	~50	%	страница CDC	доля людей с диабетом с nerve damage	США	CDC "Your Feet and Diabetes"	https://www.cdc.gov/diabetes/diabetes-complications/diabetes-and-your-feet.html	T1 (гос.)	2026-09-04	"About half of all people with diabetes have some kind of nerve damage."	HIGH (PMC6755905: "nearly 50% of adults with diabetes during their lifetime")	firecrawl_search
C4_clinical_adjacency.md	C4-004	Диабетическая ретинопатия - ведущая причина слепоты среди взрослых трудоспособного возраста в мире.	-	-	н/д в сниппете	leading cause of blindness, working-age adults	мир	Fundamental principles of an effective diabetic retinopathy screening program (PMC7311555)	https://pmc.ncbi.nlm.nih.gov/articles/PMC7311555/	T1	2026-09-04	"Diabetic retinopathy (DR) is the leading cause of blindness among working-age adults worldwide."	HIGH (PMC3491270 аналогично)	firecrawl_research
C4_clinical_adjacency.md	C4-005	Diabetes UK выносит в FAQ вопрос, ослепнут ли люди с диабетом.	-	-	страница	заголовок FAQ	Великобритания	Diabetes UK "Diabetes misconceptions and frequently asked questions"	https://www.diabetes.org.uk/about-diabetes/diabetes-misconceptions-and-faqs	T2	2026-09-04	"Question: Do people living with diabetes eventually go blind?"	HIGH (дословный заголовок; ADA FAQ "How is diabetes-related eye disease detected?")	firecrawl_search site:diabetes.org.uk; на той же странице: "Is it safe to drive if you have diabetes?", "Are people living with diabetes more likely to get colds and other illnesses?"
C4_clinical_adjacency.md	C4-006	Диабетическая периферическая нейропатия затрагивает почти 50% взрослых с диабетом в течение жизни.	~50	%	обзор, н/д	lifetime prevalence DPN	мир	Epidemiology of Peripheral Neuropathy and Lower Extremity Disease in Diabetes (PMC6755905)	https://pmc.ncbi.nlm.nih.gov/articles/PMC6755905/	T1	2026-09-04	"Diabetic peripheral neuropathy eventually affects nearly 50% of adults with diabetes during their lifetime"	HIGH (PMC13100364: "affecting up to 50% of patients")	firecrawl_research
C4_clinical_adjacency.md	C4-007	До 50% пациентов с T1D и T2D при субоптимальном контроле имеют замедленное опорожнение желудка.	до 50	%	обзор, н/д	delayed gastric emptying при субоптимальном контроле	н/д	Diabetic Gastroparesis (PMC6736218)	https://pmc.ncbi.nlm.nih.gov/articles/PMC6736218/	T1	2026-09-04	"Up to 50% of patients with type 1 and type 2 DM and suboptimal glycemic control have delayed gastric emptying (GE)"	MEDIUM (расходится с pmid:28128051 "close to 5 % in type 1 diabetes and 1 % in type 2" - иная метрика: клинический гастропарез)	firecrawl_research; расхождение показано
C4_clinical_adjacency.md	C4-008	Кардинальные симптомы диабетического гастропареза - тошнота, раннее насыщение, вздутие, рвота.	-	-	н/д	симптомы	н/д	Diabetic Gastroparesis: Perspectives From a Patient and Health Care Providers (PMC6676757)	https://pmc.ncbi.nlm.nih.gov/articles/PMC6676757/	T1	2026-09-04	"The cardinal symptoms of diabetic gastroparesis are nausea, early satiety, bloating, and vomiting."	HIGH (ADA: "causing vomiting and bloating. This condition, called gastroparesis")	firecrawl_research
C4_clinical_adjacency.md	C4-009	Глобальная объединённая распространённость NAFLD/MASLD среди пациентов с T2D - 65.33%.	65.33 (95% CI 62.35-68.18)	%	мета-анализ, публикация 2024	pooled prevalence NAFLD/MASLD у T2D	мир	The Global Epidemiology of NAFLD and NASH Among Patients With Type 2 Diabetes (pmid:38521116)	https://pubmed.ncbi.nlm.nih.gov/38521116/	T1	2026-09-04	"The global pooled prevalence of NAFLD/MASLD among patients with T2D was 65.33% (95% confidence interval, 62.35%-68.18%)."	MEDIUM (один T1; Mayo подтверждает связь качественно)	firecrawl_research
C4_clinical_adjacency.md	C4-010	Распространённость ОАС у кандидатов на бариатрию с BMI 35-39.9 составила 71%.	71	%	н/д (США, one center)	prevalence OSA, BMI 35-39.9, кандидаты на бариатрию	США	Prevalence of sleep apnea in morbidly obese patients who presented for weight loss surgery evaluation (pmid:18807673)	https://pubmed.ncbi.nlm.nih.gov/18807673/	T1	2026-09-04	"The prevalence of OSA in the severely obese group (BMI 35-39.9 kg/m2) was 71 per cent."	MEDIUM (PMC3365234: "More than 40% of these patients have severe OSA." - другая выборка)	firecrawl_research
C4_clinical_adjacency.md	C4-011	ОАС "грубо недодиагностировано" у пациентов с морбидным ожирением перед бариатрией.	-	-	н/д	вывод исследования	н/д	Potentially life-threatening sleep apnea is unrecognized without aggressive evaluation (pmid:17320536)	https://pubmed.ncbi.nlm.nih.gov/17320536/	T1	2026-09-04	"OSA is grossly underdiagnosed in patients with morbid obesity presenting for bariatric surgery."	HIGH (PMC3365234 "underrecognized and underdiagnosed"; pmid:21925966 "significantly underdiagnosed")	firecrawl_research
C4_clinical_adjacency.md	C4-012	OAC называет ожирение ведущим фактором риска ОАС.	-	-	страница	-	США	Obesity Action Coalition "Breathe Easy: A Closer Look at Sleep Apnea"	https://www.obesityaction.org/resources/sleep-apnea/	T2	2026-09-04	"Obesity is a leading risk factor for obstructive sleep apnea."	HIGH (Mayo: "People with obesity are more likely to have sleep apnea")	firecrawl_search
C4_clinical_adjacency.md	C4-013	Не менее половины женщин с PCOS имеют инсулинорезистентность независимо от ожирения.	>=50	%	н/д	доля женщин с PCOS с ИР	н/д	Understanding the underlying metabolic abnormalities of polycystic ovary syndrome (pmid:9855615)	https://pubmed.ncbi.nlm.nih.gov/9855615/	T1	2026-09-04	"Independent of obesity, at least half of affected women have insulin resistance."	MEDIUM (старая работа; PMC5766352 подтверждает качественно)	firecrawl_research
C4_clinical_adjacency.md	C4-014	Мета-анализ 23 исследований (319 780 женщин) связывает риск T2D при PCOS с ожирением.	23 / 319 780	исследований / женщин	публикация 2021	число исследований/участниц	мир	Risk of type 2 diabetes mellitus in polycystic ovary syndrome is associated with obesity (pmid:34176074)	https://pubmed.ncbi.nlm.nih.gov/34176074/	T1	2026-09-04	"The eligibility criteria were fulfilled by 23 studies (319,780…"	MEDIUM (сниппет обрывается; RR не получен)	firecrawl_research
C4_clinical_adjacency.md	C4-015	Общая распространённость диабетического дистресса при T2D - 36% (55 исследований, n=36 998).	36	%	мета-анализ 2017	prevalence diabetes distress, T2D	мир	The prevalence of diabetes-specific emotional distress in people with Type 2 diabetes (pmid:28799294)	https://pubmed.ncbi.nlm.nih.gov/28799294/	T1	2026-09-04	"demonstrated an overall prevalence of 36% for diabetes distress in people with Type 2 diabetes"	HIGH (CDC: "33% to 50% of people with diabetes have diabetes distress")	firecrawl_research
C4_clinical_adjacency.md	C4-016	В 2021 г. более половины взрослых США с диабетом имели диабетический дистресс (7% тяжёлый, 24% умеренный).	>50; 7; 24	%	2021	prevalence DD, взрослые США с диагностированным диабетом	США	CDC PCD "Diabetes Distress Among US Adults With Diagnosed Diabetes, 2021"	https://www.cdc.gov/pcd/issues/2025/24_0287.htm	T1 (гос./рецензируемое)	2026-09-04	"In 2021, more than half of US adults with diabetes had diabetes distress, including 7% with severe diabetes distress and 24% with moderate diabetes distress."	HIGH	firecrawl_search site:cdc.gov
C4_clinical_adjacency.md	C4-017	Люди с диабетом в 2-3 раза чаще имеют депрессию (CDC).	2-3	раз	страница CDC	относительная частота депрессии	США	CDC "Diabetes and Mental Health"	https://www.cdc.gov/diabetes/living-with/mental-health.html	T1 (гос.)	2026-09-04	"People with diabetes are 2 to 3 times more likely to have depression than people without diabetes."	HIGH (pmid:25995123: "roughly 20% of people with diabetes worldwide")	firecrawl_search
C4_clinical_adjacency.md	C4-018	Ожирение на исходном уровне повышает риск развития депрессии (OR 1.55).	1.55 (95% CI 1.22-1.98)	OR	мета-анализ 2010	odds ratio onset of depression, лонгитюдные исследования	мир	Overweight, obesity, and depression: a systematic review and meta-analysis of longitudinal studies (pmid:20194822)	https://pubmed.ncbi.nlm.nih.gov/20194822/	T1	2026-09-04	"Obesity at baseline increased the risk of onset of depression at follow-up (unadjusted OR, 1.55; 95% confidence interval [CI], 1.22-1.98; P < .001)."	HIGH (pmid:27208458: "who were obese had an 18% increased risk of being depressed (RR: 1.18")	firecrawl_research
C4_clinical_adjacency.md	C4-019	Диабет даёт 1.25-1.91-кратный избыточный риск когнитивных расстройств (144 проспективных исследования).	1.25-1.91	кратность	мета-анализ 2019	excess risk cognitive impairment and dementia	мир	Diabetes mellitus and risks of cognitive impairment and dementia (pmid:31430566)	https://pubmed.ncbi.nlm.nih.gov/31430566/	T1	2026-09-04	"Diabetes conferred a 1.25- to 1.91-fold excess risk for cognitive disorders (cognitive impairment and dementia)."	MEDIUM (один T1; PMC12434444 - о гипогликемии)	firecrawl_research
C4_clinical_adjacency.md	C4-020	ADA: кожные проблемы иногда первый признак диабета; acanthosis nigricans - коричневые участки на шее/подмышках/паху.	-	-	страница	-	США	ADA "Diabetes and Skin Complications"	https://diabetes.org/about-diabetes/complications/skin-complications	T2	2026-09-04	"Acanthosis nigricans is a condition in which tan or brown raised areas appear on the sides of the neck, armpits, and groin."	HIGH (pmid:10212845: "clinical surrogate of laboratory-documented hyperinsulinemia")	firecrawl_search; полный текст страницы
C4_clinical_adjacency.md	C4-021	Пародонтит рассматривается как 6-е основное осложнение диабета.	6	порядковый номер	обзор 2024	-	н/д	Periodontitis: An often-neglected complication of diabetes (PMC10999051)	https://pmc.ncbi.nlm.nih.gov/articles/PMC10999051/	T1	2026-09-04	"resulting in periodontal disease being considered as the 6th major complication of diabetes mellitus (DM)"	HIGH (pmid:34238654: "Periodontitis has been defined as the Sixth complication of Diabetes Mellitus."; IDF глоссарий включает periodontitis в микрососудистые осложнения)	firecrawl_research + firecrawl_search site:idf.org
C4_clinical_adjacency.md	C4-022	У мужчин с диабетом троекратно повышен риск эректильной дисфункции.	3	кратность	обзор 2014	относительный риск ЭД	н/д	Diabetes and sexual dysfunction: current perspectives (PMC3949699)	https://pmc.ncbi.nlm.nih.gov/articles/PMC3949699/	T1	2026-09-04	"a threefold increased risk of erectile dysfunction was documented in diabetic men, as compared with nondiabetic men."	HIGH (NIDDK: "Sexual and bladder problems are more common in people with diabetes.")	firecrawl_research
C4_clinical_adjacency.md	C4-023	Сексуальная дисфункция выявлена у 68% женщин с T2D против 17% в контроле (215 пациентов, 183 контроля).	68 vs 17	%	публикация 2017	доля с сексуальной дисфункцией	н/д (одноцентровое)	Relationships of Sexual Dysfunction with Depression and Acceptance of Illness in Women and Men with T2DM (PMC5615610)	https://pmc.ncbi.nlm.nih.gov/articles/PMC5615610/	T1	2026-09-04	"A sexual dysfunction was found in 68% of the studied diabetic women and 17% of controls."	MEDIUM (малая выборка; страна не в сниппете)	firecrawl_research
C4_clinical_adjacency.md	C4-024	NIDDK выносит в FAQ вопросы о сексуальных и мочевых проблемах при диабете.	-	-	страница, "Last Reviewed June 2018"	заголовки	США	NIDDK "Diabetes, Sexual, & Bladder Problems"	https://www.niddk.nih.gov/health-information/diabetes/overview/preventing-problems/sexual-bladder-problems	T1 (гос.)	2026-09-04	"Can sexual and bladder problems be symptoms of diabetes?"	HIGH (дословные заголовки; также "What sexual problems can men with diabetes have?", "What bladder problems can men and women with diabetes have?")	firecrawl_search
C4_clinical_adjacency.md	C4-025	Самые частые нежелательные явления SGLT2 - генитальные и мочевые инфекции.	-	-	обзор 2025	-	н/д	SGLT2 inhibitors use and the risks of genital and urinary tract infection (PMC12306871)	https://pmc.ncbi.nlm.nih.gov/articles/PMC12306871/	T1	2026-09-04	"their use is also linked to the concern of some adverse events, the most common being genital and urinary tract infections (UTIs)."	HIGH (pmid:40849605: "elevated risk of genitourinary infections")	firecrawl_research
C4_clinical_adjacency.md	C4-026	В США 2015 г. 61.6% взрослых с диабетом привились от гриппа за прошедший год, 52.6% - от пневмококка.	61.6; 52.6	%	2015	vaccination coverage, adults 18+ with diagnosed diabetes, NHIS	США	Vaccination Coverage Among Adults With Diagnosed Diabetes: United States, 2015 (pmid:27930282)	https://pubmed.ncbi.nlm.nih.gov/27930282/	T1	2026-09-04	"Among adults aged 18 and over with diagnosed diabetes, 61.6% had an influenza vaccine in the past year."	HIGH (CDC перечисляет пневмококковую вакцину под "Diabetes, type 1 and type 2")	firecrawl_research + firecrawl_search site:cdc.gov
C4_clinical_adjacency.md	C4-027	Консенсусные панели признали достаточными доказательства причинной связи избыточной жировой массы с 13 видами рака.	13	видов рака	обзор 2023	sufficient evidence (IARC/WCRF)	мир	Excess body fatness and cancer risk: a summary of the epidemiologic evidence (pmid:36918326)	https://pubmed.ncbi.nlm.nih.gov/36918326/	T1	2026-09-04	"13 cancers have sufficient evidence and biologic plausibility linking excess body fatness as a cause of cancer"	HIGH (pmid:30445141: "at least 13 anatomic sites"; Mayo перечисляет 13 локализаций)	firecrawl_research
C4_clinical_adjacency.md	C4-028	У пациентов с диабетом существенно повышен риск рака печени (RR=2.1).	2.1	RR	мета-анализ CARING	н/д	CARING: association of diabetes mellitus and cancer risk (PMC5421136)	https://pmc.ncbi.nlm.nih.gov/articles/PMC5421136/	T1	2026-09-04	"Diabetes patients were at a substantially increased risk of liver (RR=2.1), and pancreas…"	MEDIUM (pmid:42250282 подтверждает качественно: "breast, colorectum, endometrium, liver, pancreas, and gallbladder")	firecrawl_research	
C4_clinical_adjacency.md	C4-029	Пожизненный риск симптоматического остеоартрита колена у людей с ожирением - 60%.	60	%	публикация 2021	lifetime risk symptomatic knee OA	н/д	Comparative efficacy of different weight loss treatments on knee osteoarthritis (pmid:33855769)	https://pubmed.ncbi.nlm.nih.gov/33855769/	T1	2026-09-04	"The lifetime risk of developing symptomatic knee osteoarthritis is 60% in subjects with obesity."	MEDIUM (одно упоминание в абстракте; Mayo подтверждает связь качественно)	firecrawl_research
C4_clinical_adjacency.md	C4-030	ГЭРБ - серьёзная проблема после рукавной резекции и фактор риска пищевода Барретта.	-	-	мета-анализ 2024	-	мир	Risk of De Novo Barrett's Esophagus Post Sleeve Gastrectomy (pmid:39059544)	https://pubmed.ncbi.nlm.nih.gov/39059544/	T1	2026-09-04	"Gastroesophageal reflux disease (GERD) is a major concern in patients undergoing SG and is a risk factor for Barrett's esophagus (BE)."	HIGH (PMC10455448, pmid:32798535 аналогично)	firecrawl_research
C4_clinical_adjacency.md	C4-031	Выпадение волос после лапароскопической рукавной резекции наблюдалось у 56% пациентов (46% женщин, 10% мужчин).	56; 46; 10	%	публикация 2018	prevalence hair loss after LSG	н/д	Hair Loss After Laparoscopic Sleeve Gastrectomy (pmid:30062467)	https://pubmed.ncbi.nlm.nih.gov/30062467/	T1	2026-09-04	"Hair loss was observed in 56% of patients and particularly in 46% in females and in 10% in males."	MEDIUM (pmid:24887725: "Sixteen patients (41%) reported hair loss" - другая выборка)	firecrawl_research
C4_clinical_adjacency.md	C4-032	Дампинг-синдром - частое известное нежелательное явление после бариатрии.	-	-	систематический обзор 2023	-	н/д	Dumping syndrome after bariatric surgery: prevalence, pathophysiology and role in weight reduction (pmid:37814558)	https://pubmed.ncbi.nlm.nih.gov/37814558/	T1	2026-09-04	"Dumping syndrome is a frequent and wellknown adverse event after bariatric surgery and covers a dynamic spectrum of early and late dumping."	HIGH (pmid:27749997, PMC11706738 аналогично)	firecrawl_research
C4_clinical_adjacency.md	C4-033	Риск расстройств употребления алкоголя повышен после бариатрии, особенно после RYGB.	-	-	обзор	-	н/д	Increased risk of alcohol use disorders after bariatric surgery (pmid:27188054)	https://pubmed.ncbi.nlm.nih.gov/27188054/	T1	2026-09-04	"After bariatric surgery the risk of alcohol use disorders is increased. This risk is greater after Roux-en-Y gastric bypass"	HIGH (pmid:32890386, pmid:26449524 аналогично)	firecrawl_research
C4_clinical_adjacency.md	C4-034	Около 1/5 пациентов через 5 лет после бариатрии набрали более 15% массы тела.	1/5	доля	публикация 2022	regained >15% body weight, 5 лет	н/д	Patients' Experiences of Weight Regain After Bariatric Surgery (PMC8986695)	https://pmc.ncbi.nlm.nih.gov/articles/PMC8986695/	T1	2026-09-04	"an estimated 1/5 of patients have regained more than 15% of their body weight 5 years post-surgery."	MEDIUM (оценка во вводной части абстракта)	firecrawl_research
C4_clinical_adjacency.md	C4-035	Новые желчные камни - у 10-12% после 8-16 недель низкокалорийной диеты и >30% в течение 12-18 месяцев после (бариатрии).	10-12; >30	%	публикация ~2000 (PMID 11192327)	prevalence new gallstones	н/д	Gallstones in obesity and weight loss (pmid:11192327)	https://pubmed.ncbi.nlm.nih.gov/11192327/	T1	2026-09-04	"the prevalence of new gallstones reaches 10-12% after 8-16 weeks of low-calorie diet and more than 30% within 12-18 months after…"	MEDIUM (pmid:25194180 подтверждает качественно)	firecrawl_research; фрагмент обрывается
C4_clinical_adjacency.md	C4-036	ESPEN/EASO определяют саркопеническое ожирение как сочетание избытка жира и низкой мышечной массы/функции.	-	-	2022	определение	Европа	Definition and Diagnostic Criteria for Sarcopenic Obesity: ESPEN and EASO Consensus Statement (PMC9210010)	https://pmc.ncbi.nlm.nih.gov/articles/PMC9210010/	T1	2026-09-04	"Co-existence of excess adiposity and low muscle mass/function is referred to as sarcopenic obesity (SO), a condition increasingly recognized for its clinical and functional features"	HIGH (pmid:35227529 - та же публикация в другом журнале)	firecrawl_research
C4_clinical_adjacency.md	C4-037	Потеря безжировой мягкой ткани составила 26-40% потерянного веса в недавних испытаниях GLP-1/GIP.	26-40	% от потери веса	публикация 2025	lean soft tissue loss share	н/д	Preservation of lean soft tissue during weight loss induced by GLP-1 and GLP-1/GIP receptor agonists (PMC12536186)	https://pmc.ncbi.nlm.nih.gov/articles/PMC12536186/	T1	2026-09-04	"lean soft tissue loss comprised 26%-40% of weight loss in recent trials."	HIGH (pmid:40289060: "15-40% of total weight lost"; Endocrine Society ENDO 2025: "Approximately 40%")	firecrawl_research + firecrawl_search site:endocrine.org
C4_clinical_adjacency.md	C4-038	Липедема - хроническое недодиагностируемое заболевание жировой ткани, ошибочно принимаемое за ожирение.	-	-	систематический обзор 2026	-	н/д	Lipedema Diagnosis, Clinical Manifestations, and Therapeutics: A Systematic Review (PMC13436241)	https://pmc.ncbi.nlm.nih.gov/articles/PMC13436241/	T1	2026-09-04	"Misdiagnosis as obesity or lymphedema delays care and increases morbidity."	HIGH (PMC5055019, pmid:27715138 аналогично)	firecrawl_research
C4_clinical_adjacency.md	C4-039	Дети/подростки с ожирением примерно в 5 раз чаще имеют ожирение во взрослом возрасте; ~80% подростков с ожирением остаются с ним.	5; 80	кратность; %	мета-анализ 2016	risk of adult obesity	мир	Predicting adult obesity from childhood obesity (pmid:26696565)	https://pubmed.ncbi.nlm.nih.gov/26696565/	T1	2026-09-04	"Obese children and adolescents were around five times more likely to be obese in adulthood than those who were not obese."	HIGH (PMC7141944: 80% детей с тяжёлым ожирением -> ожирение II/III ст.)	firecrawl_research
C4_clinical_adjacency.md	C4-040	Относительный риск T2D у женщин с ГСД в анамнезе почти в 10 раз выше (RR 9.51).	9.51 (95% CI 7.14-12.67)	RR	мета-анализ 2020	RR incidence T2DM, GDM vs controls	мир	Progression to type 2 diabetes in women with a known history of gestational diabetes (PMC7218708)	https://pmc.ncbi.nlm.nih.gov/articles/PMC7218708/	T1	2026-09-04	"The overall relative risk for T2DM was almost 10 times higher in women with previous GDM than in healthy controls"	HIGH по направлению, расхождение в величине (PMC9582268: RR=6.43 при IADPSG-критериях)	firecrawl_research; расхождение показано
C4_clinical_adjacency.md	C4-041	ГСД затрагивает до 9% беременностей в США ежегодно (ADA).	до 9	% беременностей	страница ADA	-	США	ADA "Gestational Diabetes"	https://diabetes.org/living-with-diabetes/pregnancy/gestational-diabetes	T2	2026-09-04	"Gestational diabetes (GDM)—diabetes diagnosed during pregnancy—affects up to 9% of pregnancies in the U.S. each year, so know you're not alone."	LOW (один T2, первичный источник цифры не открыт)	firecrawl_search
C4_clinical_adjacency.md	C4-042	Менопауза связана с ростом общего и абдоминального жира, но прибавка веса per se не объясняется менопаузой.	-	-	обзор 2012	-	н/д	Understanding weight gain at menopause (pmid:22978257)	https://pubmed.ncbi.nlm.nih.gov/22978257/	T1	2026-09-04	"the change in the hormonal milieu at menopause is associated with an increase in total body fat and an increase in abdominal fat"	HIGH (PMC8372653: "Visceral and gynoid fat began increasing at the MT, annualized changes were 6.24% and 2.03%")	firecrawl_research
C4_clinical_adjacency.md	C4-043	Явный гипотиреоз связан лишь с умеренной прибавкой веса; при ожирении ТТГ часто повышен без болезни щитовидной железы.	-	-	обзоры 2016, 2026	-	н/д	Hypothyroidism and obesity: An intriguing link (PMC4911848); Obesity-related thyroid reflections (PMC13386241)	https://pmc.ncbi.nlm.nih.gov/articles/PMC4911848/ ; https://pmc.ncbi.nlm.nih.gov/articles/PMC13386241/	T1	2026-09-04	"Overt hypothyroidism is associated with modest weight gain, but there is a lack of clarity regarding subclinical hypothyroidism."	HIGH (два T1 согласуются)	firecrawl_research
C4_clinical_adjacency.md	C4-044	Антипсихотики, глюкокортикоиды, бета-блокаторы, ТЦА, антигистаминные, инсулин и др. входят в классы препаратов, вызывающих прибавку веса.	-	-	обзор 2024	-	н/д	Pharmacotherapy causing weight gain and metabolic alteration (PMC11057385)	https://pmc.ncbi.nlm.nih.gov/articles/PMC11057385/	T1	2026-09-04	"including antipsychotics, glucocorticoids, beta-adrenergic blockers, tricyclic antidepressants, antihistamines, insulin, neuropathic agents, sleep agents, and steroids"	HIGH (PMC6109660 согласуется)	firecrawl_research
C4_clinical_adjacency.md	C4-045	Глюкокортикоиды приводят к гипергликемии в 30% случаев, с профилем "норма натощак / высокий после обеда".	30	%	обзор 2023	доля случаев гипергликемии на ГК	н/д	Glucocorticoid-induced hyperglycemia and diabetes: Practical points (pmid:36967046)	https://pubmed.ncbi.nlm.nih.gov/36967046/	T1	2026-09-04	"Glucocorticoids are widely used in medical practice for their anti-inflammatory action, but lead to hyperglycemia in 30% of cases"	MEDIUM (pmid:27960015: "Steroid diabetes occurs in 20% (range 10-60%)" - расхождение показано; профиль подтверждают pmid:42394455, pmid:30299889)	firecrawl_research
C4_clinical_adjacency.md	C4-046	Консенсус 2021 определяет ремиссию T2D как HbA1c <6.5% через >=3 месяца после отмены сахароснижающей терапии.	<6.5 (48 mmol/mol); >=3	%; месяцев	2021	определение ремиссии	мир (ADA/EASD/Diabetes UK и др.)	Consensus Report: Definition and Interpretation of Remission in Type 2 Diabetes (PMC8929179)	https://pmc.ncbi.nlm.nih.gov/articles/PMC8929179/	T1	2026-09-04	"HbA1c <6.5% (48 mmol/mol) measured at least 3 months after cessation of glucose-lowering pharmacotherapy as the usual diagnostic criterion."	HIGH (та же формулировка в pmid:34460965, PMC8825709, pmid:34458934)	firecrawl_research
C4_clinical_adjacency.md	C4-047	В DiRECT через 2 года средняя потеря веса 7.6 кг и 36% участников в ремиссии T2D.	7.6; 36	кг; %	2 года (публикация 2024, 5-летнее продолжение)	remission rate, интервенционная группа	Великобритания (Шотландия, Тайнсайд)	5-year follow-up of the randomised Diabetes Remission Clinical Trial (DiRECT) (pmid:38423026)	https://pubmed.ncbi.nlm.nih.gov/38423026/	T1	2026-09-04	"weight management intervention after 2 years resulted in mean weight loss of 7·6 kg, with 36% of participants in remission of type 2 diabetes."	HIGH (pmid:32870520 описывает TDR 825-853 ккал/день; Diabetes UK описывает 12-недельную программу soups and shakes)	firecrawl_research + firecrawl_search
C4_clinical_adjacency.md	C4-048	В застрахованной популяции США лишь 3.2% оценённых на ремиссию соответствовали определению 2021 г.	3.2 (10 694)	% (чел.)	публикация 2023	доля с ремиссией по консенсусу 2021	США	Real-World Prevalence of Type 2 Diabetes Remission in a U.S. Insured Population (PMC10425229)	https://pmc.ncbi.nlm.nih.gov/articles/PMC10425229/	T1	2026-09-04	"Of those assessed for remission, 10,694 (3.2%) met the 2021 consensus statement definition."	MEDIUM (один T1)	firecrawl_research
C4_clinical_adjacency.md	C4-049	Diabetes UK не использует термин "reversal" и объясняет почему.	-	-	страница	-	Великобритания	Diabetes UK "Can you reverse type 2 diabetes?"	https://www.diabetes.org.uk/about-diabetes/type-2-reverse	T2	2026-09-04	"We don't call it type 2 diabetes reversal, because this might sound like it's permanent, and there's no guarantee that your diabetes has gone forever."	HIGH (согласуется с консенсусом PMC8929179 "remission as the most appropriate descriptive term")	firecrawl_search
C4_clinical_adjacency.md	C4-050	Open-source система Loop повысила time-in-range с 67% до 73% за 6 месяцев.	67 -> 73	% TIR 70-180 mg/dL	публикация 2021	mean TIR	США (реальная практика)	A Real-World Prospective Study of the Safety and Effectiveness of the Loop Open Source AID System (PMC8080906)	https://pmc.ncbi.nlm.nih.gov/articles/PMC8080906/	T1	2026-09-04	"Mean time-in-range 70-180 mg/dL (TIR) increased from 67% ± 16% at baseline (before starting Loop) to 73% ± 13% during the 6 months"	HIGH (pmid:41566695: "TIR increased from 67.8% at baseline to 84.1% at 6 months")	firecrawl_research
C4_clinical_adjacency.md	C4-051	Diabetes UK выносит в FAQ вопрос "Is diabetes tech safe?".	-	-	страница	заголовок FAQ	Великобритания	Diabetes UK "Diabetes Tech Can't Wait - Frequently Asked Questions"	https://www.diabetes.org.uk/tech-cant-wait/faq	T2	2026-09-04	"Is diabetes tech safe?"	HIGH (дословный заголовок)	firecrawl_search
C4_clinical_adjacency.md	C4-052	Существует международный консенсус (Nat Med) о прекращении стигмы ожирения; язык "person-first" продвигают EASO и др.	-	-	2020	-	мир	Joint international consensus statement for ending stigma of obesity (PMC7154011); EASO & WONCA Europe for World Obesity Day 2025	https://pmc.ncbi.nlm.nih.gov/articles/PMC7154011/ ; https://easo.org/video/march-3-2025-easo-wonca-europe-enhancing-obesity-care/	T1 + T2	2026-09-04	"person first language says that we should use the framework of person with obesity" (EASO)	HIGH (pmid:32333880: "associated with unprecedented stigma in different settings, including during interactions with the health-care system")	firecrawl_research + firecrawl_search
C4_clinical_adjacency.md	C4-053	ADA выносит в FAQ вопрос, всегда ли избыточный вес ведёт к T2D.	-	-	страница	заголовок FAQ	США	ADA "Know Your Facts About Diabetes"	https://diabetes.org/about-diabetes/diabetes-myths	T2	2026-09-04	"Q: If you're overweight, will you always develop type 2 diabetes?"	HIGH (дословно; там же: "many people with type 2 diabetes are at a normal weight or only moderately overweight")	firecrawl_search
C4_clinical_adjacency.md	C4-054	Мета-анализ РКИ не выявил связи GLP-1 RA с панкреатитом и раком поджелудочной железы.	OR 1.24 (0.94-1.64); OR 1.28 (0.87-1.89)	MH-OR	публикация 2020	панкреатит; рак ПЖ	мир	Pancreatitis and pancreatic cancer in patients with type 2 diabetes treated with GLP-1 RA (pmid:32720500)	https://pubmed.ncbi.nlm.nih.gov/32720500/	T1	2026-09-04	"GLP-1 RA showed no association with pancreatitis (MH-OR 1.24 [0.94, 1.64]; P=0.13) and pancreatic cancer (MH-OR 1.28 [0.87, 1.89]; P=0.20)."	HIGH (pmid:32103407: Peto OR 1.05 [0.78-1.40]; pmid:42600634: OR 1.29 [0.91-1.84])	firecrawl_research
C4_clinical_adjacency.md	C4-055	FDA boxed warning не рекомендует GLP-1 RA при личном/семейном анамнезе медуллярного рака щитовидной железы или MEN2.	-	-	публикация 2024	-	США	Approach to the Patient With Thyroid Nodules: Considering GLP-1 Receptor Agonists (pmid:39400117)	https://pubmed.ncbi.nlm.nih.gov/39400117/	T1	2026-09-04	"recommends against using GLP1RA in patients with a personal or family history of medullary thyroid carcinoma (MTC)"	HIGH (pmid:42003032: "GLP-1 receptor agonists carry an FDA boxed warning for medullary thyroid carcinoma (MTC) risk")	firecrawl_research
C4_clinical_adjacency.md	C4-056	Женщинам с T2D советуют отменять GLP-1 RA за два месяца до планируемой беременности.	2	месяца	публикация 2026	-	н/д	Use of GLP-1 RA in Women with Type 2 Diabetes Before Pregnancy (pmid:42262435)	https://pubmed.ncbi.nlm.nih.gov/42262435/	T1	2026-09-04	"Women with T2D are advised to use contraception and to discontinue GLP-1RAs two months before planned pregnancy."	HIGH (pmid:41654227: "The manufacturer advises against using semaglutide within two months prior to planned pregnancy")	firecrawl_research
C4_clinical_adjacency.md	C4-057	ASA в июне 2023 рекомендовала отменять GLP-1 RA за день (ежедневные) или неделю (еженедельные) до плановой операции/ЭГДС.	1; 7	день; дней	июнь 2023	-	США	GLP-1 RA and Peri-Procedural Aspiration Risk (PMC12391755)	https://pmc.ncbi.nlm.nih.gov/articles/PMC12391755/	T1	2026-09-04	"In June 2023, the American Society of Anesthesiologists (ASA) recommended discontinuing GLP-1RAs one day (daily users) or one week (weekly users) before elective surgery"	HIGH (PMC11432656 та же формулировка; pmid:39471342 - мультиобщественное руководство 2024 ссылается на ASA 2023)	firecrawl_research; сам документ ASA (asahq.org) не открывался
C4_clinical_adjacency.md	C4-058	Удержание GLP-1 RA по ASA снижало долю пациентов с остаточным содержимым желудка (4.4% vs 12.7%).	4.4 vs 12.7	%	публикация 2024	retained gastric contents при эндоскопии	США (мультицентр)	GLP-1 RA Use Before Endoscopy Is Associated With Low Retained Gastric Contents (pmid:39016372)	https://pubmed.ncbi.nlm.nih.gov/39016372/	T1	2026-09-04	"Those with GLP1-RA held per ASA guidance (406, 49.8%) were less likely to have retained contents (4.4% vs 12.7%, P < 0.001)"	MEDIUM (один T1)	firecrawl_research
C4_clinical_adjacency.md	C4-059	Через год после отмены семаглутида 2.4 мг участники STEP 1 вернули две трети потерянного веса.	2/3	доля потерянного веса	STEP 1 extension (публикация 2022)	weight regain	мультицентр	Weight regain and cardiometabolic effects after withdrawal of semaglutide: STEP 1 trial extension (PMC9542252)	https://pmc.ncbi.nlm.nih.gov/articles/PMC9542252/	T1	2026-09-04	"One year after withdrawal of once-weekly subcutaneous semaglutide 2.4 mg and lifestyle intervention, participants regained two-thirds of their prior weight loss"	HIGH (pmid:40186344: "semaglutide/tirzepatide regained 9.69 kg (95% CI 5.78 to 13.60")	firecrawl_research
C4_clinical_adjacency.md	C4-060	Среди 67 008 Reddit-пользователей семаглутида/тирзепатида 43.5% описали >=1 побочный эффект; тошнота 36.9%, усталость 16.7%.	67 008; 43.5; 36.9; 16.7	чел.; %	май 2019 - июнь 2025	самоотчёты, 9 сабреддитов, MedDRA PT	преимущественно США (Reddit)	Self-Reported Side Effects of Semaglutide and Tirzepatide in Online Communities (arxiv:2603.12341 / doi:10.64898/2026.03.12.26348253)	https://arxiv.org/abs/2603.12341	T1 (ПРЕПРИНТ, не рецензирован)	2026-09-04	"A total of 67,008 users self-reported using these medications, and 43.5% described at least one side effect."	MEDIUM (препринт; согласуется с PMC12289294 по преобладанию ЖКТ-симптомов)	firecrawl_research read_paper (полный текст)
C4_clinical_adjacency.md	C4-061	В тех же Reddit-данных менструальные нарушения и жалобы на терморегуляцию (озноб, приливы) выделены как непризнанные потенциальные эффекты.	Intermenstrual bleeding 266 (0.9%); Chills 332 (1.1%); Alopecia 914 (3.1%)	чел. (% от 29 172 с побочными)	май 2019 - июнь 2025	MedDRA PT среди сообщивших о побочных	Reddit	то же	https://arxiv.org/abs/2603.12341	T1 (препринт)	2026-09-04	"Notably, reproductive symptoms (e.g., menstrual irregularities) and temperature-related complaints (e.g., chills, hot flashes) emerged as unrecognized potential effects."	MEDIUM (препринт; алопеция подтверждена scoping review PMC12431796)	firecrawl_research read_paper
C4_clinical_adjacency.md	C4-062	На Facebook 2022-2024 ЖКТ-события были самыми частыми в постах о GLP-1 (4.30%) и Mounjaro (5.98%).	4.30; 5.98	% постов	2022-2024	доля постов с упоминанием GI AE	США	Harnessing Facebook to Investigate Real-World Mentions of Adverse Events of GLP-1 RA (PMC12289294)	https://pmc.ncbi.nlm.nih.gov/articles/PMC12289294/	T1	2026-09-04	"Gastrointestinal (GI)-related adverse events (general term) were most prevalent for posts mentioning the GLP-1 RA class (210/4885, 4.30%) and Mounjaro (241/4031, 5.98%)."	MEDIUM	firecrawl_research
C4_clinical_adjacency.md	C4-063	Вопросы о диабете на китайском сайте 39 Health (151 589 вопросов): диагностика 34.95%, лечение 25.17%, образ жизни 21.09%, осложнения 8.00%.	34.95; 25.17; 21.09; 8.00	% вопросов	публикация 2020	распределение вопросов по 9 категориям (CNN)	Китай	Health information needs regarding diabetes mellitus in China (PMC7310401)	https://pmc.ncbi.nlm.nih.gov/articles/PMC7310401/	T1	2026-09-04	"diagnosis: 34.95%, treatment: 25.17%, lifestyle: 21.09%, complication: 8.00%, maternity-related:5.00%, prognosis: 2.59%, health provider choosing: 1.40%, prevention: 1.23%, others: 0.58%"	MEDIUM (один T1; pmid:31437971 - та же группа)	firecrawl_research
C4_clinical_adjacency.md	C4-064	В корейском SNS-сообществе самые частые вопросы - о диабете как таковом (23%), диете (22%), уровне глюкозы (19%).	23; 22; 19	% вопросов	публикация 2016	доля вопросов по темам, 264 пациента	Республика Корея	Social Networking Services-Based Communicative Care for Patients with Diabetes Mellitus in Korea (PMC5052557)	https://pmc.ncbi.nlm.nih.gov/articles/PMC5052557/	T1	2026-09-04	"The most frequent topic of posts classified as questions were about diabetes itself (23%), diet (22%), and glucose levels (19%)."	MEDIUM	firecrawl_research
C4_clinical_adjacency.md	C4-065	Интерес Google-пользователей к термину "obesity" последовательно снижался в 2004-2019.	-	относительный интерес	2004-2019	Google Trends relative interest score	мир	General Public's Information-Seeking Patterns of Topics Related to Obesity (PMC7448178)	https://pmc.ncbi.nlm.nih.gov/articles/PMC7448178/	T1	2026-09-04	"The mean relative interest score of the search term "obesity" consistently decreased with time in all four quartiles (2004-2019)"	MEDIUM	firecrawl_research; абсолютные объёмы не измерены - проверить в Google Trends/Ahrefs
C4_clinical_adjacency.md	C4-066	В 2020-2022 интерес к рекомендованным препаратам от ожирения в Google превысил интерес к хирургическим методам.	-	относительный интерес	2004-2022; 2020-2022	Google Trends RSV (benchmark "Gastric bypass surgery")	мир	Popularity of Surgical and Pharmacological Obesity Treatment Methods Searched by Google Users (PMC10899289)	https://pmc.ncbi.nlm.nih.gov/articles/PMC10899289/	T1	2026-09-04	"In 2004-2022, the topics representing recommended surgical methods numerically gained the most popularity among Google users, but in 2020-2022 the recommended drugs exceeded"	MEDIUM (PMC11622965: "Most of the search interest arose from 2022 onwards" - согласуется)	firecrawl_research
C4_clinical_adjacency.md	C4-067	Поиск "Weight loss" в Европе снижается в декабре и растёт в январе (2004-2022).	-	-	2004-2022	Google Trends, сезонность	Европа	Public interest in weight loss and diet-related topics in Europe (pmid:37434278)	https://pubmed.ncbi.nlm.nih.gov/37434278/	T1	2026-09-04	"with searches generally declining in December but increasing in January"	MEDIUM	firecrawl_research
C4_clinical_adjacency.md	C4-068	Распространённость потери слуха при T2D в исследованиях - 40.6-71.9%, значимо выше контроля.	40.6-71.9	%	мета-анализ 2026	prevalence hearing loss, T2D	мир	Type 2 Diabetes Mellitus and Hearing Loss: A Prisma Systematic Review and Meta-Analysis (PMC12574643)	https://pmc.ncbi.nlm.nih.gov/articles/PMC12574643/	T1	2026-09-04	"The prevalence of hearing loss in patients with type 2 diabetes range from 40.6% to 71.9%, which was significantly higher than in controls"	MEDIUM (pmid:29871340: "21.0%-74.6%" - широкий диапазон, показано)	firecrawl_research
C4_clinical_adjacency.md	C4-069	В T1D Exchange 31% взрослых сообщили >=1 заболевание верхней конечности (по 15% - замороженное плечо и триггерный палец).	31; 15; 15	%	публикация 2018	self-reported diagnosis, взрослые T1D	США	Cheiroarthropathy: a common disorder in patients in the T1D Exchange (pmid:30383489)	https://pubmed.ncbi.nlm.nih.gov/30383489/	T1	2026-09-04	"586 (31%) adults reported a diagnosis of ≥1 upper extremity disorder: 293 (15%) reported frozen shoulder, 293 (15%) trigger finger"	MEDIUM (PMC12453972 подтверждает качественно)	firecrawl_research
C4_clinical_adjacency.md	C4-070	У женщин с ожирением трёхкратно повышена частота ургентного недержания мочи и вдвое - стрессового.	3; 2	кратность	мета-анализ 2021	incidence UUI / SUI	н/д	Weight loss with bariatric surgery or behaviour modification and female obesity-related urine incontinence (pmid:33955687)	https://pubmed.ncbi.nlm.nih.gov/33955687/	T1	2026-09-04	"Women with obesity are at risk of pelvic floor dysfunction with a 3-fold increased incidence of urge urinary incontinence (UUI)"	MEDIUM (pmid:31860569 AUGS подтверждает связь качественно)	firecrawl_research
C4_clinical_adjacency.md	C4-071	IDF: до 40% людей с диабетом затронуты ХБП.	до 40	%	страница IDF (ресурс "Diabetes and kidney disease")	доля людей с диабетом с CKD	мир	IDF Resources Archive	https://idf.org/news-and-resources/resources/	T1 (IDF)	2026-09-04	"Diabetes is one of the leading causes of chronic kidney disease (CKD), with up to 40% of people living with diabetes affected by CKD."	MEDIUM (страница-аннотация отчёта; сам отчёт diabetesatlas.org не открыт)	firecrawl_search site:idf.org
C4_clinical_adjacency.md	C4-072	NIDDK выносит в FAQ вопрос о рисках рецептурных препаратов для снижения веса.	-	-	страница	заголовок	США	NIDDK "Prescription Medications to Treat Overweight & Obesity"	https://www.niddk.nih.gov/health-information/weight-management/prescription-medications-treat-overweight-obesity	T1 (гос.)	2026-09-04	"What are the concerns about using prescription medications to lose weight?"	HIGH (дословный заголовок; там же: "Most weight loss takes place within the first 6 months of starting the medication.")	firecrawl_search
